transaction_id,user_id,plan_tier,monthly_spend,api_calls,response_latency_ms,error_flag
TXN_100000,202,Free,0.0,12619,90.402691732604,0
TXN_100001,535,Premium,0.0,6999,159.10953558192477,0
TXN_100002,960,Premium,29.99,10790,55.78139824274953,0
TXN_100003,370,Enterprise,29.99,9985,90.00825700739253,0
TXN_100004,206,Free,0.0,9176,110.05293727882143,0
TXN_100005,171,Free,0.0,9200,80.95229277086608,0
TXN_100006,800,Enterprise,29.99,6377,146.0613512104056,0
TXN_100007,120,Premium,0.0,13118,145.36268631707463,0
TXN_100008,714,Free,0.0,10046,88.12981438383723,0
TXN_100009,221,Free,0.0,8413,38.31600780173295,0
TXN_100010,566,Free,499.0,9286,148.2089043495532,0
TXN_100011,314,Premium,29.99,10573,123.5942397315926,0
TXN_100012,430,Premium,0.0,8398,98.15837346870357,0
TXN_100013,558,Free,0.0,8334,93.96296822430904,1
TXN_100014,187,Premium,29.99,7247,88.32867039614584,0
TXN_100015,472,Premium,499.0,10495,158.1338290951631,0
TXN_100016,199,Premium,29.99,6424,104.87066956610268,0
TXN_100017,971,Premium,0.0,8180,182.08988676304082,0
TXN_100018,763,Enterprise,0.0,8788,226.70731983056538,0
TXN_100019,230,Free,499.0,5942,149.8288769043415,0
TXN_100020,761,Enterprise,0.0,5097,221.55978560277316,0
TXN_100021,408,Free,29.99,4575,151.6824180076078,0
TXN_100022,869,Free,0.0,8141,103.67765826967914,0
TXN_100023,443,Free,0.0,8412,193.76116138170082,0
TXN_100024,591,Free,0.0,15508,112.87743758716856,0
TXN_100025,513,Free,29.99,6719,229.4297215099327,1
TXN_100026,905,Free,0.0,9264,97.1315680570531,0
TXN_100027,485,Enterprise,0.0,12311,161.9343042696412,0
TXN_100028,291,Free,0.0,9876,120.24936705852907,0
TXN_100029,376,Premium,0.0,8969,71.92782235904915,0
TXN_100030,260,Free,0.0,11588,79.78282221018132,0
TXN_100031,559,Enterprise,0.0,10746,11.874300943138053,0
TXN_100032,413,Premium,0.0,5444,117.035944066053,0
TXN_100033,121,Free,499.0,6119,143.4546962983123,0
TXN_100034,352,Premium,29.99,5537,22.596739320579474,0
TXN_100035,847,Premium,0.0,7778,-20.309132888598157,0
TXN_100036,956,Premium,0.0,13194,79.74641658198124,0
TXN_100037,660,Premium,29.99,15530,124.55961292843824,0
TXN_100038,574,Premium,0.0,10796,75.08620668444354,0
TXN_100039,158,Premium,0.0,12516,126.9569989336583,0
TXN_100040,610,Free,29.99,10169,93.62847081050262,0
TXN_100041,781,Free,499.0,11787,57.086025104498425,0
TXN_100042,575,Enterprise,29.99,16093,152.4379841374976,0
TXN_100043,799,Free,0.0,6118,133.89543631258874,0
TXN_100044,882,Free,499.0,8742,103.01066828767165,0
TXN_100045,289,Free,0.0,8001,35.483779286311986,0
TXN_100046,786,Free,499.0,9355,95.39836950766076,0
TXN_100047,662,Unknown,0.0,11325,79.07946497128894,0
TXN_100048,975,Free,0.0,9474,94.74369823590685,0
TXN_100049,666,Free,29.99,7093,80.88523873335217,0
TXN_100050,343,Premium,,7233,104.20841811466627,0
TXN_100051,931,Enterprise,499.0,9028,104.02970044344065,0
TXN_100052,604,Free,29.99,10333,158.80327751527489,0
TXN_100053,230,Free,29.99,4382,86.88496919401916,0
TXN_100054,584,Enterprise,29.99,9470,123.6123644740319,0
TXN_100055,918,Premium,29.99,8383,78.36978856861086,0
TXN_100056,746,Free,499.0,8651,86.98207943053362,0
TXN_100057,120,Free,0.0,9454,90.32734038596807,0
TXN_100058,940,Free,0.0,11903,160.34885767997588,0
TXN_100059,266,Free,,9660,102.66245924643698,1
TXN_100060,373,Free,499.0,12590,111.59016712688296,0
TXN_100061,487,Enterprise,0.0,8113,97.8354261354333,0
TXN_100062,700,Free,0.0,15875,113.16524361538318,0
TXN_100063,415,Premium,,8916,111.7084526354491,0
TXN_100064,113,Free,29.99,11026,95.1591600207603,0
TXN_100065,341,Premium,29.99,9753,32.03968305577041,0
TXN_100066,876,Premium,0.0,14700,92.70798040771768,0
TXN_100067,445,Free,499.0,13213,124.96017091269184,0
TXN_100068,664,Premium,0.0,7652,150.35890529647392,0
TXN_100069,997,Free,0.0,9227,50.78490189701084,0
TXN_100070,439,Enterprise,0.0,7984,58.8968327491674,0
TXN_100071,191,Enterprise,499.0,9765,92.03968211394861,0
TXN_100072,466,Free,29.99,4576,98.437576407624,0
TXN_100073,554,Free,499.0,7996,18.343186021447195,0
TXN_100074,527,Free,0.0,10602,118.80216323006522,0
TXN_100075,608,Premium,499.0,8165,161.68068103746194,0
TXN_100076,875,Free,499.0,6777,84.09976561619686,0
TXN_100077,1042,Free,499.0,6474,110.64757616810515,0
TXN_100078,134,Free,,12956,131.61967706962662,0
TXN_100079,305,Free,0.0,13635,110.97028740643935,0
TXN_100080,180,Premium,29.99,21127,89.43120528017543,0
TXN_100081,1031,Free,499.0,9469,91.30842026675676,0
TXN_100082,661,Premium,499.0,9333,116.1560930483972,0
TXN_100083,971,Free,29.99,4943,148.48542383534544,0
TXN_100084,487,Free,0.0,12562,118.10802650702914,0
TXN_100085,101,Premium,29.99,8234,157.10096643252155,0
TXN_100086,489,Unknown,29.99,6149,109.39214984424753,0
TXN_100087,665,Premium,0.0,12019,110.54369777856164,0
TXN_100088,205,Free,499.0,8975,171.9688107102458,0
TXN_100089,871,Free,0.0,17294,77.36488429923688,0
TXN_100090,921,Enterprise,0.0,7862,150.2628045800673,0
TXN_100091,576,Free,29.99,13184,128.801301177136,0
TXN_100092,802,Free,29.99,8302,90.73618428848184,0
TXN_100093,501,Enterprise,0.0,6335,68.46311895669743,0
TXN_100094,829,Enterprise,0.0,8234,117.48689080713964,0
TXN_100095,655,Unknown,0.0,12126,124.48547619860567,0
TXN_100096,261,Enterprise,0.0,9487,180.22874437851556,0
TXN_100097,301,Enterprise,0.0,6510,125.13007919895182,0
TXN_100098,369,Free,0.0,8160,46.330506252288274,0
TXN_100099,962,Free,0.0,11196,129.00965139945694,0
TXN_100100,915,Premium,29.99,8222,174.48041335509745,0
TXN_100101,370,Premium,499.0,14295,122.22188383506277,0
TXN_100102,555,Free,29.99,4768,132.66600764456084,1
TXN_100103,561,Free,29.99,8280,32.608791179860205,0
TXN_100104,826,Free,0.0,9389,162.15831424315337,0
TXN_100105,351,Premium,499.0,8208,80.67563766014285,0
TXN_100106,801,Free,29.99,12349,61.225032018880874,0
TXN_100107,395,Free,29.99,5199,89.16427535821094,0
TXN_100108,824,Premium,0.0,10882,122.34591167495358,0
TXN_100109,819,Premium,0.0,6625,84.06855745563588,0
TXN_100110,848,Free,29.99,6258,147.3266248287765,0
TXN_100111,437,Premium,0.0,9183,58.76586533155341,0
TXN_100112,978,Premium,499.0,11002,122.78288810623009,1
TXN_100113,152,Free,0.0,11799,77.32140963799021,0
TXN_100114,891,Free,0.0,12607,104.32731223173717,0
TXN_100115,1021,Free,29.99,16408,174.82406427138451,0
TXN_100116,316,Free,499.0,16212,129.47791550067015,0
TXN_100117,863,Enterprise,0.0,10063,-999.0,0
TXN_100118,287,Free,29.99,7973,72.10139119553108,0
TXN_100119,479,Premium,0.0,9929,104.44549616919578,0
TXN_100120,592,Free,29.99,8705,89.03901263543003,0
TXN_100121,140,Free,499.0,10272,23.6638493605236,0
TXN_100122,256,Premium,499.0,13034,131.79338293109933,0
TXN_100123,114,Free,0.0,10751,59.94950946592237,0
TXN_100124,912,Free,0.0,13252,101.99267653198908,0
TXN_100125,164,Free,29.99,5479,125.23105186015259,0
TXN_100126,956,Free,0.0,20752,85.48269637904946,0
TXN_100127,938,Premium,29.99,11536,67.47788712637691,0
TXN_100128,620,Free,29.99,15904,140.2210263662166,0
TXN_100129,443,Enterprise,0.0,10877,48.569896795910495,0
TXN_100130,228,Premium,499.0,9673,77.57187132560678,0
TXN_100131,747,Free,0.0,13027,117.56414088814597,0
TXN_100132,571,Free,,15382,109.14562335000183,0
TXN_100133,162,Free,499.0,13787,101.51754723979906,0
TXN_100134,238,Premium,29.99,8415,178.48821846151404,0
TXN_100135,598,Free,0.0,11464,140.24051761549003,0
TXN_100136,692,Enterprise,499.0,6508,149.31032473210274,0
TXN_100137,491,Free,499.0,8245,84.23221164734481,0
TXN_100138,774,Enterprise,0.0,6879,185.9574405507028,0
TXN_100139,518,Free,0.0,9724,87.45050948453716,0
TXN_100140,388,Enterprise,0.0,7648,130.99244165518502,0
TXN_100141,478,Free,,5850,128.93840441853308,0
TXN_100142,872,Free,499.0,7840,87.27037728784134,0
TXN_100143,589,Free,499.0,7269,61.47037132535583,0
TXN_100144,330,Free,499.0,9945,105.2788445599495,0
TXN_100145,140,Unknown,29.99,7933,92.86016014136221,0
TXN_100146,127,Free,0.0,10968,58.11140592191528,0
TXN_100147,234,Free,0.0,7413,85.94063931177867,0
TXN_100148,300,Premium,0.0,8571,148.12265656325147,0
TXN_100149,939,Free,29.99,11948,79.99683681737423,1
TXN_100150,879,Premium,499.0,5072,145.2127154997312,0
TXN_100151,1029,Premium,,8694,135.44158295292073,0
TXN_100152,132,Free,0.0,9453,130.17465839333903,0
TXN_100153,147,Enterprise,29.99,7800,210.91452201117016,0
TXN_100154,602,Free,29.99,8653,83.19454157565244,0
TXN_100155,506,Free,29.99,8552,132.6659849591675,1
TXN_100156,673,Premium,29.99,9743,113.07973871980806,0
TXN_100157,827,Premium,0.0,5714,114.46757616951611,0
TXN_100158,904,Free,499.0,9973,-4.189714170745162,0
TXN_100159,198,Premium,29.99,7430,84.25049024293202,0
TXN_100160,783,Free,499.0,7026,92.13155814560784,0
TXN_100161,971,Free,0.0,5979,113.8281063148041,0
TXN_100162,825,Enterprise,0.0,12228,50.39773844392553,0
TXN_100163,646,Free,0.0,7237,106.02043214433247,0
TXN_100164,838,Free,499.0,9198,-999.0,0
TXN_100165,712,Enterprise,499.0,9536,69.31135011750487,0
TXN_100166,1042,Unknown,0.0,8876,30.5520050169889,0
TXN_100167,561,Free,499.0,8455,46.85624239635078,0
TXN_100168,742,Premium,29.99,9245,94.70857830657312,0
TXN_100169,868,Premium,0.0,10932,154.73319446546708,0
TXN_100170,104,Enterprise,29.99,11478,108.5022141075207,0
TXN_100171,317,Enterprise,499.0,9277,112.89653328239685,0
TXN_100172,602,Free,0.0,6625,133.30256770994444,0
TXN_100173,866,Free,0.0,7624,73.36958878828366,0
TXN_100174,497,Free,29.99,11373,61.434478519727605,0
TXN_100175,970,Premium,0.0,6929,130.40544348142265,0
TXN_100176,894,Premium,499.0,6478,104.65687676699685,1
TXN_100177,492,Premium,29.99,14141,142.73775552606435,0
TXN_100178,306,Unknown,0.0,11654,82.03903599625431,0
TXN_100179,114,Free,0.0,12217,153.4090713114824,0
TXN_100180,957,Free,,5130,70.92675214527358,0
TXN_100181,653,Free,29.99,9903,120.44414774560896,0
TXN_100182,991,Free,29.99,8583,141.61177703335736,0
TXN_100183,560,Free,0.0,6650,74.22346633821223,1
TXN_100184,790,Free,499.0,7800,52.06680485337017,0
TXN_100185,674,Premium,0.0,18470,77.64406788933829,0
TXN_100186,963,Enterprise,29.99,8317,106.87768087752363,0
TXN_100187,842,Premium,,21732,100.26813578343449,0
TXN_100188,340,Premium,0.0,16382,172.08664982899452,0
TXN_100189,663,Free,29.99,7673,75.86004774837191,0
TXN_100190,195,Premium,0.0,9661,161.88579321590802,0
TXN_100191,999,Premium,29.99,15285,156.96264209738115,0
TXN_100192,833,Premium,0.0,6736,106.28155341226106,0
TXN_100193,584,Free,499.0,5731,35.59409389938624,0
TXN_100194,506,Free,0.0,8152,76.85511634518134,0
TXN_100195,330,Free,29.99,12343,150.3765062401578,0
TXN_100196,848,Premium,499.0,6954,105.59469186352118,0
TXN_100197,754,Enterprise,,8045,165.08925989285513,0
TXN_100198,270,Enterprise,29.99,7461,110.77501901892732,0
TXN_100199,640,Free,29.99,8406,63.12990882111266,1
TXN_100200,135,Premium,0.0,15760,120.47477456023051,0
TXN_100201,624,Enterprise,0.0,7897,200.14900807141754,0
TXN_100202,259,Free,29.99,11864,86.5194108257281,1
TXN_100203,938,Free,0.0,7028,182.23778796854648,0
TXN_100204,798,Enterprise,0.0,9021,231.41572203306507,0
TXN_100205,342,Free,0.0,11147,78.88276485469004,0
TXN_100206,185,Enterprise,29.99,14081,42.80645235862541,0
TXN_100207,895,Unknown,0.0,11890,70.95305374680093,0
TXN_100208,677,Premium,0.0,12487,71.50156863918652,0
TXN_100209,781,Enterprise,0.0,11820,88.26110620828061,0
TXN_100210,656,Premium,29.99,9858,122.40769136701145,0
TXN_100211,673,Premium,29.99,5066,28.722115554106622,0
TXN_100212,745,Free,29.99,15017,110.29603477341001,0
TXN_100213,895,Free,499.0,11381,139.76952485080432,0
TXN_100214,127,Free,0.0,7147,118.51735302877628,1
TXN_100215,719,Premium,0.0,7447,148.02831566997355,0
TXN_100216,655,Free,0.0,8917,138.70667936975107,0
TXN_100217,439,Free,29.99,8650,184.90971904511395,0
TXN_100218,897,Free,29.99,9886,79.47027340628411,0
TXN_100219,430,Premium,0.0,17064,225.485460035842,0
TXN_100220,739,Unknown,29.99,12584,79.96730439102652,0
TXN_100221,605,Unknown,29.99,13455,72.06244318496209,0
TXN_100222,447,Free,,5504,111.92676471716184,0
TXN_100223,572,Enterprise,29.99,3836,124.58808755934615,0
TXN_100224,330,Premium,29.99,11002,129.9457802046007,0
TXN_100225,289,Premium,29.99,9167,176.00117981209507,0
TXN_100226,324,Premium,,7428,212.68757738806107,0
TXN_100227,484,Free,,8253,131.61271184161413,0
TXN_100228,476,Enterprise,29.99,11769,199.52377637425639,0
TXN_100229,382,Free,29.99,13681,169.48348197337572,0
TXN_100230,732,Free,29.99,14850,29.050971379199567,0
TXN_100231,727,Premium,0.0,8132,146.07566459119266,0
TXN_100232,844,Free,29.99,11868,19.616265653491283,0
TXN_100233,358,Free,0.0,9397,167.26164674531316,0
TXN_100234,458,Premium,499.0,10352,-999.0,0
TXN_100235,809,Free,29.99,11398,162.36504683372056,0
TXN_100236,555,Premium,499.0,9429,55.94765503220036,0
TXN_100237,510,Premium,29.99,5901,144.77845503718135,0
TXN_100238,748,Premium,29.99,7367,131.3888242627403,0
TXN_100239,417,Premium,0.0,6464,90.86216660024277,0
TXN_100240,776,Premium,29.99,7924,132.2541091444667,0
TXN_100241,324,Premium,29.99,7321,81.11467158925063,0
TXN_100242,918,Premium,0.0,3313,92.8427184794673,0
TXN_100243,333,Premium,499.0,17580,161.48120360931065,0
TXN_100244,783,Premium,0.0,10741,112.96842513268768,0
TXN_100245,763,Enterprise,29.99,10624,131.2069787687207,0
TXN_100246,926,Free,0.0,10059,121.57205132064992,0
TXN_100247,473,Free,499.0,6600,135.81773403715943,0
TXN_100248,771,Enterprise,0.0,13158,122.052567368765,0
TXN_100249,707,Free,29.99,14329,23.006870735523492,0
TXN_100250,571,Free,0.0,6932,79.50190017565856,0
TXN_100251,332,Premium,0.0,9060,91.95646513179643,0
TXN_100252,791,Free,499.0,11132,34.030465643895,0
TXN_100253,212,Free,0.0,10151,121.62286212385384,0
TXN_100254,929,Unknown,29.99,13422,80.78817606806831,0
TXN_100255,596,Premium,0.0,9325,74.1619645348695,0
TXN_100256,541,Free,0.0,6089,29.301571980200762,0
TXN_100257,663,Unknown,29.99,8209,98.8724633419962,0
TXN_100258,367,Unknown,29.99,5429,129.16259877134533,0
TXN_100259,609,Free,29.99,6823,121.22218033445775,0
TXN_100260,906,Free,29.99,10098,145.15613643367402,0
TXN_100261,485,Enterprise,0.0,13325,98.20405463879962,0
TXN_100262,486,Premium,0.0,4727,160.68603638099634,0
TXN_100263,212,Premium,0.0,14702,147.94833077576166,1
TXN_100264,712,Enterprise,499.0,13959,107.09343825101152,0
TXN_100265,724,Premium,499.0,4676,105.36516849732905,0
TXN_100266,180,Free,0.0,6872,204.9006943858508,0
TXN_100267,798,Premium,0.0,13023,96.43423847429116,0
TXN_100268,212,Free,0.0,7422,196.32338732862448,0
TXN_100269,101,Premium,,7880,150.89542168175478,0
TXN_100270,741,Premium,499.0,7134,78.62485582278745,0
TXN_100271,319,Free,0.0,10940,117.23504468783233,0
TXN_100272,665,Premium,29.99,11068,95.50841574781674,0
TXN_100273,954,Free,0.0,8565,83.65388961929776,0
TXN_100274,835,Free,29.99,8163,116.43935282348536,0
TXN_100275,324,Premium,29.99,12564,83.80645990014159,0
TXN_100276,484,Free,0.0,13074,81.04101248909004,0
TXN_100277,502,Premium,499.0,11653,121.4182935964547,0
TXN_100278,737,Free,29.99,9623,164.09610549434237,0
TXN_100279,229,Premium,0.0,5095,101.65380577023782,0
TXN_100280,152,Enterprise,29.99,5547,127.03870811933484,0
TXN_100281,783,Premium,29.99,15171,126.6508536374996,0
TXN_100282,829,Free,499.0,8381,78.38429844377089,0
TXN_100283,771,Unknown,0.0,3510,179.28085078446423,0
TXN_100284,809,Free,0.0,7868,101.2379880908695,0
TXN_100285,515,Free,29.99,5006,87.15722310269321,0
TXN_100286,346,Free,29.99,4977,175.0229614653947,0
TXN_100287,935,Free,0.0,14757,134.29718947663562,0
TXN_100288,538,Unknown,,11932,159.682500555525,0
TXN_100289,302,Free,0.0,11650,75.54372643155597,0
TXN_100290,283,Premium,0.0,10918,204.51412443493518,0
TXN_100291,222,Premium,499.0,15699,61.95097723598661,0
TXN_100292,500,Free,0.0,14726,155.6548468046095,0
TXN_100293,866,Premium,0.0,6102,148.80237834228893,0
TXN_100294,393,Free,29.99,15832,112.16861675485087,0
TXN_100295,379,Free,0.0,8963,157.965419230865,0
TXN_100296,936,Free,,9546,53.65207861321166,0
TXN_100297,983,Enterprise,29.99,10259,118.28643705020085,0
TXN_100298,709,Unknown,29.99,9874,157.792482423981,0
TXN_100299,297,Free,0.0,12599,167.98957328155353,0
TXN_100300,1006,Free,0.0,14006,157.74448572954125,0
TXN_100301,610,Premium,29.99,12043,21.53563866327778,0
TXN_100302,851,Free,29.99,13206,155.8676997574712,0
TXN_100303,243,Enterprise,499.0,11026,130.64016204888978,0
TXN_100304,708,Premium,0.0,9304,180.6407550657783,0
TXN_100305,300,Free,29.99,6667,117.23232396903241,0
TXN_100306,223,Enterprise,0.0,11374,34.517702478731735,0
TXN_100307,286,Free,29.99,8697,118.27669367468786,0
TXN_100308,425,Enterprise,29.99,7063,52.816076314098325,0
TXN_100309,563,Enterprise,0.0,9388,128.42908555463498,0
TXN_100310,448,Free,29.99,4928,72.83848817251702,0
TXN_100311,870,Free,0.0,14816,180.1330848939011,0
TXN_100312,759,Unknown,29.99,11297,124.30211512517,0
TXN_100313,863,Enterprise,29.99,13684,27.183439248316674,0
TXN_100314,1031,Free,0.0,9097,180.9237693836737,0
TXN_100315,502,Enterprise,499.0,8283,225.42877466940556,0
TXN_100316,445,Free,29.99,8450,86.11254136054026,0
TXN_100317,610,Free,499.0,12532,61.75345423287737,0
TXN_100318,246,Enterprise,0.0,9897,64.78302257534199,0
TXN_100319,247,Free,499.0,8852,23.191420355479465,0
TXN_100320,963,Enterprise,0.0,7670,141.14713505423137,0
TXN_100321,810,Free,29.99,7714,88.24036338226198,0
TXN_100322,919,Premium,499.0,8485,85.25053051236759,0
TXN_100323,588,Free,0.0,7682,104.42088633522425,0
TXN_100324,1028,Premium,0.0,12035,178.9502374922793,1
TXN_100325,1035,Premium,499.0,10552,104.03367230225693,0
TXN_100326,739,Free,29.99,8696,96.38027574242412,0
TXN_100327,650,Premium,29.99,8118,72.93860195104878,0
TXN_100328,437,Free,0.0,9403,140.0163919159107,0
TXN_100329,971,Free,29.99,10922,74.41230257737645,0
TXN_100330,740,Enterprise,0.0,9942,96.83761409272476,0
TXN_100331,878,Free,499.0,13696,167.855131588548,0
TXN_100332,572,Premium,29.99,14302,56.418372655980974,0
TXN_100333,1045,Premium,29.99,9331,40.596520475964255,0
TXN_100334,250,Premium,0.0,6260,92.30309266909953,0
TXN_100335,514,Free,499.0,8416,113.3742504947636,0
TXN_100336,397,Free,29.99,14149,136.89614727549443,0
TXN_100337,710,Free,499.0,9145,113.79727074023052,0
TXN_100338,362,Premium,0.0,8079,121.02258627508324,0
TXN_100339,863,Enterprise,499.0,11348,191.91280546386753,0
TXN_100340,243,Premium,29.99,7703,140.6829455426708,0
TXN_100341,445,Free,0.0,13249,102.06583267040406,0
TXN_100342,723,Free,0.0,12179,116.04135885828386,0
TXN_100343,671,Free,0.0,13440,108.29311769661469,0
TXN_100344,980,Free,0.0,7031,155.02828502878867,0
TXN_100345,101,Free,0.0,10024,180.84173426513775,0
TXN_100346,996,Free,29.99,14593,113.42396849896684,0
TXN_100347,403,Free,29.99,12897,62.8216113563784,0
TXN_100348,353,Free,29.99,10334,172.6070986141566,0
TXN_100349,751,Free,0.0,5448,79.6335825664221,0
TXN_100350,552,Free,499.0,14985,124.04033502495113,0
TXN_100351,136,Free,499.0,10149,-0.2581728969102528,0
TXN_100352,259,Free,0.0,7513,88.42582331202418,0
TXN_100353,108,Premium,0.0,9784,152.67634317696206,0
TXN_100354,332,Free,29.99,11592,148.3138245299187,1
TXN_100355,198,Free,29.99,7422,73.88544879796434,0
TXN_100356,758,Free,29.99,999999,135.77953937527556,0
TXN_100357,915,Free,29.99,5531,7.873505387067965,0
TXN_100358,307,Free,0.0,5546,68.66521714900372,0
TXN_100359,230,Free,499.0,8333,79.12246518215107,0
TXN_100360,503,Premium,0.0,3651,162.5606853560471,0
TXN_100361,251,Free,0.0,10478,105.33957056829755,0
TXN_100362,153,Free,0.0,5884,139.404238939754,0
TXN_100363,219,Enterprise,0.0,4565,150.805586273509,0
TXN_100364,772,Free,29.99,8213,118.86129721312632,0
TXN_100365,1019,Free,29.99,11602,177.20992730689292,1
TXN_100366,727,Enterprise,,11584,80.84425812469021,0
TXN_100367,686,Enterprise,0.0,9633,128.2687774401304,0
TXN_100368,724,Free,,6600,25.600314801995424,0
TXN_100369,519,Free,29.99,10819,148.60118837532355,0
TXN_100370,521,Free,29.99,5354,145.0607733970511,0
TXN_100371,203,Free,499.0,999999,100.62137171253421,0
TXN_100372,951,Premium,29.99,8973,92.30177095822461,0
TXN_100373,353,Free,0.0,12793,167.85010545074636,0
TXN_100374,326,Free,499.0,12684,94.33712751261115,0
TXN_100375,211,Enterprise,29.99,12797,162.9027843868546,0
TXN_100376,609,Unknown,29.99,10229,96.42540885710159,0
TXN_100377,572,Free,499.0,12868,140.11003106025302,0
TXN_100378,198,Premium,0.0,12372,61.391675425675544,0
TXN_100379,252,Free,29.99,10386,93.89254859521901,0
TXN_100380,960,Enterprise,29.99,11426,124.68499795579442,0
TXN_100381,1013,Free,29.99,8892,207.4505275954956,0
TXN_100382,995,Free,0.0,8349,174.21284449051944,0
TXN_100383,977,Free,499.0,14075,104.11951857745689,0
TXN_100384,437,Free,0.0,9577,178.22835495378084,0
TXN_100385,805,Free,29.99,8830,110.04456158275893,0
TXN_100386,921,Premium,499.0,9286,151.93696725307248,0
TXN_100387,262,Premium,0.0,13685,110.22294816889948,0
TXN_100388,819,Free,0.0,12550,84.73898133414892,0
TXN_100389,780,Free,0.0,6175,97.10383931067665,0
TXN_100390,260,Free,29.99,9762,37.19188589516892,0
TXN_100391,679,Enterprise,499.0,4091,96.7780362846776,0
TXN_100392,900,Enterprise,29.99,9302,66.19345571840245,0
TXN_100393,497,Unknown,0.0,10545,134.2412685827886,0
TXN_100394,376,Enterprise,29.99,8347,156.0798365495524,0
TXN_100395,915,Free,29.99,10132,100.20614786386587,0
TXN_100396,1015,Free,0.0,12243,58.255162160210276,0
TXN_100397,603,Premium,29.99,7926,165.5314055438298,0
TXN_100398,995,Enterprise,0.0,6747,102.6401358907247,0
TXN_100399,491,Free,499.0,6250,171.48116100286325,0
TXN_100400,234,Free,0.0,9883,132.9232206670401,0
TXN_100401,294,Enterprise,0.0,9409,204.0634891165168,0
TXN_100402,500,Free,499.0,14193,110.78013401586348,0
TXN_100403,739,Free,29.99,10107,27.63954708708198,0
TXN_100404,132,Premium,0.0,4861,126.26860982172803,0
TXN_100405,787,Free,499.0,9498,76.52240753390093,0
TXN_100406,559,Free,29.99,12249,75.88111259584242,0
TXN_100407,982,Premium,0.0,8080,178.08242641988653,0
TXN_100408,569,Premium,29.99,9637,132.3818422392713,0
TXN_100409,474,Unknown,499.0,12820,87.96937766361248,0
TXN_100410,121,Free,29.99,12082,121.4506131141921,0
TXN_100411,849,Free,0.0,6872,121.1810451208517,0
TXN_100412,769,Premium,29.99,3499,35.029714403193765,0
TXN_100413,137,Premium,29.99,10813,158.63219905744603,0
TXN_100414,329,Free,499.0,12200,153.25611548713005,0
TXN_100415,464,Premium,0.0,13724,103.53650522134707,0
TXN_100416,662,Free,29.99,6279,130.25191904962642,0
TXN_100417,537,Free,0.0,8621,64.76670204111025,0
TXN_100418,875,Free,29.99,4870,205.9232095563616,0
TXN_100419,382,Free,,9635,161.5699928988548,0
TXN_100420,126,Free,0.0,12297,96.33821574302893,0
TXN_100421,325,Premium,0.0,999999,70.44933831692536,1
TXN_100422,376,Premium,29.99,8030,97.8962978346781,0
TXN_100423,897,Enterprise,29.99,9265,85.49211835322376,0
TXN_100424,708,Free,0.0,5784,138.53131724861964,0
TXN_100425,383,Free,29.99,15782,-999.0,0
TXN_100426,978,Free,499.0,13910,39.83087429557908,0
TXN_100427,580,Free,29.99,12804,100.38871639722494,0
TXN_100428,552,Premium,29.99,5459,86.95768026875797,0
TXN_100429,928,Premium,0.0,4875,156.81335710784177,0
TXN_100430,915,Premium,499.0,6224,210.81276341075318,0
TXN_100431,758,Free,0.0,10686,115.3837884015011,0
TXN_100432,615,Free,0.0,13005,124.42558654773813,0
TXN_100433,646,Free,0.0,7350,83.90378066381555,0
TXN_100434,291,Free,29.99,13890,149.97751293067986,0
TXN_100435,148,Premium,499.0,7256,110.03128621666423,0
TXN_100436,611,Unknown,0.0,14305,121.64193181046487,0
TXN_100437,116,Free,499.0,999999,157.39614900518646,0
TXN_100438,271,Premium,499.0,12931,147.53336560092913,0
TXN_100439,319,Premium,29.99,13100,107.39422198511173,0
TXN_100440,257,Free,499.0,10215,155.46596577357826,0
TXN_100441,576,Premium,0.0,10552,196.42503950121926,0
TXN_100442,145,Free,0.0,12893,133.91638291227193,1
TXN_100443,472,Free,499.0,9825,143.53708468185138,0
TXN_100444,617,Premium,29.99,11694,146.69017631052094,0
TXN_100445,198,Enterprise,0.0,6615,72.95928322099704,0
TXN_100446,991,Free,29.99,11491,141.6889845619885,0
TXN_100447,844,Free,499.0,6412,113.77901068587285,0
TXN_100448,136,Enterprise,29.99,13780,176.50831708784736,0
TXN_100449,379,Enterprise,0.0,7942,126.38221324075323,0
TXN_100450,448,Premium,29.99,12835,97.25380680023676,0
TXN_100451,596,Free,499.0,7310,105.60692720648548,0
TXN_100452,401,Enterprise,0.0,12774,197.6891019501067,0
TXN_100453,280,Free,0.0,11118,255.12190685526718,0
TXN_100454,706,Premium,29.99,8503,138.03017821427204,0
TXN_100455,198,Free,29.99,12814,88.6884702426546,0
TXN_100456,799,Premium,0.0,11469,58.5028401284383,0
TXN_100457,215,Free,0.0,9613,98.41972191876302,0
TXN_100458,290,Free,0.0,9514,122.62247555355691,0
TXN_100459,352,Free,0.0,5926,96.7912866632644,0
TXN_100460,1027,Free,0.0,12992,65.52103623195228,0
TXN_100461,260,Premium,29.99,10706,136.98038328154686,0
TXN_100462,355,Enterprise,29.99,7128,104.72246305489728,0
TXN_100463,422,Unknown,29.99,9623,108.74892021948031,0
TXN_100464,227,Free,0.0,8011,136.34832309347746,0
TXN_100465,117,Premium,0.0,18155,105.61228525809527,0
TXN_100466,892,Premium,0.0,6502,283.04269544792646,0
TXN_100467,834,Free,0.0,11097,145.973683791854,1
TXN_100468,665,Free,0.0,6085,55.78315954578363,0
TXN_100469,669,Premium,0.0,3208,154.61866319259883,0
TXN_100470,422,Enterprise,,8085,148.15989983771286,0
TXN_100471,971,Premium,0.0,13284,136.472101612872,0
TXN_100472,785,Free,499.0,14687,184.16235285315082,0
TXN_100473,891,Premium,0.0,6838,139.96629315210677,0
TXN_100474,725,Free,0.0,21864,76.87588056158751,0
TXN_100475,387,Premium,499.0,15022,78.22784424169477,0
TXN_100476,1042,Premium,0.0,8530,104.03326717982125,0
TXN_100477,953,Free,0.0,7633,159.90662274910926,0
TXN_100478,762,Enterprise,,5638,82.87368359811384,0
TXN_100479,738,Free,29.99,9693,69.4414127526469,0
TXN_100480,254,Unknown,0.0,13518,239.97164037533923,0
TXN_100481,589,Free,0.0,10305,120.72711179209784,0
TXN_100482,485,Free,499.0,3975,91.88860444365888,0
TXN_100483,884,Free,499.0,10052,-4.6732945570238655,0
TXN_100484,203,Free,29.99,12762,79.69028455540445,0
TXN_100485,1028,Free,0.0,9060,83.96677960548385,0
TXN_100486,492,Premium,499.0,4898,118.94132118334527,0
TXN_100487,910,Premium,0.0,12025,111.57363401248847,0
TXN_100488,345,Premium,0.0,13020,138.82065894696976,0
TXN_100489,275,Free,29.99,7166,62.73505626545158,0
TXN_100490,138,Premium,0.0,14681,181.9357666365234,0
TXN_100491,576,Free,29.99,12980,173.8932258886402,1
TXN_100492,781,Premium,499.0,7705,78.78589072729184,0
TXN_100493,858,Free,499.0,5282,202.79846294209025,0
TXN_100494,637,Enterprise,0.0,8229,61.95981822232046,0
TXN_100495,966,Premium,0.0,14208,77.52678572589,0
TXN_100496,917,Premium,0.0,3707,79.113244390195,0
TXN_100497,1020,Free,0.0,9793,91.63894315897551,0
TXN_100498,507,Free,29.99,5315,77.12970099595856,1
TXN_100499,624,Free,0.0,7730,99.56399493345621,0
TXN_100500,927,Enterprise,0.0,4911,152.76259450355798,0
TXN_100501,605,Enterprise,0.0,16136,106.62809933218398,0
TXN_100502,1002,Free,0.0,11891,263.49053903263643,0
TXN_100503,924,Premium,29.99,6036,183.85740558900258,0
TXN_100504,135,Premium,29.99,15083,177.9219527109091,0
TXN_100505,784,Premium,29.99,8688,77.8419125228392,0
TXN_100506,119,Free,29.99,12194,104.67930440498462,0
TXN_100507,420,Free,29.99,6784,98.68041000763336,0
TXN_100508,875,Free,0.0,7354,71.11141387698152,0
TXN_100509,611,Enterprise,0.0,7401,212.6821863298679,0
TXN_100510,499,Free,29.99,6950,168.76374299021106,0
TXN_100511,753,Free,0.0,11487,111.4919933014959,0
TXN_100512,982,Enterprise,0.0,12980,138.88537291032196,0
TXN_100513,570,Premium,,7976,124.24795763862413,0
TXN_100514,242,Enterprise,0.0,14655,75.92722039860621,0
TXN_100515,191,Free,29.99,6695,155.22702025857438,0
TXN_100516,453,Free,29.99,6950,124.49269259642423,0
TXN_100517,933,Enterprise,0.0,8034,96.47510250605983,0
TXN_100518,899,Free,0.0,9386,67.91202777333459,0
TXN_100519,826,Free,29.99,5803,146.74900604328954,0
TXN_100520,953,Free,0.0,9497,116.62935326470888,1
TXN_100521,150,Free,0.0,4413,81.37253911918295,0
TXN_100522,764,Free,,6039,174.22299048081013,0
TXN_100523,797,Enterprise,29.99,7296,126.4091104650726,0
TXN_100524,674,Enterprise,0.0,10995,40.812689169100324,0
TXN_100525,289,Enterprise,0.0,8457,186.2200307719326,0
TXN_100526,224,Free,29.99,12726,52.7458826223951,0
TXN_100527,249,Free,0.0,7425,96.74286731887543,0
TXN_100528,413,Free,0.0,11995,121.73369763556623,0
TXN_100529,669,Enterprise,0.0,10079,67.54472399720594,0
TXN_100530,441,Free,0.0,9693,112.91137490547405,0
TXN_100531,404,Premium,29.99,11814,190.87091948122008,0
TXN_100532,791,Premium,29.99,10575,182.18833017602552,0
TXN_100533,781,Free,0.0,8768,156.68777610249163,0
TXN_100534,937,Free,0.0,8332,164.71766599589975,0
TXN_100535,882,Unknown,0.0,5355,170.49530364956973,0
TXN_100536,153,Unknown,29.99,10209,162.1863397661185,0
TXN_100537,543,Free,0.0,15343,128.77181384223658,0
TXN_100538,712,Free,0.0,9570,104.46076841882663,0
TXN_100539,363,Unknown,,11253,86.76847508273374,0
TXN_100540,152,Free,0.0,12889,93.97765341859,0
TXN_100541,671,Free,,6695,29.93120581641655,0
TXN_100542,719,Free,0.0,9282,152.7137986134743,0
TXN_100543,104,Premium,0.0,7476,137.96119733747423,0
TXN_100544,202,Free,29.99,9843,125.65609820214202,0
TXN_100545,295,Free,0.0,9935,103.75821515180678,0
TXN_100546,873,Free,0.0,10228,138.0895040947622,0
TXN_100547,976,Premium,0.0,8756,126.00153245301463,0
TXN_100548,983,Unknown,,11030,113.16247747748608,0
TXN_100549,449,Enterprise,0.0,10482,155.16362945481006,0
TXN_100550,146,Enterprise,29.99,8025,117.3190462977554,0
TXN_100551,966,Premium,29.99,12882,146.6145623269291,0
TXN_100552,922,Free,29.99,9757,161.97409024583737,0
TXN_100553,1035,Free,29.99,9002,71.40465111475162,0
TXN_100554,919,Enterprise,0.0,10181,144.38176827832794,0
TXN_100555,755,Free,0.0,6948,4.097076271849204,0
TXN_100556,368,Free,0.0,10376,155.46819766454232,0
TXN_100557,469,Premium,0.0,7115,162.7642298034986,0
TXN_100558,735,Free,0.0,11355,156.8989810388269,0
TXN_100559,205,Free,0.0,5816,165.56194427600894,0
TXN_100560,769,Unknown,499.0,11608,173.8332204011348,0
TXN_100561,758,Enterprise,499.0,6752,115.92384144323228,0
TXN_100562,756,Free,0.0,11746,148.9333317967569,0
TXN_100563,219,Unknown,0.0,10239,161.59832771695,0
TXN_100564,930,Premium,0.0,13982,90.1006424084196,0
TXN_100565,886,Premium,0.0,7027,-999.0,1
TXN_100566,703,Free,0.0,14650,143.3862721182994,0
TXN_100567,157,Free,499.0,9720,154.25136604615773,0
TXN_100568,445,Premium,0.0,11977,170.84121304629514,0
TXN_100569,840,Enterprise,0.0,6099,120.94728139124906,0
TXN_100570,573,Premium,0.0,8263,125.51458897014577,0
TXN_100571,216,Free,,14757,124.31155931539223,0
TXN_100572,929,Free,499.0,7454,95.86671572759917,0
TXN_100573,890,Enterprise,29.99,12206,156.016573499964,0
TXN_100574,226,Free,0.0,13625,148.48766565640085,0
TXN_100575,492,Premium,0.0,10607,115.66810044395794,0
TXN_100576,1007,Free,0.0,8684,122.8043901987365,0
TXN_100577,740,Free,0.0,8479,113.01691573769483,0
TXN_100578,157,Premium,499.0,15974,207.26645199426173,0
TXN_100579,733,Premium,0.0,5915,146.7650083887607,0
TXN_100580,612,Free,0.0,9216,57.38182594519806,0
TXN_100581,850,Free,29.99,15948,120.17230070014467,0
TXN_100582,901,Enterprise,0.0,6670,103.82483463497954,0
TXN_100583,195,Free,29.99,8269,123.47986447785962,0
TXN_100584,737,Premium,0.0,15220,96.3421110482983,0
TXN_100585,217,Unknown,0.0,3763,162.96745119866867,0
TXN_100586,659,Free,0.0,8937,115.35091004152956,0
TXN_100587,700,Enterprise,499.0,9533,123.96782617136712,0
TXN_100588,587,Free,0.0,8515,132.23698065557966,0
TXN_100589,336,Premium,0.0,9618,124.5554601341997,0
TXN_100590,984,Free,0.0,4898,59.14004040248059,0
TXN_100591,996,Unknown,29.99,9942,79.818628402446,0
TXN_100592,371,Free,499.0,12683,82.17305584434797,0
TXN_100593,288,Free,0.0,16600,131.99607681277533,0
TXN_100594,803,Unknown,0.0,7469,93.5027515330525,0
TXN_100595,546,Premium,,9010,87.14532000473953,0
TXN_100596,680,Premium,29.99,10219,109.26393540391165,0
TXN_100597,889,Free,29.99,12906,144.39256580989053,0
TXN_100598,960,Premium,0.0,13373,109.65662300228897,0
TXN_100599,346,Free,0.0,7137,123.13515185275222,0
TXN_100600,175,Free,29.99,10057,111.37542593543033,0
TXN_100601,253,Premium,29.99,11911,235.01168469736606,0
TXN_100602,755,Free,29.99,9968,121.18473424574393,0
TXN_100603,534,Unknown,0.0,4297,101.39790699441569,0
TXN_100604,185,Enterprise,29.99,10498,10.800386707950722,0
TXN_100605,796,Premium,499.0,10206,115.28629077977001,0
TXN_100606,384,Enterprise,499.0,17872,192.65992008840507,0
TXN_100607,319,Premium,0.0,9307,55.54392300609754,0
TXN_100608,168,Free,29.99,8085,84.44117919666056,1
TXN_100609,146,Premium,29.99,10929,218.4992373455757,0
TXN_100610,193,Free,499.0,6758,55.609052816415584,0
TXN_100611,849,Free,499.0,15115,155.8216334676958,0
TXN_100612,552,Enterprise,,13252,108.78704863923164,0
TXN_100613,303,Premium,,6991,67.42068160057917,0
TXN_100614,1011,Enterprise,0.0,11370,145.81374130418115,0
TXN_100615,317,Free,29.99,10380,17.96656766750391,0
TXN_100616,573,Premium,29.99,11558,159.25273770540633,0
TXN_100617,531,Free,0.0,12001,86.04707854997662,0
TXN_100618,440,Premium,0.0,9750,65.2644378159226,0
TXN_100619,650,Premium,0.0,11756,179.5559012316481,0
TXN_100620,711,Premium,499.0,15657,110.57826270107108,0
TXN_100621,388,Free,0.0,8729,159.1447810581827,0
TXN_100622,353,Free,499.0,16297,195.1014732193805,0
TXN_100623,833,Free,29.99,6272,76.00094759574398,0
TXN_100624,456,Premium,29.99,7110,8.77764483112955,0
TXN_100625,122,Enterprise,0.0,11679,144.9761550989755,0
TXN_100626,861,Free,29.99,8603,108.60208384274227,0
TXN_100627,621,Premium,0.0,9406,142.07953701912237,0
TXN_100628,857,Enterprise,0.0,11061,197.35966395961347,0
TXN_100629,936,Premium,499.0,10904,34.3438841223079,0
TXN_100630,199,Premium,29.99,6962,93.49194615483513,0
TXN_100631,901,Enterprise,0.0,10445,132.18289757927732,0
TXN_100632,279,Free,499.0,8013,123.58330047934355,0
TXN_100633,322,Free,0.0,12943,99.97582016783228,0
TXN_100634,1005,Free,0.0,15933,175.97334873389514,0
TXN_100635,861,Unknown,29.99,5971,-6.941142908614367,0
TXN_100636,758,Enterprise,0.0,9499,48.26617469388789,0
TXN_100637,541,Premium,29.99,14036,150.38628196840966,0
TXN_100638,707,Free,29.99,18524,98.96107649496616,0
TXN_100639,868,Free,29.99,11355,157.2050977354886,0
TXN_100640,424,Free,0.0,13865,193.55768343601775,0
TXN_100641,615,Free,0.0,12916,51.425901603950436,0
TXN_100642,115,Premium,0.0,14134,102.47578590945082,0
TXN_100643,891,Unknown,,8297,62.82990519595175,1
TXN_100644,435,Enterprise,0.0,13324,150.36312817157506,0
TXN_100645,858,Premium,0.0,15482,77.6012937553195,0
TXN_100646,357,Free,499.0,17825,187.17587466717669,0
TXN_100647,596,Free,499.0,8018,90.67737868363967,0
TXN_100648,995,Free,499.0,5605,87.15828344135684,0
TXN_100649,259,Premium,,14906,161.1928059923386,0
TXN_100650,574,Enterprise,0.0,9976,119.4380969270988,0
TXN_100651,951,Free,0.0,8893,158.40262972868967,0
TXN_100652,763,Free,0.0,13918,62.884342129856705,0
TXN_100653,1007,Free,0.0,11050,117.95393686046447,0
TXN_100654,789,Free,29.99,13261,178.8691988965541,0
TXN_100655,774,Free,0.0,12050,119.01452561851568,0
TXN_100656,479,Free,29.99,9346,51.23265912964676,0
TXN_100657,644,Free,0.0,4617,198.34027717821635,0
TXN_100658,1028,Enterprise,0.0,8661,65.39753795206207,0
TXN_100659,790,Premium,29.99,7852,84.29352629176239,0
TXN_100660,526,Free,0.0,8789,59.03960547121128,0
TXN_100661,712,Free,29.99,7619,165.96525818925426,0
TXN_100662,367,Free,,10342,249.41051389045825,0
TXN_100663,934,Free,499.0,11385,111.26803771678303,0
TXN_100664,676,Free,0.0,11474,209.78859944978885,0
TXN_100665,516,Premium,499.0,8557,218.51306484337704,0
TXN_100666,267,Premium,0.0,4368,124.96578236620998,0
TXN_100667,941,Premium,29.99,9323,111.01419445340393,0
TXN_100668,142,Free,0.0,11640,103.77084885183284,0
TXN_100669,655,Enterprise,0.0,17583,127.1573336796388,0
TXN_100670,384,Free,,12306,207.15808817198936,0
TXN_100671,496,Free,0.0,6872,127.84672243320874,0
TXN_100672,111,Premium,499.0,15864,108.48247229543838,0
TXN_100673,706,Premium,0.0,16377,118.74751597129764,0
TXN_100674,401,Enterprise,499.0,9953,141.88430962001138,0
TXN_100675,997,Premium,,10158,99.24279939265868,0
TXN_100676,352,Enterprise,0.0,7702,106.96600642128328,0
TXN_100677,598,Enterprise,29.99,6540,91.01722524652413,0
TXN_100678,853,Premium,29.99,8580,74.74260013583745,0
TXN_100679,134,Premium,499.0,11297,145.9757809321568,0
TXN_100680,826,Premium,0.0,6313,76.06423208258398,0
TXN_100681,948,Unknown,29.99,6568,117.12455068919715,1
TXN_100682,189,Premium,0.0,13102,104.90767698480349,0
TXN_100683,875,Free,0.0,8530,160.69784343715938,0
TXN_100684,704,Premium,0.0,6716,106.44951488757386,0
TXN_100685,1021,Free,29.99,8820,146.1612228494265,0
TXN_100686,701,Free,499.0,6677,47.86440566486071,0
TXN_100687,517,Free,0.0,7982,173.7690325612056,0
TXN_100688,214,Premium,29.99,8732,145.02529675344277,0
TXN_100689,716,Enterprise,29.99,8746,178.09342269476355,0
TXN_100690,1002,Free,0.0,9123,132.76860443560926,0
TXN_100691,295,Free,499.0,7909,130.81161757939122,0
TXN_100692,925,Free,0.0,7239,98.65286008538195,0
TXN_100693,600,Premium,0.0,9165,131.00337078361864,0
TXN_100694,725,Free,0.0,11516,69.47545769857138,0
TXN_100695,592,Free,499.0,8021,83.61550895691539,0
TXN_100696,174,Free,,12841,89.26897573163258,0
TXN_100697,512,Free,0.0,8832,104.66988779112907,0
TXN_100698,475,Free,0.0,14353,2.579399918788681,0
TXN_100699,519,Premium,29.99,9224,68.18235663455306,0
TXN_100700,828,Free,29.99,11481,50.43483053640141,0
TXN_100701,376,Premium,29.99,8306,189.7964234426782,0
TXN_100702,860,Free,,13282,70.44088049072029,0
TXN_100703,775,Free,499.0,8858,76.78324387843453,0
TXN_100704,493,Free,499.0,7749,114.35126016597583,0
TXN_100705,968,Premium,29.99,10513,128.28646898215044,0
TXN_100706,556,Enterprise,0.0,8889,137.8546152339196,0
TXN_100707,1019,Enterprise,29.99,7616,91.06051569752937,0
TXN_100708,291,Premium,0.0,11509,111.97878891981422,0
TXN_100709,838,Free,0.0,999999,186.67281806387285,0
TXN_100710,788,Enterprise,0.0,15395,115.93403015267981,0
TXN_100711,198,Premium,29.99,8970,124.55694459270009,0
TXN_100712,647,Free,29.99,6371,160.68551088107247,0
TXN_100713,195,Enterprise,29.99,12151,155.02243864269306,0
TXN_100714,763,Free,0.0,10177,38.52990632003565,0
TXN_100715,762,Free,29.99,7444,136.78559018263184,0
TXN_100716,289,Free,0.0,9691,120.71999134239064,0
TXN_100717,835,Free,29.99,9410,195.8884053444433,0
TXN_100718,136,Premium,0.0,6609,71.05633643778614,0
TXN_100719,879,Free,499.0,4799,78.52607627914647,0
TXN_100720,468,Free,499.0,8183,101.15847297441599,0
TXN_100721,794,Free,29.99,10234,155.16567595138682,0
TXN_100722,624,Premium,29.99,7658,171.94263642076623,0
TXN_100723,378,Premium,29.99,9987,105.79593374196914,0
TXN_100724,316,Free,0.0,12527,148.25437775605099,0
TXN_100725,966,Free,29.99,6313,92.2034434186379,0
TXN_100726,972,Free,29.99,6824,118.06538438411685,0
TXN_100727,897,Enterprise,29.99,9101,141.47667399328571,0
TXN_100728,372,Free,0.0,6660,205.9169465952916,0
TXN_100729,980,Free,499.0,10232,165.80845008087365,0
TXN_100730,161,Free,0.0,11594,172.43215533625727,0
TXN_100731,695,Premium,0.0,6896,106.70512951011565,0
TXN_100732,979,Premium,,5498,42.124069542248435,0
TXN_100733,828,Free,499.0,8534,223.12085658501456,0
TXN_100734,441,Free,0.0,8810,46.17041846007649,0
TXN_100735,496,Free,499.0,9738,100.93041771481745,0
TXN_100736,798,Enterprise,0.0,10285,112.11738616772743,0
TXN_100737,118,Enterprise,29.99,9574,177.01316333616649,0
TXN_100738,276,Premium,29.99,15336,171.93039939248246,0
TXN_100739,711,Premium,29.99,21868,92.27681699224301,0
TXN_100740,495,Free,29.99,13276,128.76721638660604,0
TXN_100741,544,Premium,0.0,8800,87.3669379675715,0
TXN_100742,332,Premium,0.0,14961,84.20543327129963,0
TXN_100743,1014,Free,29.99,15113,151.8523204138417,0
TXN_100744,175,Enterprise,0.0,9370,55.438497607262164,1
TXN_100745,364,Free,,11467,130.00651040302427,0
TXN_100746,554,Free,29.99,7019,91.0124492762756,0
TXN_100747,895,Premium,0.0,17212,22.28468541224423,0
TXN_100748,817,Premium,29.99,8663,110.1772802631368,0
TXN_100749,834,Premium,0.0,7904,163.7143445544263,0
TXN_100750,483,Free,0.0,8829,132.19490509672056,0
TXN_100751,663,Enterprise,0.0,5884,65.9757168789034,0
TXN_100752,950,Premium,,5722,126.906260256456,0
TXN_100753,605,Free,0.0,7049,42.17488604202509,0
TXN_100754,466,Unknown,0.0,12754,217.01934972516085,0
TXN_100755,243,Premium,0.0,6369,126.03416831051906,0
TXN_100756,984,Free,0.0,8354,148.47076037296864,0
TXN_100757,168,Premium,0.0,10896,184.57034617386142,0
TXN_100758,198,Free,499.0,8681,127.08889329006182,0
TXN_100759,495,Free,,10013,126.41804653130954,0
TXN_100760,124,Free,0.0,9848,80.33771145986876,0
TXN_100761,1047,Unknown,29.99,11950,25.375447861459293,0
TXN_100762,990,Free,,10162,87.30143637390958,0
TXN_100763,568,Premium,0.0,7931,126.46939980669427,0
TXN_100764,583,Free,0.0,5050,124.04585309699222,0
TXN_100765,664,Premium,499.0,6757,131.89859897167355,0
TXN_100766,250,Premium,29.99,7759,65.42174708514393,0
TXN_100767,243,Premium,0.0,11321,89.27623020770851,0
TXN_100768,668,Free,0.0,6825,161.6835018761551,0
TXN_100769,138,Premium,0.0,8174,128.7254648090086,0
TXN_100770,208,Unknown,0.0,4709,57.47419361906765,1
TXN_100771,792,Premium,499.0,11167,171.15004680295192,0
TXN_100772,141,Free,29.99,10805,192.0658999590692,0
TXN_100773,285,Enterprise,29.99,12494,76.89996200752839,0
TXN_100774,1034,Free,0.0,8400,118.23356821946437,0
TXN_100775,497,Premium,0.0,4533,109.95628795116346,0
TXN_100776,322,Enterprise,0.0,6282,68.9870587882059,0
TXN_100777,733,Free,499.0,7236,118.40235087061137,0
TXN_100778,232,Free,29.99,9268,136.98632818998703,0
TXN_100779,262,Free,0.0,11358,129.6382863095852,0
TXN_100780,314,Premium,0.0,12912,210.26272870776995,0
TXN_100781,832,Premium,499.0,14356,75.63591885929367,0
TXN_100782,334,Free,29.99,13550,69.04520299989058,0
TXN_100783,942,Free,0.0,11304,169.09862341895447,0
TXN_100784,757,Free,0.0,14164,163.33465250454816,0
TXN_100785,850,Free,0.0,8136,23.51550396206858,0
TXN_100786,687,Free,499.0,17684,80.5400692214163,0
TXN_100787,108,Enterprise,29.99,13533,39.442844705850405,0
TXN_100788,173,Free,29.99,14305,-999.0,0
TXN_100789,591,Enterprise,499.0,16662,162.0817949285188,0
TXN_100790,1012,Premium,,5059,117.55735430653984,0
TXN_100791,352,Free,0.0,12306,170.56142991029157,0
TXN_100792,329,Premium,0.0,7171,150.4140754520938,0
TXN_100793,618,Premium,29.99,9245,136.81952572964093,0
TXN_100794,273,Free,0.0,8322,97.11951982426214,1
TXN_100795,752,Free,499.0,10145,55.13945834842606,0
TXN_100796,267,Free,499.0,10716,107.26584935879163,0
TXN_100797,269,Free,29.99,11462,119.27275594350664,0
TXN_100798,492,Free,0.0,9605,145.2700551553308,0
TXN_100799,1045,Free,0.0,7729,128.85687805215213,0
TXN_100800,894,Free,0.0,11246,117.56738278323763,0
TXN_100801,733,Free,499.0,4760,132.3792436378539,0
TXN_100802,293,Free,0.0,11076,74.43559759849273,0
TXN_100803,616,Free,0.0,9777,96.67576426259046,1
TXN_100804,128,Free,0.0,10635,156.99270844785053,0
TXN_100805,264,Unknown,,10737,100.20022862587706,0
TXN_100806,521,Free,29.99,8697,108.20856345156247,0
TXN_100807,438,Premium,499.0,5471,143.5860344173063,0
TXN_100808,747,Free,499.0,14516,85.90724341254358,0
TXN_100809,595,Enterprise,29.99,6494,98.23702354819275,0
TXN_100810,464,Free,0.0,11323,41.08682176255155,0
TXN_100811,932,Unknown,0.0,4866,168.8124453507086,0
TXN_100812,441,Premium,29.99,6916,176.3201689051108,0
TXN_100813,599,Free,499.0,7787,162.10123704331738,0
TXN_100814,756,Enterprise,0.0,4985,127.74222027647436,0
TXN_100815,610,Premium,0.0,8061,67.0482537856953,0
TXN_100816,426,Free,29.99,11112,98.22389313105924,1
TXN_100817,316,Premium,0.0,11195,80.17615867255199,0
TXN_100818,400,Enterprise,29.99,9386,83.58318376195088,0
TXN_100819,231,Free,0.0,8009,102.54253279008432,0
TXN_100820,903,Free,0.0,4569,100.47654871006654,0
TXN_100821,169,Premium,0.0,9958,168.0685584890585,0
TXN_100822,351,Premium,29.99,11424,121.7989503924075,0
TXN_100823,514,Enterprise,29.99,8712,180.49561812707336,0
TXN_100824,886,Premium,0.0,5703,87.36321383228406,0
TXN_100825,544,Free,499.0,8031,136.5603157499504,0
TXN_100826,975,Enterprise,0.0,6094,109.6180935693055,1
TXN_100827,281,Free,0.0,7296,142.43855344904594,0
TXN_100828,266,Free,29.99,5644,157.65639532511054,0
TXN_100829,190,Premium,0.0,6117,170.98820027348316,0
TXN_100830,813,Premium,29.99,13037,103.83115536028261,0
TXN_100831,957,Free,,4598,119.62571403254162,0
TXN_100832,630,Premium,29.99,5474,161.6746766805016,0
TXN_100833,138,Free,29.99,8513,205.02723831823948,0
TXN_100834,225,Free,29.99,9180,123.66084130265533,0
TXN_100835,550,Enterprise,0.0,6812,111.898219272711,0
TXN_100836,272,Free,0.0,11625,115.10343702920719,0
TXN_100837,752,Free,0.0,8358,30.625318973779272,0
TXN_100838,853,Free,,10949,-999.0,0
TXN_100839,319,Unknown,0.0,4478,91.41786461089984,0
TXN_100840,737,Free,29.99,5064,69.43246338591787,0
TXN_100841,157,Free,499.0,8945,145.43403996379058,0
TXN_100842,759,Premium,499.0,5611,116.48145337165106,0
TXN_100843,575,Free,,8353,159.1578325809444,0
TXN_100844,555,Free,29.99,10992,118.6013250118007,0
TXN_100845,928,Premium,0.0,12633,65.67762356751597,0
TXN_100846,994,Free,499.0,7870,127.34839496913456,0
TXN_100847,460,Unknown,0.0,18222,33.42299399158901,0
TXN_100848,1034,Free,0.0,16149,154.88385416591336,0
TXN_100849,100,Free,29.99,9779,182.2002781934059,0
TXN_100850,486,Free,29.99,7622,107.08512880420328,0
TXN_100851,447,Free,499.0,11429,128.77720721636163,0
TXN_100852,289,Premium,,5769,180.33922820256504,0
TXN_100853,604,Free,499.0,10092,119.28913246183696,0
TXN_100854,290,Free,0.0,8380,43.269202668359824,0
TXN_100855,607,Premium,29.99,3918,183.3224437948358,0
TXN_100856,468,Premium,499.0,11309,97.12032043432674,1
TXN_100857,508,Free,,9023,109.61763337707471,0
TXN_100858,923,Free,0.0,9497,192.21311523918234,0
TXN_100859,1028,Free,0.0,9439,230.66804341584213,0
TXN_100860,1033,Free,499.0,7480,87.20571166306061,0
TXN_100861,216,Free,0.0,8134,164.71542997013466,0
TXN_100862,233,Premium,29.99,8691,132.8146921984582,0
TXN_100863,157,Enterprise,0.0,10821,200.03878058733068,0
TXN_100864,655,Free,0.0,10350,108.1707806823903,0
TXN_100865,784,Free,29.99,10929,135.63268830123263,0
TXN_100866,771,Free,0.0,10149,97.92444937822457,0
TXN_100867,272,Free,29.99,11115,202.47045483774787,1
TXN_100868,928,Free,0.0,7496,96.72915178516564,0
TXN_100869,914,Enterprise,0.0,999999,97.12371569244274,0
TXN_100870,248,Premium,0.0,12322,151.16474443295482,0
TXN_100871,179,Unknown,29.99,8057,83.77206452196899,0
TXN_100872,985,Enterprise,0.0,9845,136.02043933992906,0
TXN_100873,312,Free,29.99,14118,104.98550934320846,0
TXN_100874,302,Premium,29.99,8624,93.05550741419017,0
TXN_100875,863,Free,29.99,13334,113.80910196999223,0
TXN_100876,328,Free,29.99,10442,71.46518456722463,0
TXN_100877,775,Enterprise,0.0,11776,66.02551681948792,0
TXN_100878,326,Free,0.0,10720,94.76300107418419,0
TXN_100879,758,Enterprise,29.99,13160,216.9404494884813,0
TXN_100880,631,Free,0.0,13902,90.22510565178001,0
TXN_100881,540,Enterprise,499.0,12172,200.6961273467084,0
TXN_100882,501,Enterprise,499.0,11521,148.97512787534598,0
TXN_100883,146,Premium,0.0,9580,109.22886712005503,0
TXN_100884,332,Premium,29.99,9788,94.89669569833441,0
TXN_100885,404,Free,499.0,6954,124.84526122914579,1
TXN_100886,625,Enterprise,0.0,12626,205.9430053453387,0
TXN_100887,242,Unknown,29.99,11267,59.376231151955146,0
TXN_100888,514,Premium,0.0,7079,105.30072810174146,0
TXN_100889,612,Premium,29.99,13334,160.8323476611169,0
TXN_100890,472,Premium,499.0,11977,114.18575020015919,0
TXN_100891,665,Enterprise,29.99,7374,126.0438321536491,0
TXN_100892,985,Premium,29.99,9422,20.066183845682446,0
TXN_100893,358,Enterprise,499.0,8166,129.21526601416195,0
TXN_100894,755,Premium,29.99,9511,140.65812429917793,0
TXN_100895,570,Free,29.99,6914,115.14882945411871,0
TXN_100896,111,Free,29.99,12215,106.7416408219978,0
TXN_100897,429,Free,29.99,7413,176.08456963002624,0
TXN_100898,835,Free,499.0,8528,146.7235254069931,0
TXN_100899,883,Free,,19051,137.6610605220265,0
TXN_100900,457,Premium,499.0,5907,215.48029107501074,0
TXN_100901,507,Free,29.99,9785,105.65270119695998,0
TXN_100902,767,Free,0.0,7000,120.58447379435773,0
TXN_100903,472,Premium,499.0,9054,198.00047162035554,0
TXN_100904,107,Unknown,29.99,5302,102.29108000810183,0
TXN_100905,221,Premium,499.0,7257,206.04193323807232,0
TXN_100906,447,Unknown,0.0,14497,115.99350953250172,0
TXN_100907,775,Premium,499.0,14141,173.10387706852967,0
TXN_100908,189,Free,0.0,6939,155.11089261302038,0
TXN_100909,747,Premium,0.0,9417,82.74547213796806,0
TXN_100910,797,Premium,29.99,14951,138.40395767659587,0
TXN_100911,415,Free,29.99,13312,140.86854068326488,0
TXN_100912,277,Free,0.0,9791,143.57266831838638,0
TXN_100913,639,Premium,29.99,11442,217.53359981652096,0
TXN_100914,831,Free,0.0,9912,148.83455105598415,0
TXN_100915,968,Premium,0.0,8361,114.60284383440755,0
TXN_100916,140,Free,0.0,13705,72.02342048960814,0
TXN_100917,839,Premium,499.0,7600,123.90197939929196,0
TXN_100918,803,Premium,0.0,12543,96.74474202719861,0
TXN_100919,1022,Free,0.0,6984,-999.0,0
TXN_100920,601,Free,29.99,7552,115.5722013713679,0
TXN_100921,244,Premium,0.0,8476,55.76056982519226,0
TXN_100922,300,Enterprise,499.0,7750,28.892460452157863,0
TXN_100923,1028,Enterprise,499.0,7899,132.26506136581338,0
TXN_100924,823,Free,499.0,12596,228.52768329399402,0
TXN_100925,560,Premium,0.0,14525,162.32181173575998,0
TXN_100926,831,Free,29.99,5735,81.02495956899553,0
TXN_100927,851,Free,29.99,9028,159.3388312023343,0
TXN_100928,1024,Free,0.0,9596,241.79971604721578,0
TXN_100929,1008,Premium,0.0,13089,98.13009840417126,0
TXN_100930,657,Free,29.99,7519,62.69162608992308,0
TXN_100931,646,Free,0.0,9947,147.4447342787566,0
TXN_100932,352,Premium,,12217,209.24828819045865,0
TXN_100933,489,Premium,499.0,6842,134.84971696148497,0
TXN_100934,693,Free,0.0,15218,117.86205034232718,0
TXN_100935,982,Free,0.0,14729,98.61077753780172,0
TXN_100936,355,Free,,6978,75.74230919493601,0
TXN_100937,808,Free,0.0,8021,89.82274529819735,0
TXN_100938,914,Premium,499.0,12287,112.74599779233097,0
TXN_100939,1020,Free,0.0,20004,206.89078705418402,0
TXN_100940,549,Premium,499.0,7008,6.7394509583557465,0
TXN_100941,109,Enterprise,29.99,9076,228.51302537520493,0
TXN_100942,923,Free,0.0,9203,166.88073041799674,0
TXN_100943,897,Unknown,0.0,11381,106.08529459270648,0
TXN_100944,341,Free,29.99,14026,144.27331886663742,0
TXN_100945,350,Free,499.0,5719,84.4221468163332,0
TXN_100946,976,Free,0.0,10402,214.05771767693602,0
TXN_100947,104,Free,29.99,7903,56.789438260292314,0
TXN_100948,218,Free,0.0,12827,53.80174930948277,0
TXN_100949,900,Free,499.0,6885,151.26767333507252,0
TXN_100950,473,Premium,499.0,8258,126.1895934977716,0
TXN_100951,164,Enterprise,0.0,9855,124.03413760561408,0
TXN_100952,245,Premium,0.0,5743,107.32794747044487,0
TXN_100953,323,Free,0.0,10525,87.99397480358606,0
TXN_100954,338,Premium,29.99,11178,104.90617337677155,0
TXN_100955,276,Premium,0.0,13087,174.1937769591625,0
TXN_100956,878,Enterprise,0.0,8589,177.5753383557543,0
TXN_100957,952,Enterprise,,7403,160.92818934600425,0
TXN_100958,381,Enterprise,29.99,11636,92.18785488802605,0
TXN_100959,162,Free,29.99,9806,67.5035449808074,0
TXN_100960,316,Premium,0.0,11751,201.33160563798282,0
TXN_100961,953,Free,0.0,7835,46.73098059538373,0
TXN_100962,926,Unknown,0.0,9524,110.06344794912361,0
TXN_100963,894,Free,29.99,14552,-999.0,0
TXN_100964,788,Free,29.99,13994,263.7817496484896,0
TXN_100965,560,Free,499.0,11333,120.65553234819313,0
TXN_100966,1028,Premium,0.0,9940,151.19303480808554,1
TXN_100967,709,Free,0.0,6731,144.4758152795203,0
TXN_100968,204,Free,499.0,11407,179.4689863148406,0
TXN_100969,198,Unknown,0.0,14499,162.24518587726774,0
TXN_100970,610,Enterprise,0.0,12665,148.2144665163953,0
TXN_100971,484,Free,0.0,9480,136.8187818268526,0
TXN_100972,504,Free,499.0,7637,154.3193552089283,0
TXN_100973,922,Enterprise,499.0,14803,105.59739765583443,0
TXN_100974,617,Enterprise,0.0,10573,-7.18966001784591,0
TXN_100975,575,Premium,0.0,7392,89.59825119665891,0
TXN_100976,808,Premium,29.99,999999,144.59013744709043,0
TXN_100977,962,Free,499.0,11229,90.5101963205689,0
TXN_100978,744,Enterprise,0.0,7415,116.87337612737423,0
TXN_100979,969,Premium,499.0,13075,109.19011176955598,0
TXN_100980,870,Premium,0.0,11354,104.14984780473851,0
TXN_100981,536,Free,0.0,9333,150.8033421642184,0
TXN_100982,122,Enterprise,0.0,9395,129.53545644838132,0
TXN_100983,664,Premium,0.0,14689,120.26515964270891,0
TXN_100984,776,Free,0.0,7954,17.037831477648282,0
TXN_100985,813,Premium,499.0,12356,43.92273429812849,0
TXN_100986,557,Premium,0.0,9141,144.90349715303785,0
TXN_100987,182,Premium,0.0,4748,74.16490848109625,0
TXN_100988,244,Premium,0.0,7494,150.2452145230041,0
TXN_100989,184,Premium,499.0,8203,95.5748209651923,0
TXN_100990,177,Enterprise,499.0,11983,94.20500783628935,0
TXN_100991,556,Free,0.0,9799,45.46585082243054,0
TXN_100992,977,Free,0.0,10013,113.81806430366281,0
TXN_100993,100,Free,0.0,7965,30.771384577148694,0
TXN_100994,150,Premium,29.99,6108,71.57764312272263,0
TXN_100995,784,Premium,0.0,13934,98.1141440728348,0
TXN_100996,816,Enterprise,29.99,6223,145.78533345797564,0
TXN_100997,871,Premium,29.99,10757,130.38105619090246,0
TXN_100998,545,Premium,29.99,6738,115.55039663412872,0
TXN_100999,548,Unknown,0.0,2948,153.72787142781894,1
TXN_101000,980,Free,0.0,7411,90.98995405899865,0
TXN_101001,587,Enterprise,29.99,12123,131.6780982737506,0
TXN_101002,899,Free,29.99,6284,71.73371482834608,0
TXN_101003,133,Premium,0.0,17983,111.78490229510061,0
TXN_101004,447,Premium,499.0,10256,82.75966145235354,0
TXN_101005,194,Premium,29.99,7712,125.77785236413197,0
TXN_101006,171,Free,0.0,9833,138.45696120851647,0
TXN_101007,650,Free,0.0,15770,146.29922891607254,1
TXN_101008,253,Premium,,4202,95.1063647248702,0
TXN_101009,349,Enterprise,0.0,9940,146.0673455740647,0
TXN_101010,773,Free,499.0,6738,129.4154139209559,0
TXN_101011,537,Enterprise,0.0,12446,100.53577073189958,0
TXN_101012,217,Free,0.0,7479,106.05993347328504,0
TXN_101013,870,Premium,29.99,15723,151.9201938954736,0
TXN_101014,990,Premium,0.0,14241,130.41222078757605,0
TXN_101015,405,Premium,0.0,9251,99.86132083509054,0
TXN_101016,367,Unknown,0.0,8998,182.93788500226424,0
TXN_101017,153,Premium,499.0,14063,35.953376268405265,0
TXN_101018,335,Premium,29.99,11836,85.71247897481979,0
TXN_101019,488,Free,0.0,10773,79.91921020824046,0
TXN_101020,833,Free,0.0,8034,68.00583579938845,0
TXN_101021,862,Free,29.99,9021,97.49970554950109,1
TXN_101022,924,Premium,0.0,8485,-999.0,1
TXN_101023,500,Free,0.0,7600,71.17783262741837,0
TXN_101024,723,Free,0.0,15080,135.54768736709045,1
TXN_101025,866,Free,29.99,13138,129.8149886304003,0
TXN_101026,402,Free,0.0,6067,176.87223710646612,0
TXN_101027,1018,Free,29.99,11081,144.673770687662,0
TXN_101028,306,Enterprise,29.99,10922,157.4073776371739,0
TXN_101029,328,Premium,,10021,201.492491758439,0
TXN_101030,952,Premium,499.0,12322,87.95685063376595,0
TXN_101031,1009,Premium,0.0,13664,115.5795045681555,0
TXN_101032,677,Free,29.99,9227,89.52274735856824,0
TXN_101033,174,Enterprise,499.0,9692,31.77740749853926,0
TXN_101034,534,Free,29.99,8184,48.664900723994506,0
TXN_101035,202,Free,0.0,14807,118.4151418147178,0
TXN_101036,521,Premium,0.0,6187,73.47774611155097,0
TXN_101037,803,Free,499.0,13465,85.84049757563014,0
TXN_101038,863,Premium,0.0,10132,170.5173151051667,0
TXN_101039,837,Free,0.0,13380,135.04055611104025,0
TXN_101040,905,Premium,29.99,19192,176.06324281628173,0
TXN_101041,405,Free,499.0,8507,143.65318240992883,0
TXN_101042,197,Free,0.0,5839,133.32987816634238,0
TXN_101043,949,Premium,499.0,9736,174.66960652360143,0
TXN_101044,897,Free,499.0,9501,117.18450340513188,0
TXN_101045,434,Free,29.99,12679,136.959305879261,0
TXN_101046,958,Free,29.99,7540,98.0935575909054,0
TXN_101047,534,Premium,29.99,11509,120.23499831667706,0
TXN_101048,546,Premium,499.0,11177,100.65119010039929,0
TXN_101049,407,Free,29.99,11723,133.2035602664173,0
TXN_101050,348,Unknown,499.0,7218,60.16397590590723,0
TXN_101051,265,Enterprise,0.0,12310,105.76011878461748,0
TXN_101052,580,Premium,0.0,11522,152.2941540850614,0
TXN_101053,434,Premium,0.0,6774,64.80971300860678,0
TXN_101054,641,Free,29.99,11346,142.5354451192128,0
TXN_101055,858,Premium,499.0,6165,164.5895613656882,0
TXN_101056,205,Free,0.0,7983,184.57801170896676,0
TXN_101057,662,Free,0.0,6806,62.90886138127226,0
TXN_101058,180,Unknown,0.0,15820,96.22439703655401,0
TXN_101059,232,Premium,0.0,9291,152.6607565440616,0
TXN_101060,896,Free,0.0,8716,93.65486102421413,0
TXN_101061,999,Free,0.0,14560,88.04762235578693,0
TXN_101062,237,Premium,499.0,6188,118.15859135128447,0
TXN_101063,283,Free,0.0,9429,101.98867111797951,0
TXN_101064,500,Free,29.99,12614,139.82386164398275,0
TXN_101065,429,Free,29.99,7946,85.05147362341276,0
TXN_101066,884,Free,29.99,9695,104.50207438298526,0
TXN_101067,607,Premium,0.0,8603,120.1077844605878,0
TXN_101068,951,Free,499.0,9439,106.84949957606442,0
TXN_101069,168,Premium,29.99,6666,79.68062738848568,0
TXN_101070,645,Free,0.0,999999,58.29170788905806,0
TXN_101071,873,Premium,0.0,8997,139.6185259055948,0
TXN_101072,152,Unknown,0.0,9876,98.80968369628816,0
TXN_101073,549,Premium,499.0,7209,123.10305361745719,0
TXN_101074,304,Enterprise,29.99,16909,61.42813098461129,0
TXN_101075,225,Enterprise,0.0,7262,157.26473002405362,0
TXN_101076,846,Free,0.0,9833,117.28173601001954,0
TXN_101077,142,Premium,499.0,8826,98.28677534251236,0
TXN_101078,851,Enterprise,499.0,7088,193.1661281115105,0
TXN_101079,982,Free,29.99,11066,89.17180929776923,0
TXN_101080,210,Free,29.99,7548,138.10576548852933,0
TXN_101081,860,Enterprise,499.0,11557,131.7013702459586,0
TXN_101082,762,Premium,29.99,11973,92.3430203837185,0
TXN_101083,282,Free,0.0,8226,115.74290011740825,0
TXN_101084,947,Free,0.0,13697,126.0388708970721,0
TXN_101085,194,Premium,499.0,21001,140.95247460454635,0
TXN_101086,473,Premium,0.0,13108,116.02961067367706,0
TXN_101087,1011,Premium,0.0,7944,125.6489425727159,1
TXN_101088,619,Premium,499.0,12471,132.67936377225809,0
TXN_101089,999,Premium,29.99,9422,17.57449175760385,0
TXN_101090,459,Premium,499.0,11250,99.0963495596057,0
TXN_101091,999,Premium,29.99,11296,124.97042299304162,0
TXN_101092,795,Premium,499.0,7439,9.053721931984015,0
TXN_101093,380,Premium,0.0,13544,125.15998039404539,0
TXN_101094,294,Free,29.99,9887,208.86155754111985,0
TXN_101095,963,Free,0.0,6406,153.71328197189953,0
TXN_101096,294,Unknown,0.0,8618,83.998715984203,0
TXN_101097,766,Free,0.0,9759,220.06413982510503,0
TXN_101098,192,Free,29.99,12370,55.54599713700247,0
TXN_101099,771,Free,0.0,13407,95.0360762548563,0
TXN_101100,1045,Enterprise,29.99,4649,179.41392181118215,0
TXN_101101,160,Free,0.0,13257,120.81997945916017,0
TXN_101102,733,Free,0.0,8987,154.9530056869552,0
TXN_101103,150,Free,29.99,8226,165.91044228187056,0
TXN_101104,502,Premium,,17122,156.66389659707244,1
TXN_101105,888,Free,0.0,6793,59.75550069116589,0
TXN_101106,104,Free,29.99,7807,86.187344024502,0
TXN_101107,565,Free,,10317,109.88566507541918,0
TXN_101108,703,Enterprise,29.99,10225,142.95838999605854,0
TXN_101109,781,Free,29.99,6967,119.51368701626761,0
TXN_101110,928,Free,0.0,12480,75.25593562181061,0
TXN_101111,633,Premium,29.99,11269,95.13217765330748,0
TXN_101112,504,Unknown,0.0,7439,157.0416192000574,0
TXN_101113,937,Premium,29.99,8797,18.159391663586092,0
TXN_101114,612,Unknown,499.0,11303,115.40957528160953,0
TXN_101115,744,Enterprise,29.99,11916,162.25036562786642,0
TXN_101116,332,Free,0.0,11747,171.1642385284284,0
TXN_101117,623,Premium,499.0,9056,36.5333261142308,0
TXN_101118,445,Free,29.99,11985,85.32574053397451,1
TXN_101119,145,Premium,499.0,13057,197.23749823272277,0
TXN_101120,645,Free,29.99,15100,51.9739878601295,0
TXN_101121,1044,Free,0.0,4027,139.7072959808914,0
TXN_101122,177,Enterprise,29.99,4298,162.58092934155346,0
TXN_101123,829,Free,29.99,4628,151.7859592458813,0
TXN_101124,912,Enterprise,0.0,8674,143.48996528250268,0
TXN_101125,1022,Free,29.99,8335,119.90922028334047,0
TXN_101126,172,Free,29.99,7093,128.34622934421236,0
TXN_101127,893,Enterprise,29.99,6982,76.8370275371289,0
TXN_101128,348,Premium,0.0,9257,124.5880807968847,0
TXN_101129,146,Premium,29.99,8770,170.4001462974789,0
TXN_101130,220,Free,0.0,7349,48.668560584697644,0
TXN_101131,313,Premium,0.0,10594,104.39452015767505,0
TXN_101132,338,Premium,0.0,12962,84.41172083175226,0
TXN_101133,155,Premium,0.0,9434,168.748602816888,0
TXN_101134,449,Free,0.0,22048,96.30308108371867,0
TXN_101135,206,Unknown,0.0,7057,225.2604177737296,0
TXN_101136,930,Premium,0.0,15466,192.78733089871832,0
TXN_101137,147,Enterprise,,7141,76.3267839759547,0
TXN_101138,672,Premium,29.99,9250,69.03808154754196,0
TXN_101139,436,Premium,29.99,14369,179.29204307152784,0
TXN_101140,125,Free,499.0,9088,110.86968736617987,0
TXN_101141,903,Free,499.0,13992,68.54377632618676,0
TXN_101142,356,Enterprise,499.0,10318,-999.0,0
TXN_101143,107,Free,0.0,6637,173.36334042539113,1
TXN_101144,724,Free,29.99,8039,130.8438924778427,0
TXN_101145,966,Free,499.0,6517,70.97986757175227,0
TXN_101146,352,Free,499.0,9053,120.51263397988838,0
TXN_101147,791,Enterprise,29.99,12922,117.32561029875271,0
TXN_101148,818,Enterprise,0.0,13049,158.4175900458131,0
TXN_101149,402,Free,,10536,80.88860278844606,0
TXN_101150,738,Free,29.99,10365,86.97945795301487,0
TXN_101151,155,Premium,0.0,11452,97.11161274330463,0
TXN_101152,825,Premium,0.0,10399,138.61775700504896,0
TXN_101153,625,Unknown,0.0,8977,62.74762346778966,0
TXN_101154,573,Premium,0.0,10767,156.1775917830032,0
TXN_101155,127,Free,0.0,10363,102.86974304446402,0
TXN_101156,177,Premium,,11979,167.73426287616945,0
TXN_101157,315,Unknown,0.0,15810,69.4896936431386,0
TXN_101158,485,Premium,29.99,15635,110.40817446511757,0
TXN_101159,464,Premium,499.0,13560,96.3281293801825,1
TXN_101160,765,Free,29.99,7319,221.85696354825978,0
TXN_101161,625,Premium,0.0,8973,123.41792421875759,0
TXN_101162,798,Premium,29.99,12430,71.36677791789984,0
TXN_101163,411,Free,0.0,11426,36.44567392332374,0
TXN_101164,982,Free,0.0,6367,136.27644108000268,0
TXN_101165,106,Free,29.99,9123,86.944745734619,0
TXN_101166,102,Free,499.0,9232,72.45150900373088,0
TXN_101167,722,Free,29.99,10636,149.59376776783478,0
TXN_101168,1018,Free,0.0,11187,113.04978487447252,0
TXN_101169,849,Premium,0.0,7412,128.28592315880965,0
TXN_101170,462,Free,0.0,12676,123.01224448242738,0
TXN_101171,850,Free,29.99,8868,109.81255784104961,0
TXN_101172,607,Enterprise,0.0,13628,174.95356494335334,0
TXN_101173,373,Premium,499.0,7460,33.89705291268784,0
TXN_101174,605,Premium,0.0,7905,43.43800041875426,0
TXN_101175,905,Free,0.0,11691,93.72539006203482,0
TXN_101176,838,Premium,29.99,8044,134.70851592406586,0
TXN_101177,982,Free,0.0,7763,147.9166030946375,0
TXN_101178,114,Enterprise,29.99,8467,52.31487070775049,0
TXN_101179,291,Free,499.0,12098,173.07679498704562,0
TXN_101180,730,Premium,0.0,9249,216.67110127484847,0
TXN_101181,584,Free,0.0,9640,135.56609942994234,0
TXN_101182,127,Premium,,16881,96.9894578922771,0
TXN_101183,813,Premium,29.99,6204,164.86454452851945,0
TXN_101184,138,Free,,7144,172.34792716359746,0
TXN_101185,372,Free,0.0,5281,105.20645620652394,0
TXN_101186,330,Premium,0.0,16795,100.35497400904126,0
TXN_101187,185,Unknown,0.0,10019,118.31768911559836,0
TXN_101188,573,Enterprise,0.0,8154,159.7797946475235,0
TXN_101189,225,Free,29.99,13022,165.72000306925747,0
TXN_101190,911,Free,0.0,14851,109.93041542836886,0
TXN_101191,636,Enterprise,29.99,7465,158.89798463481063,0
TXN_101192,244,Premium,0.0,6348,95.53063725255456,0
TXN_101193,624,Premium,499.0,8933,212.82497802659913,0
TXN_101194,311,Enterprise,0.0,10946,75.30407739467529,0
TXN_101195,124,Enterprise,0.0,11689,151.21241914218172,0
TXN_101196,679,Premium,29.99,10384,109.86711052995406,0
TXN_101197,493,Free,0.0,13931,110.78753364763413,0
TXN_101198,166,Free,29.99,11397,107.17380850456594,0
TXN_101199,332,Premium,0.0,8002,90.69202097767806,0
TXN_101200,208,Free,499.0,6912,83.64435943621555,0
TXN_101201,245,Free,29.99,8028,74.50741378887156,0
TXN_101202,210,Free,29.99,11053,114.5865901307734,0
TXN_101203,327,Free,,7727,123.38913200480698,0
TXN_101204,210,Premium,,5902,96.29869774515362,0
TXN_101205,569,Premium,29.99,5348,23.768498594472604,0
TXN_101206,133,Free,29.99,7268,121.27824796581551,0
TXN_101207,722,Free,29.99,6388,112.72477169378325,0
TXN_101208,875,Enterprise,0.0,10357,163.20501266220833,0
TXN_101209,1035,Free,,5924,114.35048052904844,0
TXN_101210,468,Premium,29.99,10702,134.63161316665514,0
TXN_101211,847,Enterprise,0.0,6494,173.47430971479483,0
TXN_101212,694,Free,0.0,6797,209.26855355555907,0
TXN_101213,653,Premium,0.0,9788,118.96447155759543,0
TXN_101214,524,Enterprise,0.0,9963,63.58602007895168,0
TXN_101215,712,Free,0.0,13907,184.04469848816657,0
TXN_101216,617,Premium,0.0,10181,-33.24764315469619,0
TXN_101217,791,Free,0.0,9337,73.1265072745619,0
TXN_101218,381,Free,29.99,12806,83.89213545050188,0
TXN_101219,419,Enterprise,0.0,3920,153.63045127606625,0
TXN_101220,837,Enterprise,0.0,10530,112.87994423905906,1
TXN_101221,542,Premium,29.99,8989,69.12727473892005,0
TXN_101222,414,Free,499.0,8857,232.49368428119152,0
TXN_101223,976,Free,29.99,8596,103.03217642171674,0
TXN_101224,840,Premium,0.0,10025,68.74373126671631,0
TXN_101225,476,Free,29.99,5897,64.92673618955212,0
TXN_101226,388,Premium,0.0,11057,65.09166112496519,0
TXN_101227,536,Premium,0.0,16674,121.8583466480217,0
TXN_101228,761,Premium,0.0,13113,97.1732394937431,0
TXN_101229,376,Premium,29.99,16808,96.68084074574072,0
TXN_101230,809,Free,29.99,10699,125.60352512935997,0
TXN_101231,681,Free,29.99,10523,109.70043176666012,0
TXN_101232,602,Free,0.0,11045,133.10154756216156,0
TXN_101233,723,Premium,499.0,9980,106.54228014751935,0
TXN_101234,615,Premium,0.0,13368,105.17091607005062,0
TXN_101235,449,Premium,0.0,11818,84.31417412923639,0
TXN_101236,942,Premium,0.0,5826,113.30828504713018,1
TXN_101237,545,Unknown,29.99,10930,143.9362231901955,0
TXN_101238,929,Free,0.0,13157,163.06793584323165,0
TXN_101239,449,Free,29.99,5421,123.3947589177013,0
TXN_101240,706,Free,499.0,6701,-32.92162227185685,0
TXN_101241,763,Premium,0.0,13866,191.6471635146184,0
TXN_101242,922,Free,29.99,19440,88.77048545157398,0
TXN_101243,236,Enterprise,0.0,5081,123.18919138736165,0
TXN_101244,858,Premium,0.0,12265,147.01813569981456,0
TXN_101245,998,Enterprise,0.0,12807,162.30455865973795,0
TXN_101246,342,Enterprise,,13496,240.27282747897246,0
TXN_101247,642,Free,0.0,6017,130.81607221542887,0
TXN_101248,139,Free,499.0,7528,152.65907169152672,0
TXN_101249,328,Premium,0.0,12817,130.17562672961566,0
TXN_101250,647,Free,499.0,6217,165.13270081260578,0
TXN_101251,1019,Free,499.0,7660,166.00596766858752,0
TXN_101252,322,Premium,29.99,11105,178.58900522204274,0
TXN_101253,105,Free,499.0,7826,70.73104815872036,0
TXN_101254,421,Premium,0.0,9705,111.94714359875981,0
TXN_101255,567,Premium,29.99,10947,166.1152910149563,0
TXN_101256,831,Free,29.99,14306,110.31836528024733,0
TXN_101257,174,Free,29.99,14468,141.07252587306587,0
TXN_101258,103,Free,499.0,12263,127.40535895804427,0
TXN_101259,946,Premium,0.0,6297,109.77457483195103,0
TXN_101260,745,Free,0.0,6756,39.79472944675503,0
TXN_101261,217,Enterprise,0.0,12399,93.35595430110709,0
TXN_101262,980,Free,499.0,8322,137.63882191087686,0
TXN_101263,705,Free,499.0,8132,130.96256669817782,0
TXN_101264,603,Free,29.99,14717,102.58463004043291,0
TXN_101265,1046,Free,29.99,7946,109.15801334600323,0
TXN_101266,673,Free,29.99,13688,213.78570018705784,0
TXN_101267,540,Premium,29.99,9835,128.10860366055442,0
TXN_101268,293,Premium,0.0,9527,92.46863642786134,0
TXN_101269,946,Free,29.99,6632,64.58056115483606,0
TXN_101270,814,Free,29.99,7124,166.80581747582502,1
TXN_101271,491,Premium,29.99,10355,120.40590138117045,0
TXN_101272,125,Premium,0.0,6390,79.95263790182545,0
TXN_101273,534,Free,499.0,5524,35.30218027127853,0
TXN_101274,272,Enterprise,499.0,5785,114.33940904330096,0
TXN_101275,399,Free,29.99,7199,211.1181015657199,0
TXN_101276,744,Premium,29.99,10328,173.54603022838455,0
TXN_101277,425,Free,29.99,9016,97.2383415380209,0
TXN_101278,509,Free,29.99,10506,142.3854933144805,0
TXN_101279,217,Enterprise,0.0,5372,55.33049470910191,0
TXN_101280,935,Free,499.0,13647,110.73941769960621,0
TXN_101281,886,Premium,29.99,12755,121.0720807949646,0
TXN_101282,823,Free,29.99,11345,-999.0,0
TXN_101283,324,Premium,29.99,6517,79.19124974533386,1
TXN_101284,631,Enterprise,29.99,10796,88.55765367523722,0
TXN_101285,212,Free,499.0,9755,138.36306979037352,0
TXN_101286,239,Enterprise,29.99,11804,131.6131585793531,0
TXN_101287,658,Premium,499.0,13749,78.720105075636,0
TXN_101288,100,Premium,29.99,12905,147.54290316458327,0
TXN_101289,189,Premium,,6474,120.66595531089084,1
TXN_101290,753,Enterprise,499.0,6087,197.9943764815877,0
TXN_101291,419,Free,0.0,8257,63.356140161492206,0
TXN_101292,649,Free,499.0,8023,192.8345122063187,0
TXN_101293,904,Enterprise,29.99,6588,98.33421292035212,0
TXN_101294,993,Premium,,9462,191.2599386443061,0
TXN_101295,238,Free,29.99,9835,148.97081325883906,0
TXN_101296,610,Premium,0.0,8052,59.21434991737365,0
TXN_101297,967,Premium,0.0,14034,126.43341838239273,0
TXN_101298,944,Free,29.99,6203,-999.0,0
TXN_101299,358,Free,499.0,6170,86.99303228723957,0
TXN_101300,772,Premium,29.99,11309,173.44331569285566,0
TXN_101301,1001,Free,0.0,14858,173.1949197238742,0
TXN_101302,789,Premium,29.99,7693,190.14027819035903,0
TXN_101303,109,Enterprise,29.99,10607,144.43332023882255,0
TXN_101304,360,Free,0.0,6938,86.52007471017933,0
TXN_101305,1018,Free,0.0,8580,152.77418165413297,0
TXN_101306,749,Free,0.0,9466,174.4305830901599,0
TXN_101307,271,Free,0.0,8035,157.49696820048106,0
TXN_101308,997,Premium,0.0,9559,22.193444069730603,0
TXN_101309,112,Free,0.0,14391,130.31479597302751,0
TXN_101310,267,Premium,499.0,9362,152.42365530428356,0
TXN_101311,741,Free,0.0,7299,188.15982470544895,1
TXN_101312,695,Free,0.0,11751,49.906163058231044,0
TXN_101313,420,Free,0.0,8782,70.17612552122864,0
TXN_101314,418,Free,29.99,10128,117.65144747388813,0
TXN_101315,712,Free,29.99,11678,234.52423301727066,0
TXN_101316,428,Free,0.0,9519,155.0709333609455,0
TXN_101317,884,Enterprise,29.99,12438,87.6828280232514,0
TXN_101318,876,Premium,29.99,13781,118.57301776491512,0
TXN_101319,1010,Free,0.0,7789,151.99338872399406,0
TXN_101320,1019,Free,29.99,12002,135.37587356818284,0
TXN_101321,649,Free,29.99,8588,131.04550080039405,0
TXN_101322,518,Free,0.0,6742,100.14427027016477,0
TXN_101323,705,Free,29.99,9902,102.54646339534818,0
TXN_101324,194,Free,499.0,7709,136.6425065684795,0
TXN_101325,916,Free,29.99,10757,148.6190284919948,0
TXN_101326,680,Free,0.0,9581,39.18267455102989,0
TXN_101327,417,Free,499.0,7941,112.32229025897955,1
TXN_101328,335,Free,29.99,12726,179.26754701399074,1
TXN_101329,1045,Premium,0.0,11206,218.47741943569136,0
TXN_101330,433,Free,0.0,9395,158.5986967262352,0
TXN_101331,984,Free,29.99,8517,146.26538257714446,0
TXN_101332,475,Premium,499.0,16128,172.36216563612746,0
TXN_101333,558,Enterprise,0.0,4832,135.8396708781394,0
TXN_101334,236,Enterprise,0.0,17398,67.66841149279996,0
TXN_101335,1029,Premium,29.99,6809,105.73308042416795,0
TXN_101336,687,Free,499.0,5866,56.02851344252291,0
TXN_101337,646,Premium,0.0,3475,160.079246488635,0
TXN_101338,612,Premium,499.0,13598,30.10310940906396,0
TXN_101339,395,Free,29.99,12477,134.80334729604212,0
TXN_101340,419,Premium,499.0,12521,139.67460138505416,0
TXN_101341,1017,Enterprise,29.99,15273,118.87405240575791,0
TXN_101342,671,Free,0.0,8435,-3.5155683810262275,0
TXN_101343,931,Free,29.99,16615,56.42734635563088,0
TXN_101344,448,Free,499.0,12835,126.03501453138453,0
TXN_101345,939,Free,0.0,9078,155.8052299148273,0
TXN_101346,878,Free,29.99,10551,119.84403289547798,0
TXN_101347,972,Premium,0.0,4467,180.6454493668059,0
TXN_101348,328,Premium,0.0,9617,144.54879708608476,0
TXN_101349,369,Free,499.0,10711,120.59392960631601,0
TXN_101350,927,Enterprise,0.0,9748,117.87249637983413,0
TXN_101351,897,Free,499.0,8593,89.04411013898707,0
TXN_101352,390,Free,0.0,17641,229.03262918498143,0
TXN_101353,824,Premium,,4106,157.0396210836243,0
TXN_101354,264,Premium,0.0,10829,138.25397223619368,0
TXN_101355,104,Premium,0.0,15244,114.86471423408855,0
TXN_101356,950,Enterprise,0.0,13067,129.06340542983335,0
TXN_101357,478,Premium,499.0,11122,33.54389931155153,0
TXN_101358,177,Enterprise,0.0,12394,122.09989622619877,0
TXN_101359,509,Free,0.0,4379,118.24615450695948,0
TXN_101360,673,Premium,499.0,10193,-1.2511967090238585,0
TXN_101361,231,Unknown,499.0,3444,180.0645046829473,0
TXN_101362,700,Premium,499.0,4240,133.12012704178426,0
TXN_101363,848,Free,0.0,15172,128.25717011911902,0
TXN_101364,141,Premium,0.0,12342,88.89681072854322,0
TXN_101365,188,Premium,29.99,9896,183.92799892228845,0
TXN_101366,501,Free,29.99,10576,137.37481267261228,0
TXN_101367,395,Unknown,0.0,17186,71.96614120135712,0
TXN_101368,939,Free,0.0,10640,58.93976288524505,0
TXN_101369,394,Free,,9995,73.33335254377893,0
TXN_101370,715,Enterprise,0.0,5348,99.36266837049322,0
TXN_101371,625,Free,29.99,10300,93.0555686403612,0
TXN_101372,899,Free,29.99,6159,93.97596965034877,0
TXN_101373,790,Premium,29.99,11439,138.48674225728163,0
TXN_101374,736,Premium,29.99,12343,95.83314434325655,0
TXN_101375,521,Free,0.0,7800,175.73152673152885,0
TXN_101376,964,Unknown,0.0,9435,208.3864391415286,0
TXN_101377,122,Premium,499.0,11364,68.39125519492535,0
TXN_101378,674,Premium,0.0,6163,178.74193876251923,0
TXN_101379,242,Premium,499.0,8088,78.25108116713591,0
TXN_101380,764,Premium,29.99,8207,162.42104339033932,0
TXN_101381,244,Free,29.99,13048,139.23872202657066,0
TXN_101382,324,Free,0.0,11361,172.9210896962034,0
TXN_101383,602,Premium,0.0,10563,68.90677889275659,0
TXN_101384,920,Enterprise,29.99,16217,151.66436163661666,0
TXN_101385,715,Free,0.0,12124,72.11879485911459,0
TXN_101386,203,Premium,,14140,106.99832801785662,0
TXN_101387,1046,Enterprise,,12048,82.67266557481364,0
TXN_101388,138,Free,0.0,7693,69.54870143074248,0
TXN_101389,1046,Free,0.0,5346,124.080860935857,0
TXN_101390,297,Free,0.0,7483,155.39468810930163,0
TXN_101391,745,Premium,,6972,125.18776773933837,0
TXN_101392,678,Free,0.0,11283,120.70428109403564,0
TXN_101393,490,Free,0.0,8512,109.7442605744301,0
TXN_101394,278,Premium,29.99,12405,162.5222473375588,0
TXN_101395,653,Premium,0.0,18278,83.8193147917384,0
TXN_101396,547,Free,0.0,13941,159.90613596878973,1
TXN_101397,599,Free,0.0,6794,118.95778680217418,0
TXN_101398,114,Premium,29.99,5068,263.7847215013935,0
TXN_101399,722,Enterprise,0.0,15184,125.19487750846758,0
TXN_101400,768,Enterprise,29.99,12433,114.8621968469008,0
TXN_101401,388,Premium,499.0,10654,37.87237800447703,0
TXN_101402,577,Free,29.99,8351,177.47872172030998,0
TXN_101403,330,Free,29.99,9530,78.11934813470805,0
TXN_101404,1022,Free,0.0,6808,120.61096845651336,0
TXN_101405,519,Free,0.0,9321,106.64758433206006,0
TXN_101406,256,Premium,0.0,14209,145.49155165628855,0
TXN_101407,649,Free,29.99,12031,107.30257373783303,1
TXN_101408,540,Free,0.0,7028,64.19851748370851,0
TXN_101409,196,Unknown,0.0,7373,76.3325662143717,0
TXN_101410,510,Free,0.0,9166,70.32327193356848,0
TXN_101411,388,Free,0.0,11275,128.3844082801375,0
TXN_101412,353,Free,29.99,7021,177.86364108852675,0
TXN_101413,295,Premium,29.99,9032,106.1322274309909,0
TXN_101414,697,Premium,0.0,13093,146.79437322173257,0
TXN_101415,933,Free,29.99,10155,160.37720672022206,0
TXN_101416,621,Premium,29.99,8873,133.81262666107995,0
TXN_101417,616,Premium,29.99,20078,82.2497137485648,0
TXN_101418,734,Enterprise,499.0,10041,177.44360732783971,0
TXN_101419,941,Unknown,0.0,4791,84.17604993435125,0
TXN_101420,964,Enterprise,0.0,10508,134.38926701862795,0
TXN_101421,217,Premium,29.99,17813,120.05692713214046,0
TXN_101422,905,Free,499.0,9479,141.44638529940343,0
TXN_101423,1008,Free,29.99,10724,137.14247339791183,0
TXN_101424,258,Free,499.0,5262,156.305860019553,0
TXN_101425,914,Premium,499.0,9931,124.15119160112542,0
TXN_101426,327,Enterprise,29.99,9408,146.59901863353818,1
TXN_101427,976,Premium,29.99,6725,160.7407791073562,0
TXN_101428,315,Free,0.0,9554,50.513676784742614,0
TXN_101429,1047,Premium,29.99,9452,179.58515947614336,0
TXN_101430,795,Enterprise,29.99,9657,111.52135148411631,0
TXN_101431,114,Premium,29.99,7565,135.0391484966782,0
TXN_101432,256,Enterprise,0.0,9091,126.95297931882881,0
TXN_101433,747,Enterprise,0.0,6377,102.15402137960712,0
TXN_101434,360,Enterprise,499.0,11351,114.75027734796241,0
TXN_101435,256,Premium,29.99,7040,126.00856426397459,0
TXN_101436,146,Premium,,7550,110.7073360353368,0
TXN_101437,423,Free,0.0,11451,169.46800585369652,0
TXN_101438,943,Free,0.0,12187,160.542350432826,0
TXN_101439,784,Premium,0.0,5655,97.03342422613076,0
TXN_101440,229,Free,499.0,15048,209.80099004730994,0
TXN_101441,510,Unknown,0.0,8821,52.55987612019514,0
TXN_101442,194,Free,499.0,10848,71.92073561117672,0
TXN_101443,726,Enterprise,0.0,15867,116.9893658442449,0
TXN_101444,854,Free,499.0,13420,133.60931847537455,1
TXN_101445,1031,Free,499.0,9704,86.92019695176606,0
TXN_101446,391,Enterprise,499.0,12922,104.21025915869478,0
TXN_101447,893,Free,0.0,9184,73.41662965475015,0
TXN_101448,910,Free,29.99,8604,106.76375363135946,0
TXN_101449,382,Free,0.0,8339,50.80265184057615,0
TXN_101450,168,Premium,0.0,11005,103.66420917940266,0
TXN_101451,759,Free,0.0,9704,101.70963866236502,0
TXN_101452,110,Premium,29.99,18477,69.11706346040495,0
TXN_101453,353,Premium,0.0,7234,186.85098230209175,0
TXN_101454,941,Premium,499.0,12573,147.1546533163575,0
TXN_101455,971,Premium,0.0,9218,175.16066349802801,0
TXN_101456,649,Premium,0.0,17277,122.6334528704402,0
TXN_101457,233,Free,0.0,5743,141.81262349350135,0
TXN_101458,811,Enterprise,499.0,6829,113.66777143524965,0
TXN_101459,122,Free,0.0,5486,112.97727596174619,0
TXN_101460,914,Premium,499.0,13962,153.63098266824164,0
TXN_101461,445,Free,29.99,10483,85.43721063417077,0
TXN_101462,401,Enterprise,499.0,8208,113.55440591289867,0
TXN_101463,462,Free,0.0,13452,201.123498553814,0
TXN_101464,495,Free,29.99,8570,116.75462517722517,0
TXN_101465,317,Premium,29.99,12674,128.40541320895784,0
TXN_101466,240,Premium,499.0,9690,164.94700724768373,0
TXN_101467,715,Free,0.0,10057,171.991420763509,0
TXN_101468,309,Premium,499.0,15502,165.17440361418144,0
TXN_101469,722,Premium,0.0,12650,71.01404364487664,0
TXN_101470,715,Unknown,29.99,12174,98.72142868711717,0
TXN_101471,927,Premium,0.0,10931,197.69724385572474,1
TXN_101472,782,Free,0.0,13928,111.12726808527562,1
TXN_101473,559,Free,0.0,7212,144.45114909869739,0
TXN_101474,455,Enterprise,499.0,8469,156.44539488620381,0
TXN_101475,423,Enterprise,,4389,194.01294408921927,0
TXN_101476,232,Free,0.0,12278,79.28820575106067,1
TXN_101477,987,Free,499.0,11771,131.59470128348084,0
TXN_101478,904,Premium,29.99,7788,118.3775674307727,0
TXN_101479,939,Free,29.99,13162,239.73319224036067,0
TXN_101480,226,Free,0.0,11471,93.91137719907232,0
TXN_101481,205,Free,29.99,7531,77.07353257655441,0
TXN_101482,703,Free,0.0,9020,208.5057816155765,0
TXN_101483,898,Free,0.0,7326,239.8674773109557,0
TXN_101484,477,Premium,29.99,3891,173.663643903687,0
TXN_101485,1004,Free,499.0,9014,49.20732074834562,0
TXN_101486,150,Free,29.99,7243,75.82273146201749,0
TXN_101487,128,Free,499.0,11177,80.57414876632751,0
TXN_101488,561,Free,499.0,13645,211.5715465401524,1
TXN_101489,395,Free,0.0,5918,116.46484242091607,0
TXN_101490,396,Free,0.0,19625,133.4270733487659,0
TXN_101491,825,Premium,29.99,11406,105.55118005538333,0
TXN_101492,878,Free,499.0,9369,60.09655994698075,0
TXN_101493,506,Free,,6217,87.26299068191275,0
TXN_101494,868,Free,499.0,8498,208.2781074797943,0
TXN_101495,913,Premium,29.99,8395,118.15834690069511,0
TXN_101496,712,Enterprise,499.0,8915,-999.0,0
TXN_101497,504,Free,0.0,10047,149.82763504839127,0
TXN_101498,445,Enterprise,0.0,8244,116.4404194674282,0
TXN_101499,721,Free,29.99,7265,117.62996428355916,0
TXN_101500,519,Enterprise,499.0,8626,109.14542275417128,0
TXN_101501,281,Free,,5432,67.69636524702409,0
TXN_101502,924,Premium,0.0,18392,-999.0,0
TXN_101503,100,Premium,499.0,6932,218.74952233066193,0
TXN_101504,930,Free,499.0,12268,160.03714069495902,0
TXN_101505,1049,Enterprise,29.99,9026,151.28326197228543,0
TXN_101506,666,Premium,0.0,6973,111.32312222237087,0
TXN_101507,470,Free,29.99,4550,124.31663282054821,0
TXN_101508,1035,Free,29.99,10265,196.1299240012786,0
TXN_101509,1010,Free,29.99,10098,125.18053129445447,0
TXN_101510,760,Enterprise,29.99,8123,132.48124521926104,0
TXN_101511,530,Premium,499.0,10673,144.76334193937788,0
TXN_101512,408,Free,0.0,7876,64.62011364147935,0
TXN_101513,236,Premium,0.0,6191,114.24031062398242,0
TXN_101514,301,Enterprise,29.99,14390,64.6012409203951,1
TXN_101515,535,Premium,0.0,7766,-4.850226757957785,0
TXN_101516,412,Premium,,8989,52.95186713613995,0
TXN_101517,216,Premium,0.0,9506,118.05178171874155,0
TXN_101518,765,Free,29.99,18908,179.52907716862768,0
TXN_101519,1036,Free,499.0,12935,135.66291762137055,0
TXN_101520,902,Enterprise,0.0,12674,141.1090285390735,0
TXN_101521,674,Free,499.0,10487,165.83546484437647,0
TXN_101522,343,Enterprise,29.99,12544,203.71099157766668,0
TXN_101523,636,Free,0.0,8056,153.53523285992182,0
TXN_101524,701,Free,499.0,6978,86.50213578737718,0
TXN_101525,174,Enterprise,0.0,6796,117.79288834231697,0
TXN_101526,905,Premium,29.99,10964,183.31501540119828,0
TXN_101527,485,Free,0.0,4502,151.8196925961305,0
TXN_101528,1002,Premium,0.0,10642,85.79245152083936,0
TXN_101529,309,Premium,499.0,5012,133.69373050608215,0
TXN_101530,574,Premium,499.0,11641,181.22930072117174,0
TXN_101531,517,Free,0.0,8635,165.81622493413016,0
TXN_101532,446,Enterprise,29.99,7602,153.00706261663655,0
TXN_101533,628,Enterprise,499.0,12527,73.74258600274035,0
TXN_101534,739,Free,499.0,10394,75.62855027604384,0
TXN_101535,1038,Enterprise,29.99,11905,125.01435170318419,0
TXN_101536,975,Enterprise,499.0,15922,204.0543774904055,0
TXN_101537,862,Premium,29.99,6482,146.3540002649366,0
TXN_101538,278,Premium,29.99,15685,120.7077512703563,0
TXN_101539,281,Free,,3531,91.10082891039576,0
TXN_101540,763,Free,0.0,11647,155.45897447981912,0
TXN_101541,124,Premium,0.0,11424,173.14439541138756,0
TXN_101542,279,Enterprise,0.0,7222,104.92370109962141,0
TXN_101543,809,Premium,0.0,10986,110.3206312892043,0
TXN_101544,600,Premium,0.0,12389,96.91628971940504,0
TXN_101545,955,Free,29.99,12975,70.5605993970367,0
TXN_101546,260,Free,29.99,10995,47.79559177677977,0
TXN_101547,276,Free,0.0,6647,154.83371883431536,0
TXN_101548,384,Free,0.0,12442,60.87257565130909,0
TXN_101549,162,Premium,0.0,7354,160.97689109960768,0
TXN_101550,761,Free,0.0,12039,-999.0,0
TXN_101551,765,Premium,29.99,11805,-999.0,0
TXN_101552,255,Free,0.0,16359,100.94336216029815,0
TXN_101553,981,Premium,,7071,134.8881515254002,0
TXN_101554,568,Premium,0.0,6472,108.39034095092184,0
TXN_101555,148,Free,499.0,11792,99.52941587632446,0
TXN_101556,948,Free,0.0,8003,69.41714706674307,0
TXN_101557,183,Free,499.0,10135,118.19348549128448,0
TXN_101558,460,Enterprise,29.99,9107,188.66398165070478,1
TXN_101559,788,Free,499.0,9441,152.91853415648947,0
TXN_101560,247,Premium,29.99,8348,67.06368334112688,0
TXN_101561,729,Unknown,,6904,106.10128802377993,0
TXN_101562,441,Premium,29.99,8190,101.82349248219131,0
TXN_101563,575,Free,499.0,11479,144.04398829367102,0
TXN_101564,162,Enterprise,499.0,16976,50.74215906734658,0
TXN_101565,800,Free,29.99,8758,166.69924669026048,0
TXN_101566,459,Free,29.99,10660,244.83951835776645,0
TXN_101567,660,Enterprise,0.0,4156,127.13728075285897,0
TXN_101568,426,Premium,499.0,9989,109.74187783228493,0
TXN_101569,868,Free,29.99,15135,167.53213421902643,0
TXN_101570,835,Free,29.99,8850,71.89816235315735,0
TXN_101571,240,Free,0.0,8945,175.2723403815295,0
TXN_101572,314,Premium,29.99,13066,78.1006395975972,0
TXN_101573,534,Free,29.99,12016,241.49679107853856,0
TXN_101574,990,Unknown,29.99,9117,34.456421964933696,0
TXN_101575,822,Enterprise,0.0,11888,88.89068686253836,0
TXN_101576,417,Enterprise,0.0,11391,138.37490172506546,0
TXN_101577,131,Free,0.0,4073,152.41977184370407,0
TXN_101578,769,Premium,29.99,12362,97.76928962561091,0
TXN_101579,384,Enterprise,0.0,6940,176.89065797974877,0
TXN_101580,404,Enterprise,29.99,13878,72.14408836059218,0
TXN_101581,528,Free,29.99,10262,70.62196908229504,0
TXN_101582,576,Free,,7792,60.86974972471367,0
TXN_101583,385,Free,0.0,12929,129.52005625491825,0
TXN_101584,243,Premium,0.0,9698,113.66488822642316,0
TXN_101585,523,Premium,29.99,5078,65.41208106105285,0
TXN_101586,118,Enterprise,29.99,10333,127.62792381299509,0
TXN_101587,117,Free,0.0,21424,67.80928053207197,0
TXN_101588,868,Free,499.0,7178,132.601145353817,0
TXN_101589,689,Free,29.99,8193,161.81319785070892,0
TXN_101590,470,Free,0.0,6113,71.35350937319063,0
TXN_101591,274,Free,0.0,7849,102.0998871173849,1
TXN_101592,293,Premium,499.0,12852,189.06512636224767,0
TXN_101593,601,Premium,0.0,5465,99.00723457527032,0
TXN_101594,212,Premium,0.0,12822,95.77908521057665,0
TXN_101595,213,Free,0.0,8647,225.16610458045983,0
TXN_101596,321,Free,29.99,11274,166.8311948911168,0
TXN_101597,777,Free,499.0,11351,102.19085215445831,0
TXN_101598,1046,Enterprise,0.0,13723,148.31473405843383,0
TXN_101599,930,Free,0.0,9625,12.080812659441605,0
TXN_101600,743,Enterprise,0.0,12139,89.5450174750089,0
TXN_101601,996,Free,29.99,5003,106.1009373777501,0
TXN_101602,363,Enterprise,0.0,10056,96.77401626536654,0
TXN_101603,1024,Enterprise,499.0,13000,84.91332818146836,0
TXN_101604,154,Free,0.0,8208,145.71487089845868,0
TXN_101605,970,Premium,0.0,16008,105.9806801779469,0
TXN_101606,742,Free,0.0,11253,113.41128444056795,0
TXN_101607,899,Enterprise,499.0,9848,102.84787949455296,0
TXN_101608,877,Free,29.99,11544,97.81633018083066,0
TXN_101609,557,Free,,3312,148.47482652303805,0
TXN_101610,977,Premium,0.0,9458,149.6787883353868,0
TXN_101611,261,Enterprise,0.0,8322,154.16449358111404,0
TXN_101612,479,Free,29.99,8952,119.97097275035924,0
TXN_101613,186,Premium,29.99,13106,119.85378888693344,0
TXN_101614,154,Free,29.99,8878,105.16144884824269,0
TXN_101615,575,Free,0.0,11590,157.60867744037614,0
TXN_101616,899,Premium,0.0,7888,84.60111454292479,0
TXN_101617,277,Free,0.0,8414,124.85776012144197,0
TXN_101618,490,Free,29.99,7392,115.76806701845099,0
TXN_101619,448,Enterprise,29.99,9592,73.53674240614197,0
TXN_101620,107,Free,499.0,10820,107.93877651329484,0
TXN_101621,932,Premium,0.0,9118,107.32161593397673,0
TXN_101622,412,Free,499.0,5435,162.96296523268495,0
TXN_101623,858,Free,0.0,12439,131.61543495914265,0
TXN_101624,934,Free,0.0,9164,152.81118613957005,0
TXN_101625,542,Premium,,13811,50.88083000489321,0
TXN_101626,866,Premium,29.99,9624,79.00937775881408,0
TXN_101627,427,Free,29.99,9937,175.0556255106934,0
TXN_101628,153,Free,29.99,6475,81.56214029777595,0
TXN_101629,860,Enterprise,0.0,13667,126.54792855299725,0
TXN_101630,338,Free,29.99,8592,92.69595088576168,0
TXN_101631,328,Enterprise,499.0,8282,155.53205886836506,0
TXN_101632,678,Free,0.0,6355,104.82117755006165,0
TXN_101633,150,Premium,29.99,14012,114.36118989613541,0
TXN_101634,708,Free,499.0,7214,83.93706304309842,0
TXN_101635,703,Enterprise,0.0,5687,100.92010022095857,0
TXN_101636,363,Premium,0.0,4401,158.25251237130897,0
TXN_101637,517,Free,0.0,8454,117.13216203633668,0
TXN_101638,902,Free,29.99,6214,72.47375694392727,0
TXN_101639,195,Premium,499.0,11172,153.33359736135603,0
TXN_101640,187,Premium,29.99,13332,86.39517667773204,0
TXN_101641,177,Free,0.0,7739,130.77601843461483,0
TXN_101642,387,Free,29.99,10781,104.62483428809729,0
TXN_101643,219,Enterprise,499.0,6247,168.99168924003735,0
TXN_101644,913,Free,0.0,9771,185.4328317884333,0
TXN_101645,590,Premium,499.0,14098,123.07412112473435,0
TXN_101646,1011,Free,499.0,9344,-8.173998912090752,0
TXN_101647,551,Enterprise,0.0,8357,107.22026658744873,0
TXN_101648,599,Enterprise,0.0,8635,97.80795768778867,0
TXN_101649,264,Unknown,29.99,8819,114.68545477244993,1
TXN_101650,281,Free,29.99,8792,157.861530863822,0
TXN_101651,568,Enterprise,499.0,5288,95.5909428137336,0
TXN_101652,1009,Free,29.99,8907,114.76174730200296,0
TXN_101653,834,Premium,0.0,7142,134.2422704666218,0
TXN_101654,922,Premium,0.0,10224,141.59963143699457,0
TXN_101655,1043,Free,499.0,16731,135.45542537656465,0
TXN_101656,106,Enterprise,0.0,7670,82.0323134089004,0
TXN_101657,429,Free,29.99,6225,166.81732824143046,0
TXN_101658,874,Premium,0.0,8980,129.31690554653065,0
TXN_101659,772,Premium,0.0,11502,36.36899397348124,0
TXN_101660,250,Premium,0.0,15782,72.33451886585483,0
TXN_101661,184,Free,0.0,11405,113.91221826445593,0
TXN_101662,246,Free,29.99,13494,137.03001167217607,0
TXN_101663,723,Enterprise,0.0,7361,156.34254226282295,0
TXN_101664,480,Free,499.0,8453,196.12686006140518,0
TXN_101665,1014,Free,29.99,9299,115.62571869503469,0
TXN_101666,647,Free,29.99,13710,122.35939091139547,0
TXN_101667,384,Free,0.0,9690,64.83745899753887,0
TXN_101668,799,Enterprise,29.99,8122,128.93429896160853,0
TXN_101669,181,Free,0.0,16637,135.94720601113585,0
TXN_101670,613,Premium,,15843,159.99123941867464,0
TXN_101671,996,Free,29.99,8972,159.46984175121153,0
TXN_101672,914,Free,0.0,8055,132.7087566725626,0
TXN_101673,808,Free,29.99,12898,136.1823901192655,0
TXN_101674,1015,Free,0.0,12235,128.9235748959017,0
TXN_101675,622,Free,0.0,13049,114.65202812745294,1
TXN_101676,845,Premium,499.0,11622,135.77594223575773,0
TXN_101677,485,Free,0.0,7478,98.91253258015396,0
TXN_101678,806,Free,29.99,11023,64.38711652649522,0
TXN_101679,570,Free,,10563,84.71691504942521,0
TXN_101680,218,Free,0.0,12527,127.73189757725923,0
TXN_101681,495,Enterprise,0.0,10133,-999.0,0
TXN_101682,631,Premium,0.0,4527,163.54942010238418,0
TXN_101683,360,Free,0.0,5982,222.43419695320569,0
TXN_101684,904,Free,0.0,9590,137.42301547448702,0
TXN_101685,1033,Unknown,499.0,11722,75.0284355308276,0
TXN_101686,355,Free,499.0,11656,98.27255233237673,0
TXN_101687,833,Enterprise,29.99,9671,174.24867563361698,0
TXN_101688,1004,Free,0.0,10926,162.62183808199737,0
TXN_101689,325,Enterprise,499.0,15366,134.44842403197754,1
TXN_101690,152,Enterprise,29.99,8771,72.01167180859613,0
TXN_101691,1039,Premium,0.0,8823,152.8576126144246,0
TXN_101692,966,Free,0.0,7082,118.72347364548904,0
TXN_101693,599,Free,0.0,10559,131.52894976339897,0
TXN_101694,605,Free,499.0,10910,213.68242704503825,0
TXN_101695,953,Free,29.99,13108,105.7941235577517,0
TXN_101696,463,Free,29.99,10394,39.60175993470524,0
TXN_101697,379,Free,29.99,9771,155.93009810826692,0
TXN_101698,692,Premium,29.99,9051,69.06254653953701,0
TXN_101699,813,Premium,0.0,16054,46.86430210733948,0
TXN_101700,257,Free,29.99,10273,153.77585247347616,0
TXN_101701,731,Free,499.0,9715,123.07243003706049,0
TXN_101702,158,Unknown,0.0,10502,90.78626597879214,0
TXN_101703,826,Free,,12094,135.89946320476062,0
TXN_101704,227,Premium,0.0,5731,166.22648308464204,0
TXN_101705,835,Free,0.0,8045,193.1195742941115,0
TXN_101706,820,Free,29.99,6173,149.55050958270073,0
TXN_101707,981,Free,499.0,7171,79.49397977460288,0
TXN_101708,214,Free,29.99,5813,49.57469910876702,0
TXN_101709,308,Enterprise,29.99,9821,155.40876897026726,0
TXN_101710,625,Premium,29.99,15953,93.46943795496766,0
TXN_101711,620,Free,29.99,19029,74.4126794746357,0
TXN_101712,651,Unknown,0.0,9396,134.1096794573227,0
TXN_101713,336,Free,0.0,7341,105.04255951411908,0
TXN_101714,380,Unknown,0.0,14190,117.71084070728789,0
TXN_101715,458,Unknown,0.0,17810,111.90837002106908,0
TXN_101716,300,Free,0.0,10379,182.80683776551945,0
TXN_101717,857,Free,29.99,10479,-999.0,0
TXN_101718,377,Free,29.99,9207,85.45761504572799,0
TXN_101719,334,Premium,0.0,8543,116.35418460636434,0
TXN_101720,593,Premium,0.0,10491,137.71744179960245,1
TXN_101721,103,Unknown,0.0,7441,86.41949547897752,0
TXN_101722,765,Premium,0.0,11556,169.87179701229547,0
TXN_101723,541,Free,0.0,10281,64.48742699307977,0
TXN_101724,128,Free,29.99,6769,151.97176561996616,0
TXN_101725,208,Premium,0.0,6052,158.55070818203328,0
TXN_101726,709,Free,29.99,11648,141.26919169620447,0
TXN_101727,826,Premium,29.99,6411,196.36812184090257,0
TXN_101728,904,Free,0.0,8227,59.73094368672142,0
TXN_101729,174,Free,0.0,6636,106.53008501949135,0
TXN_101730,937,Free,0.0,6840,46.63977281199142,0
TXN_101731,245,Premium,0.0,7767,134.86699231129444,1
TXN_101732,227,Free,0.0,10807,105.19403911078568,0
TXN_101733,952,Premium,499.0,10611,228.9999326827052,0
TXN_101734,141,Free,0.0,7035,165.4591003366609,0
TXN_101735,455,Premium,,9899,148.32995782466182,0
TXN_101736,140,Premium,0.0,6556,174.66699547394535,0
TXN_101737,1033,Free,499.0,5685,89.12952871286755,0
TXN_101738,133,Premium,29.99,19983,141.7793986488834,0
TXN_101739,116,Free,0.0,12502,28.349344131159143,0
TXN_101740,776,Free,0.0,8693,85.90383945408739,0
TXN_101741,252,Free,29.99,13715,154.5720828053844,0
TXN_101742,477,Premium,499.0,6965,193.7593572759366,0
TXN_101743,687,Enterprise,0.0,13289,206.38142230913985,0
TXN_101744,698,Premium,0.0,11365,108.22532746417805,0
TXN_101745,728,Premium,0.0,10062,149.88759326003623,0
TXN_101746,973,Premium,0.0,14910,110.73300227993803,0
TXN_101747,441,Free,499.0,7120,92.38531632498893,0
TXN_101748,126,Enterprise,29.99,12828,226.34052121714828,0
TXN_101749,924,Free,0.0,12607,80.42489330606784,0
TXN_101750,386,Unknown,0.0,9127,106.25414180291926,0
TXN_101751,745,Premium,0.0,8440,172.51125824508733,1
TXN_101752,830,Premium,499.0,17587,32.48723854077252,0
TXN_101753,267,Premium,499.0,14184,75.51736389652496,0
TXN_101754,709,Free,0.0,8137,93.02586829951301,0
TXN_101755,367,Premium,0.0,8425,104.68022360675117,0
TXN_101756,848,Free,499.0,11463,151.5469704773992,0
TXN_101757,920,Premium,0.0,7503,121.27095122119643,0
TXN_101758,554,Premium,0.0,9452,104.83326692830545,0
TXN_101759,1005,Enterprise,0.0,11318,86.78395029863734,0
TXN_101760,784,Premium,0.0,11825,104.56881810552757,1
TXN_101761,500,Free,0.0,10924,91.99680074980962,0
TXN_101762,1021,Free,,9671,170.23622366718305,0
TXN_101763,575,Premium,29.99,9636,137.3415573280991,0
TXN_101764,801,Free,0.0,5522,168.37546317847313,0
TXN_101765,733,Free,0.0,6510,31.89449660761825,0
TXN_101766,657,Enterprise,29.99,16844,195.54311910931136,0
TXN_101767,675,Premium,0.0,5370,129.05743180792138,0
TXN_101768,229,Premium,0.0,14843,104.09513077799483,1
TXN_101769,921,Free,0.0,19053,71.14242659073926,0
TXN_101770,462,Premium,29.99,12136,94.20209818966485,0
TXN_101771,804,Free,0.0,8516,176.19347660954588,0
TXN_101772,918,Premium,0.0,8635,115.90075570208735,0
TXN_101773,792,Free,0.0,10460,121.94461352931467,1
TXN_101774,391,Enterprise,0.0,11622,71.0035209901847,0
TXN_101775,470,Free,,13156,153.00443028810014,0
TXN_101776,893,Free,29.99,7800,20.044168407636775,0
TXN_101777,128,Premium,0.0,9367,122.47305621958607,0
TXN_101778,248,Premium,0.0,6790,88.89154306046365,0
TXN_101779,878,Free,29.99,10986,168.1834250147845,0
TXN_101780,395,Premium,0.0,8368,126.50537750035355,1
TXN_101781,110,Free,499.0,9688,144.26141192468987,0
TXN_101782,611,Enterprise,29.99,7507,96.8367480326625,0
TXN_101783,775,Enterprise,0.0,5148,133.5394295858841,0
TXN_101784,212,Free,,8082,128.21323545191945,0
TXN_101785,286,Enterprise,0.0,6742,126.47175343240475,0
TXN_101786,906,Free,0.0,7099,130.0413301834206,0
TXN_101787,843,Free,29.99,4798,113.32595504400862,0
TXN_101788,326,Unknown,499.0,15911,131.77441267736964,0
TXN_101789,409,Premium,29.99,10714,98.235875717181,0
TXN_101790,197,Free,29.99,11316,85.87459379699047,0
TXN_101791,154,Free,0.0,8238,98.16157396400638,0
TXN_101792,722,Free,29.99,9581,159.80250314779113,0
TXN_101793,763,Unknown,0.0,8609,99.43394845519343,0
TXN_101794,857,Free,29.99,6153,171.1873903722479,0
TXN_101795,505,Free,0.0,12337,140.05647154394578,0
TXN_101796,168,Free,0.0,12304,137.3025666862304,0
TXN_101797,411,Free,499.0,14362,79.08913042882529,0
TXN_101798,388,Free,0.0,4912,156.97131579734219,1
TXN_101799,861,Free,0.0,9760,103.96492291542762,0
TXN_101800,647,Free,0.0,10132,-7.663100753251442,0
TXN_101801,850,Free,0.0,13235,154.44717523213606,0
TXN_101802,247,Enterprise,29.99,13943,156.19980061174326,0
TXN_101803,566,Free,0.0,14499,98.5991440362477,0
TXN_101804,838,Premium,0.0,8929,148.1544412642521,0
TXN_101805,343,Premium,0.0,10842,53.57657418624051,0
TXN_101806,590,Enterprise,0.0,11100,115.5084277497224,0
TXN_101807,948,Enterprise,0.0,10358,207.10826527407897,0
TXN_101808,606,Free,0.0,10359,81.81044957977778,0
TXN_101809,464,Free,0.0,6950,45.45788046281527,0
TXN_101810,581,Free,0.0,8219,117.58230771849894,0
TXN_101811,300,Free,499.0,5146,183.83209979037127,0
TXN_101812,253,Premium,499.0,5095,43.67181387564705,0
TXN_101813,549,Premium,0.0,8451,112.21868040901454,0
TXN_101814,600,Enterprise,0.0,5880,160.57182356026803,0
TXN_101815,172,Free,29.99,9771,157.56979902197259,0
TXN_101816,812,Enterprise,29.99,11946,126.84609264411027,0
TXN_101817,395,Free,,7727,103.32655552147078,0
TXN_101818,116,Free,0.0,12063,138.0728420073029,0
TXN_101819,740,Free,29.99,13524,174.2017522485946,0
TXN_101820,316,Premium,499.0,11484,94.04716526440485,0
TXN_101821,160,Free,0.0,5334,160.1305372387974,0
TXN_101822,1038,Enterprise,0.0,14199,154.69508084869415,0
TXN_101823,715,Enterprise,0.0,11889,113.56469198335877,1
TXN_101824,141,Enterprise,0.0,7542,65.09417746349486,0
TXN_101825,124,Free,0.0,5179,84.25909537243014,0
TXN_101826,138,Enterprise,499.0,9291,194.12724944012427,0
TXN_101827,902,Premium,0.0,6804,189.06945986455378,0
TXN_101828,230,Free,0.0,21368,137.15312676207643,0
TXN_101829,597,Free,499.0,16449,230.58931401237948,0
TXN_101830,328,Free,0.0,4402,123.64708278191426,0
TXN_101831,207,Free,0.0,10780,64.87284005890874,0
TXN_101832,271,Premium,0.0,11415,55.90966098828778,0
TXN_101833,534,Unknown,0.0,14883,64.00866443028531,0
TXN_101834,577,Free,0.0,12198,139.61278157162906,0
TXN_101835,201,Premium,499.0,11867,98.29905098386149,0
TXN_101836,965,Unknown,0.0,9456,93.16850374818097,0
TXN_101837,623,Free,29.99,15057,119.5535535036843,0
TXN_101838,374,Enterprise,0.0,5786,202.0441094756422,0
TXN_101839,712,Premium,499.0,8616,204.94023469968786,0
TXN_101840,143,Premium,29.99,5969,135.4040528113113,0
TXN_101841,916,Free,499.0,17582,161.50132115193279,0
TXN_101842,116,Premium,0.0,7180,158.5281307764729,0
TXN_101843,429,Free,499.0,13401,140.36257181878625,0
TXN_101844,668,Premium,499.0,14420,70.82387660589504,0
TXN_101845,922,Free,29.99,10112,147.49423710092736,0
TXN_101846,596,Enterprise,0.0,10070,96.85942390344499,0
TXN_101847,914,Free,0.0,4724,90.73875230299606,0
TXN_101848,111,Free,0.0,7913,143.88828042964974,0
TXN_101849,417,Premium,0.0,10288,197.92601956822577,0
TXN_101850,691,Free,29.99,16032,137.67174028147986,0
TXN_101851,315,Premium,29.99,10921,108.22102390359193,0
TXN_101852,438,Unknown,29.99,7388,108.98303478320241,0
TXN_101853,875,Premium,0.0,12480,151.7604751171381,0
TXN_101854,760,Free,0.0,14042,110.57253058919142,0
TXN_101855,180,Premium,0.0,18781,111.38919652065013,0
TXN_101856,826,Premium,0.0,10862,93.62821676618394,0
TXN_101857,584,Enterprise,29.99,3545,95.02335538621945,0
TXN_101858,473,Free,0.0,13351,169.12422440379174,0
TXN_101859,809,Free,29.99,9215,127.00245794792849,0
TXN_101860,299,Premium,29.99,3484,96.50586007876927,0
TXN_101861,636,Free,499.0,6433,124.16935134199271,0
TXN_101862,565,Free,0.0,11544,143.9678881549353,0
TXN_101863,188,Free,29.99,13393,78.0246809461274,0
TXN_101864,367,Enterprise,0.0,12411,139.30738436652982,0
TXN_101865,754,Enterprise,0.0,999999,147.86426211083193,0
TXN_101866,670,Premium,29.99,8118,198.92051011727415,0
TXN_101867,1021,Free,29.99,8426,139.34233345145537,0
TXN_101868,588,Free,0.0,7726,56.682141684698834,0
TXN_101869,976,Unknown,0.0,13161,149.72784169275172,0
TXN_101870,637,Unknown,29.99,10839,133.02272007471822,0
TXN_101871,146,Enterprise,0.0,8084,126.54898194454822,0
TXN_101872,387,Premium,29.99,11032,174.7240120740444,0
TXN_101873,877,Free,499.0,13449,141.01188243563584,0
TXN_101874,115,Enterprise,29.99,16110,153.0128595624498,0
TXN_101875,810,Free,29.99,13483,88.93850046027578,0
TXN_101876,500,Free,29.99,15432,141.39164337055726,0
TXN_101877,1018,Premium,499.0,6369,99.93744717897457,1
TXN_101878,893,Free,29.99,17254,99.8963724895423,0
TXN_101879,185,Free,0.0,11392,102.67282238262536,0
TXN_101880,349,Free,0.0,17556,58.524218818437845,0
TXN_101881,490,Free,,15579,106.60122139842144,0
TXN_101882,881,Enterprise,0.0,16156,114.5146337491729,0
TXN_101883,434,Free,29.99,9918,89.78058051870445,0
TXN_101884,728,Free,499.0,7863,189.9726775356915,0
TXN_101885,618,Free,29.99,7257,121.99607713079627,0
TXN_101886,236,Free,0.0,10915,103.9788022506184,0
TXN_101887,982,Free,0.0,8874,90.23319950895237,0
TXN_101888,787,Premium,0.0,8373,180.08418297607187,0
TXN_101889,939,Free,0.0,6140,92.84880770313413,0
TXN_101890,597,Premium,,9285,124.47605920151952,0
TXN_101891,926,Unknown,29.99,7792,152.90526448512514,0
TXN_101892,826,Premium,29.99,8032,67.10738592306967,0
TXN_101893,576,Free,0.0,10896,106.52431903664181,0
TXN_101894,693,Free,0.0,10988,130.1458415147623,0
TXN_101895,322,Enterprise,0.0,10463,115.79011469531662,0
TXN_101896,471,Premium,0.0,10048,138.6081635012281,0
TXN_101897,1034,Enterprise,29.99,3401,123.34212609198477,0
TXN_101898,501,Enterprise,29.99,6914,155.74646108279254,1
TXN_101899,542,Enterprise,0.0,10437,71.80103241623573,0
TXN_101900,589,Enterprise,29.99,8127,141.42438051735977,1
TXN_101901,714,Premium,,8260,119.24932863962931,0
TXN_101902,372,Free,0.0,8175,123.38691908639917,0
TXN_101903,625,Unknown,29.99,10987,136.03135232982942,0
TXN_101904,258,Premium,0.0,6704,69.11858553264925,0
TXN_101905,251,Free,29.99,11444,107.22303952488879,0
TXN_101906,719,Premium,0.0,8752,165.4066552215046,0
TXN_101907,287,Premium,29.99,15882,-999.0,0
TXN_101908,912,Enterprise,0.0,14847,127.60096303218657,0
TXN_101909,197,Premium,0.0,7072,127.35541923678028,0
TXN_101910,230,Free,499.0,16204,130.93118005976106,0
TXN_101911,904,Unknown,0.0,8605,9.341297963745888,0
TXN_101912,270,Enterprise,0.0,10903,187.8630378717709,0
TXN_101913,1035,Premium,29.99,12391,78.04904936423962,0
TXN_101914,282,Free,0.0,12309,182.6639078857761,0
TXN_101915,463,Free,29.99,8696,77.29443265975519,0
TXN_101916,138,Premium,29.99,11556,138.9432661961434,0
TXN_101917,626,Free,0.0,7034,100.63273801197896,0
TXN_101918,987,Free,0.0,12263,83.34736417905637,0
TXN_101919,596,Premium,499.0,9748,238.96532023792366,0
TXN_101920,615,Free,0.0,5866,109.01990834636541,0
TXN_101921,448,Free,499.0,8078,55.85656876187355,0
TXN_101922,1020,Free,0.0,7622,184.54335916944407,0
TXN_101923,496,Free,29.99,7707,157.6850460789696,0
TXN_101924,821,Premium,499.0,8954,190.15357445925036,0
TXN_101925,260,Free,29.99,5015,59.755310950867035,0
TXN_101926,115,Free,0.0,10188,79.40302436465643,0
TXN_101927,592,Premium,29.99,6988,136.81476129499956,0
TXN_101928,525,Unknown,29.99,14369,103.62002145541648,0
TXN_101929,207,Premium,29.99,8151,93.5808716797376,0
TXN_101930,993,Free,0.0,11301,151.43446225210778,0
TXN_101931,549,Free,29.99,5947,65.00274345492991,0
TXN_101932,410,Enterprise,0.0,7530,66.02278030020403,0
TXN_101933,838,Free,0.0,12122,133.21116175631616,0
TXN_101934,269,Premium,29.99,18156,76.00577864574315,0
TXN_101935,645,Free,0.0,7718,99.1502924028718,0
TXN_101936,513,Free,499.0,8597,129.4806210084119,0
TXN_101937,350,Enterprise,499.0,12840,89.51828432915853,0
TXN_101938,858,Premium,499.0,9811,81.35105752619307,0
TXN_101939,880,Premium,29.99,16993,177.6105393064102,0
TXN_101940,240,Free,29.99,7738,110.40002279933442,0
TXN_101941,373,Free,0.0,9362,149.27945988500107,0
TXN_101942,515,Premium,29.99,13528,93.75001345562532,0
TXN_101943,707,Premium,0.0,5102,112.85571553270206,0
TXN_101944,838,Free,0.0,9703,129.30035078543585,0
TXN_101945,990,Free,29.99,7937,120.35873197766958,0
TXN_101946,138,Free,0.0,5716,130.55336381463988,0
TXN_101947,913,Unknown,0.0,9455,216.17505549513655,0
TXN_101948,128,Premium,29.99,8945,162.93372564028897,0
TXN_101949,576,Enterprise,0.0,23553,145.29936938745684,0
TXN_101950,417,Free,0.0,9161,169.986800135524,1
TXN_101951,344,Unknown,0.0,6168,100.96181277769408,0
TXN_101952,847,Free,29.99,7306,194.15964691575346,0
TXN_101953,796,Premium,29.99,10837,53.12290848495219,0
TXN_101954,371,Enterprise,29.99,11384,143.7888593622233,0
TXN_101955,539,Free,0.0,7774,181.41729683736392,0
TXN_101956,847,Free,29.99,12237,56.1662425739182,0
TXN_101957,338,Free,29.99,10560,124.05275648758501,0
TXN_101958,476,Free,0.0,7042,96.34360989603402,0
TXN_101959,365,Premium,0.0,14837,60.104784796500304,0
TXN_101960,1025,Premium,29.99,19559,129.6968372295303,0
TXN_101961,1020,Premium,29.99,11097,104.68766094162976,0
TXN_101962,458,Premium,29.99,16439,170.22070132388689,0
TXN_101963,439,Premium,0.0,10146,117.36875089214288,0
TXN_101964,488,Free,29.99,6255,71.93008302879379,1
TXN_101965,676,Free,29.99,10995,113.06013045258115,0
TXN_101966,788,Unknown,29.99,11784,98.2092709680619,0
TXN_101967,102,Free,29.99,5842,185.89927835237927,0
TXN_101968,528,Premium,499.0,6629,136.63529300885745,0
TXN_101969,241,Free,499.0,16420,120.27788705874137,0
TXN_101970,475,Premium,29.99,18099,208.13073669588607,0
TXN_101971,769,Premium,29.99,3381,133.78424558351483,0
TXN_101972,423,Free,0.0,13079,100.96808359659718,0
TXN_101973,245,Free,29.99,7248,105.63860584563638,0
TXN_101974,392,Premium,29.99,10084,144.17561751500017,0
TXN_101975,764,Free,0.0,11048,86.4619777601859,0
TXN_101976,531,Free,0.0,8091,258.51094771372203,0
TXN_101977,804,Premium,0.0,7668,133.46160370347374,0
TXN_101978,1048,Free,0.0,11120,127.36697624246054,0
TXN_101979,684,Enterprise,0.0,12263,38.156710743037905,0
TXN_101980,498,Premium,0.0,12979,17.678863818226674,0
TXN_101981,916,Free,29.99,14043,91.77412664747777,0
TXN_101982,988,Premium,0.0,9474,95.89635857452818,0
TXN_101983,443,Premium,0.0,8122,88.02038849134233,0
TXN_101984,239,Free,499.0,14185,112.6849369422772,0
TXN_101985,286,Free,0.0,14086,31.312700906332424,0
TXN_101986,904,Free,499.0,8407,147.54806698967994,0
TXN_101987,160,Free,29.99,3949,117.72723591863239,0
TXN_101988,1038,Free,0.0,9284,140.5280692027716,0
TXN_101989,479,Free,0.0,5583,132.303238581554,0
TXN_101990,809,Free,0.0,9139,84.649525724569,0
TXN_101991,906,Premium,0.0,10073,136.9248350900222,0
TXN_101992,539,Premium,0.0,7448,181.0805816134294,0
TXN_101993,418,Premium,0.0,8982,87.0892063101775,0
TXN_101994,401,Premium,0.0,7000,165.1580529797493,0
TXN_101995,443,Enterprise,29.99,10010,178.06327773405172,0
TXN_101996,110,Premium,0.0,11172,125.55218890875825,0
TXN_101997,161,Premium,499.0,8930,113.14950118989026,0
TXN_101998,944,Free,0.0,11596,107.90236272837691,0
TXN_101999,325,Enterprise,499.0,10146,125.01121188780037,0
TXN_102000,252,Free,0.0,6602,225.22877343735416,0
TXN_102001,810,Free,29.99,7491,91.16565944357959,0
TXN_102002,663,Premium,0.0,8490,144.15625971476786,0
TXN_102003,871,Free,29.99,19400,136.1664839890296,0
TXN_102004,670,Free,0.0,8122,167.36437000964017,0
TXN_102005,683,Premium,29.99,6543,118.19886756187604,0
TXN_102006,759,Premium,0.0,10127,135.4916587947928,0
TXN_102007,960,Premium,29.99,8811,84.70607001738512,0
TXN_102008,674,Enterprise,0.0,6199,94.3427289068421,0
TXN_102009,409,Free,0.0,9791,117.04820992280078,0
TXN_102010,984,Free,0.0,13424,46.42262446990027,0
TXN_102011,342,Premium,0.0,15922,102.9664961787253,0
TXN_102012,592,Free,29.99,9235,140.62065963392712,0
TXN_102013,465,Premium,,11235,173.96443320362738,0
TXN_102014,429,Free,0.0,6012,96.07351969315962,0
TXN_102015,206,Free,29.99,7763,116.48365304940062,1
TXN_102016,325,Premium,29.99,9976,121.22656692523871,0
TXN_102017,924,Premium,29.99,5774,95.35794469215935,0
TXN_102018,317,Premium,0.0,11536,103.486321895082,0
TXN_102019,1036,Free,0.0,16143,154.2883807364256,0
TXN_102020,852,Free,499.0,10286,219.30220377119872,0
TXN_102021,605,Free,0.0,9046,132.07672571047434,0
TXN_102022,358,Free,29.99,4625,167.53904952433194,0
TXN_102023,987,Free,29.99,15391,59.390888528490166,0
TXN_102024,873,Free,0.0,13309,135.79512386221822,0
TXN_102025,616,Premium,0.0,10504,188.7597840573868,0
TXN_102026,872,Free,29.99,7294,169.27239531199433,0
TXN_102027,153,Premium,0.0,8094,111.31956965928458,0
TXN_102028,146,Enterprise,0.0,10561,164.34118581653968,0
TXN_102029,826,Free,0.0,9741,134.45983138601773,0
TXN_102030,788,Free,,6962,58.19827748770818,0
TXN_102031,620,Free,0.0,18132,83.40480115800312,0
TXN_102032,198,Premium,29.99,14234,151.99189390694755,0
TXN_102033,119,Free,0.0,4171,109.88616061581254,0
TXN_102034,989,Free,0.0,6028,52.47620368967448,0
TXN_102035,852,Premium,499.0,7764,129.83541543598506,0
TXN_102036,672,Free,29.99,11992,92.7536335656453,0
TXN_102037,990,Premium,0.0,7167,-1.3932877320502541,0
TXN_102038,589,Premium,29.99,3092,114.88976860933624,0
TXN_102039,518,Premium,0.0,5529,40.39580884651282,0
TXN_102040,789,Free,29.99,9670,116.60776421083018,0
TXN_102041,949,Enterprise,0.0,6063,115.00887616971566,0
TXN_102042,161,Premium,499.0,10234,225.658610519131,0
TXN_102043,244,Free,29.99,7971,146.48042028703728,0
TXN_102044,315,Free,0.0,11804,134.1713523153207,0
TXN_102045,102,Free,499.0,11160,177.39228331932378,0
TXN_102046,259,Enterprise,,14441,101.38647096528216,0
TXN_102047,838,Enterprise,0.0,11297,101.3754845512016,0
TXN_102048,880,Premium,499.0,2662,86.89555502719682,0
TXN_102049,219,Enterprise,499.0,12561,171.96132920154588,1
TXN_102050,992,Free,29.99,15250,128.52892095952404,0
TXN_102051,188,Free,,5360,90.2615519635437,0
TXN_102052,428,Enterprise,29.99,8967,155.42805887131146,0
TXN_102053,679,Premium,29.99,6769,65.92718064107862,0
TXN_102054,1009,Free,499.0,13870,81.62867359006346,0
TXN_102055,456,Premium,29.99,6999,106.33941784647234,0
TXN_102056,709,Unknown,29.99,11264,124.61102300161163,0
TXN_102057,366,Premium,0.0,8937,134.90197388726196,0
TXN_102058,716,Enterprise,499.0,4858,110.22251758330333,0
TXN_102059,422,Premium,29.99,12276,130.74228591172908,0
TXN_102060,734,Free,29.99,7078,154.53288012993028,0
TXN_102061,640,Enterprise,0.0,7445,189.61197309363422,0
TXN_102062,748,Free,0.0,9977,121.77092733115407,0
TXN_102063,294,Enterprise,0.0,8974,195.8220092720184,1
TXN_102064,1020,Free,29.99,5133,125.59891921120344,0
TXN_102065,837,Premium,0.0,8082,107.93614062222133,0
TXN_102066,431,Free,499.0,10043,97.13084591277506,0
TXN_102067,269,Free,29.99,7366,62.0728755642403,0
TXN_102068,620,Free,499.0,9212,99.24801713289011,0
TXN_102069,562,Unknown,0.0,6866,153.5070143744625,0
TXN_102070,139,Unknown,,10237,85.47677796077147,0
TXN_102071,636,Free,0.0,7837,85.24252475590721,0
TXN_102072,360,Unknown,29.99,10159,97.54445451008021,0
TXN_102073,494,Enterprise,29.99,8931,-999.0,0
TXN_102074,325,Premium,0.0,16096,91.00416102827812,0
TXN_102075,223,Free,0.0,9579,31.693111775665614,0
TXN_102076,137,Enterprise,0.0,10448,-999.0,0
TXN_102077,427,Premium,29.99,10738,80.38440455598995,0
TXN_102078,350,Enterprise,0.0,10243,122.39661803405318,0
TXN_102079,1000,Enterprise,,14211,108.0110965644222,0
TXN_102080,275,Enterprise,0.0,8845,114.39469553085499,0
TXN_102081,701,Premium,,8238,181.1238576886015,0
TXN_102082,1013,Free,0.0,9629,197.8554632195997,0
TXN_102083,553,Free,0.0,9545,71.57858517531126,0
TXN_102084,136,Free,0.0,2508,62.268174405114316,0
TXN_102085,415,Free,499.0,7748,167.027574953754,0
TXN_102086,787,Premium,29.99,8032,123.1960739835997,0
TXN_102087,895,Premium,0.0,7730,121.12195401040138,0
TXN_102088,692,Enterprise,0.0,6347,75.36351829192517,0
TXN_102089,213,Free,0.0,6358,60.901529102733505,0
TXN_102090,139,Premium,29.99,5220,9.219800155969097,0
TXN_102091,400,Free,0.0,9249,124.25666582475998,0
TXN_102092,323,Free,29.99,13392,159.3319179178646,0
TXN_102093,417,Free,29.99,13336,144.58414855716143,0
TXN_102094,448,Premium,499.0,8758,131.61239477349457,0
TXN_102095,214,Free,29.99,11075,75.52034618503342,0
TXN_102096,797,Premium,0.0,11514,57.799924545795065,0
TXN_102097,422,Free,,12420,149.93070711463605,0
TXN_102098,667,Enterprise,0.0,14583,66.10778504450991,0
TXN_102099,139,Enterprise,0.0,12440,82.50250063008053,0
TXN_102100,965,Unknown,499.0,10435,85.20342553067536,0
TXN_102101,139,Enterprise,0.0,19000,119.32702094560837,0
TXN_102102,958,Enterprise,0.0,8520,121.89945656133771,0
TXN_102103,848,Enterprise,0.0,7910,156.55615432175918,0
TXN_102104,388,Premium,0.0,4262,121.61946036829062,0
TXN_102105,361,Free,0.0,6795,115.39428707119448,0
TXN_102106,315,Free,0.0,10164,171.50277767753863,0
TXN_102107,246,Free,0.0,9035,91.63335139815533,0
TXN_102108,435,Premium,499.0,11756,121.06121959440327,1
TXN_102109,267,Premium,29.99,14077,73.58297859523636,0
TXN_102110,191,Enterprise,29.99,14933,126.86915260131317,0
TXN_102111,452,Unknown,29.99,17805,156.35562479693007,0
TXN_102112,670,Free,499.0,9106,91.7722632832212,0
TXN_102113,670,Premium,499.0,13730,194.50051363073527,0
TXN_102114,915,Unknown,499.0,9287,121.38254068972913,0
TXN_102115,780,Free,499.0,7227,145.06581402969212,0
TXN_102116,880,Premium,0.0,13279,50.70072130647222,0
TXN_102117,462,Free,29.99,5317,183.14299958947277,0
TXN_102118,656,Premium,29.99,10290,169.09689146907073,0
TXN_102119,444,Free,29.99,9896,31.266547161617268,0
TXN_102120,792,Enterprise,29.99,18306,57.903189978703345,0
TXN_102121,269,Premium,0.0,15823,155.85237771516543,0
TXN_102122,455,Free,0.0,13936,162.57286908081113,0
TXN_102123,290,Free,499.0,6363,36.15186426821512,0
TXN_102124,766,Free,29.99,8225,152.92618099174663,0
TXN_102125,521,Unknown,0.0,10867,89.98641979591528,0
TXN_102126,799,Premium,0.0,8027,115.43161474358192,0
TXN_102127,106,Free,29.99,5332,110.29095382907903,0
TXN_102128,232,Free,0.0,8733,85.4882274978902,0
TXN_102129,846,Premium,0.0,7224,108.95390396649711,0
TXN_102130,656,Premium,0.0,8406,78.35182894682347,0
TXN_102131,925,Premium,0.0,5648,92.46037030905768,0
TXN_102132,860,Free,0.0,8931,67.37303252288412,0
TXN_102133,130,Premium,29.99,10541,175.98926215263276,0
TXN_102134,634,Premium,0.0,6338,97.02851936188542,0
TXN_102135,525,Unknown,0.0,10399,163.39139866978846,0
TXN_102136,493,Enterprise,29.99,9664,145.578591529861,0
TXN_102137,771,Premium,499.0,12051,169.10534654257754,0
TXN_102138,462,Premium,0.0,8612,99.63757383077522,0
TXN_102139,536,Free,29.99,5351,110.79709933676368,0
TXN_102140,769,Enterprise,,14135,124.54901183331732,0
TXN_102141,650,Free,499.0,9040,65.13030703418647,0
TXN_102142,1026,Free,499.0,10220,123.360311902383,0
TXN_102143,181,Free,29.99,7914,106.26932550812396,0
TXN_102144,455,Enterprise,0.0,12889,173.3380761432852,0
TXN_102145,357,Free,29.99,13002,184.13524263068553,0
TXN_102146,817,Free,29.99,9661,201.3977262111414,0
TXN_102147,688,Free,0.0,14142,39.285500194555325,1
TXN_102148,623,Free,29.99,11517,-999.0,0
TXN_102149,394,Free,29.99,4326,104.95129358582524,0
TXN_102150,323,Enterprise,,5769,89.22189620264449,0
TXN_102151,624,Enterprise,0.0,4850,188.46588326725634,0
TXN_102152,145,Free,0.0,11809,74.48107966440381,0
TXN_102153,766,Enterprise,29.99,6180,129.34260938395673,0
TXN_102154,212,Premium,0.0,9279,77.55855491426087,0
TXN_102155,332,Free,29.99,14501,10.84471663165806,1
TXN_102156,116,Premium,0.0,14661,52.364187523546136,0
TXN_102157,459,Unknown,29.99,8717,16.289700011183896,0
TXN_102158,322,Free,29.99,7851,100.32331060159353,0
TXN_102159,965,Free,0.0,9993,62.03018474377855,0
TXN_102160,799,Enterprise,0.0,12230,172.0234512218624,0
TXN_102161,547,Premium,0.0,6510,146.03375471610693,0
TXN_102162,955,Free,0.0,8344,78.52978540605469,0
TXN_102163,464,Premium,29.99,8248,73.6484210249788,0
TXN_102164,774,Premium,29.99,11348,94.09852600559032,0
TXN_102165,425,Enterprise,0.0,8315,103.08089905117373,0
TXN_102166,566,Premium,29.99,7253,174.9730028980132,0
TXN_102167,513,Free,0.0,19657,96.2754828150828,0
TXN_102168,554,Premium,499.0,6962,124.40630654686059,0
TXN_102169,685,Premium,0.0,11800,95.12344898967052,0
TXN_102170,332,Free,499.0,5938,145.59859196244287,0
TXN_102171,323,Premium,29.99,10106,152.51035075723303,0
TXN_102172,930,Enterprise,29.99,10268,-999.0,0
TXN_102173,511,Free,29.99,12979,161.6527144251346,0
TXN_102174,671,Premium,499.0,5939,11.241548545457206,0
TXN_102175,434,Free,499.0,6173,51.541014344813604,0
TXN_102176,321,Free,29.99,8192,129.3762906785056,0
TXN_102177,136,Free,0.0,7528,130.63093225795646,0
TXN_102178,377,Free,499.0,5641,107.28897515990414,0
TXN_102179,295,Enterprise,0.0,6701,163.21362774314977,0
TXN_102180,1015,Free,499.0,20650,187.6866404241908,0
TXN_102181,963,Premium,29.99,7800,89.05057490833067,0
TXN_102182,583,Free,499.0,7758,49.927750890310165,0
TXN_102183,341,Unknown,499.0,11573,139.66146334071803,0
TXN_102184,423,Premium,0.0,10814,92.74027082806502,0
TXN_102185,830,Premium,29.99,7995,24.04551516101816,0
TXN_102186,291,Free,0.0,14845,132.91073378910778,0
TXN_102187,116,Free,0.0,11859,139.91431664460453,0
TXN_102188,623,Free,0.0,14339,88.20096350204773,0
TXN_102189,1017,Enterprise,0.0,14148,112.78382708177566,0
TXN_102190,500,Free,29.99,12241,134.21583836256508,0
TXN_102191,1005,Premium,,12787,186.034396321909,0
TXN_102192,985,Premium,29.99,9306,147.6866635159746,0
TXN_102193,804,Free,0.0,6245,52.57418717894022,0
TXN_102194,121,Premium,499.0,11979,186.72030897128832,0
TXN_102195,573,Premium,499.0,13798,196.68484976557426,0
TXN_102196,219,Premium,29.99,19336,138.99137065856146,0
TXN_102197,309,Free,29.99,19579,170.64629600770687,0
TXN_102198,405,Free,499.0,6678,65.49364934784828,0
TXN_102199,369,Free,0.0,7318,121.75053293272887,0
TXN_102200,803,Enterprise,499.0,9150,158.39192855720842,0
TXN_102201,786,Premium,499.0,14128,131.66613911754717,0
TXN_102202,384,Free,499.0,7943,86.58059448189474,0
TXN_102203,815,Enterprise,0.0,10555,74.7572530365131,0
TXN_102204,775,Free,499.0,18094,132.99147325964205,0
TXN_102205,862,Enterprise,29.99,10551,154.04243155764658,1
TXN_102206,326,Unknown,29.99,10916,68.42995591631765,1
TXN_102207,1047,Enterprise,499.0,10082,95.77014713267704,0
TXN_102208,480,Enterprise,0.0,6509,225.71008105798683,0
TXN_102209,559,Free,0.0,14061,148.88656728900048,0
TXN_102210,106,Free,499.0,7372,108.81928226814837,0
TXN_102211,128,Premium,499.0,8090,164.1357867669623,0
TXN_102212,1006,Free,499.0,10836,153.22744880137463,0
TXN_102213,132,Free,0.0,16059,130.3084286921726,0
TXN_102214,745,Premium,29.99,10910,131.25099841233865,0
TXN_102215,978,Free,0.0,8530,90.20030491214447,0
TXN_102216,178,Enterprise,499.0,10130,162.42328337671995,0
TXN_102217,1027,Enterprise,0.0,8704,84.02194942211679,0
TXN_102218,1046,Enterprise,29.99,11593,159.2325328378096,0
TXN_102219,558,Premium,29.99,13349,162.38192711523487,0
TXN_102220,669,Enterprise,,11438,94.5785078113679,0
TXN_102221,637,Enterprise,29.99,16430,44.05819769232721,0
TXN_102222,581,Premium,29.99,9640,152.23946851588755,0
TXN_102223,529,Free,0.0,5247,155.1114409954574,0
TXN_102224,837,Enterprise,29.99,10615,139.59393469157732,0
TXN_102225,384,Enterprise,29.99,11263,54.33559414301983,0
TXN_102226,615,Free,0.0,6500,133.44313399473774,0
TXN_102227,198,Free,29.99,7706,199.3578530664194,0
TXN_102228,496,Premium,499.0,9416,193.94954527728368,0
TXN_102229,588,Free,0.0,10314,176.4371125570143,0
TXN_102230,138,Enterprise,0.0,18985,146.31190598414832,0
TXN_102231,370,Unknown,29.99,22198,142.8314287296043,0
TXN_102232,986,Free,499.0,11024,97.64617503436449,0
TXN_102233,896,Premium,0.0,7107,194.99113396234955,1
TXN_102234,256,Free,499.0,11609,128.83631247591848,0
TXN_102235,174,Premium,499.0,9534,172.35625863295627,0
TXN_102236,983,Free,0.0,7583,107.02052181645931,0
TXN_102237,899,Premium,0.0,11608,147.66252147211208,0
TXN_102238,229,Free,29.99,8776,115.1181246662788,0
TXN_102239,786,Free,,10636,51.82354718341661,0
TXN_102240,183,Free,29.99,8453,86.01737687472578,0
TXN_102241,121,Free,0.0,3745,102.11799187377788,0
TXN_102242,558,Premium,0.0,15116,188.64901784670627,0
TXN_102243,638,Free,29.99,12051,70.18812389353556,0
TXN_102244,806,Premium,29.99,9724,75.60505353483389,0
TXN_102245,948,Enterprise,0.0,6760,87.2569459094208,0
TXN_102246,481,Enterprise,29.99,5271,174.78425291431847,0
TXN_102247,847,Enterprise,0.0,6948,113.49571247122512,0
TXN_102248,539,Enterprise,29.99,6363,114.7553437136044,0
TXN_102249,703,Free,0.0,14489,156.4650118412194,0
TXN_102250,120,Free,0.0,12381,194.87550473523737,0
TXN_102251,402,Premium,499.0,11957,208.4895937601733,0
TXN_102252,968,Enterprise,0.0,8944,189.91223080473338,0
TXN_102253,183,Unknown,29.99,12067,111.74846689011585,0
TXN_102254,873,Free,0.0,9582,102.98446670479748,0
TXN_102255,758,Free,0.0,10429,113.02465536191355,0
TXN_102256,552,Free,0.0,8759,42.12891638529109,0
TXN_102257,486,Premium,0.0,8584,56.7298209976909,0
TXN_102258,606,Premium,0.0,14506,147.9978195895741,0
TXN_102259,356,Free,499.0,14094,51.07015555674889,0
TXN_102260,669,Free,0.0,8678,72.89247974746436,0
TXN_102261,991,Premium,0.0,5446,128.58878873961365,0
TXN_102262,1033,Premium,499.0,11037,72.35668299698013,0
TXN_102263,626,Free,0.0,9315,94.76037955871894,0
TXN_102264,261,Enterprise,29.99,9758,95.4723831005842,0
TXN_102265,262,Premium,0.0,10013,11.145712102098045,0
TXN_102266,931,Enterprise,0.0,6159,117.36666683177046,0
TXN_102267,892,Enterprise,29.99,16475,103.31624800567201,0
TXN_102268,891,Free,,7540,109.68938337378695,0
TXN_102269,623,Free,0.0,10816,57.58350119063726,0
TXN_102270,885,Premium,0.0,9494,81.32224736656627,0
TXN_102271,370,Free,0.0,9453,100.23302677282982,0
TXN_102272,591,Enterprise,0.0,8549,70.82551344904498,0
TXN_102273,307,Premium,499.0,6085,96.65712715660462,0
TXN_102274,638,Enterprise,0.0,3605,231.34892570716426,0
TXN_102275,683,Free,499.0,5533,135.018446771408,0
TXN_102276,159,Free,0.0,9883,99.95305933971466,0
TXN_102277,529,Premium,499.0,8782,115.35479296990343,0
TXN_102278,756,Free,29.99,7956,174.8477550603332,0
TXN_102279,704,Premium,499.0,6648,91.80002276677897,0
TXN_102280,408,Enterprise,0.0,14693,131.7861965754341,0
TXN_102281,619,Free,499.0,5890,180.1335495632731,0
TXN_102282,690,Premium,29.99,8482,117.84235590140393,0
TXN_102283,126,Free,29.99,12282,109.84779624644246,0
TXN_102284,785,Free,499.0,3408,187.68915928681662,0
TXN_102285,661,Unknown,29.99,8956,166.1101442998772,0
TXN_102286,298,Unknown,499.0,9239,143.90787184105875,0
TXN_102287,486,Premium,0.0,7538,115.36443163979422,1
TXN_102288,448,Enterprise,29.99,14061,67.73760050809952,0
TXN_102289,1039,Premium,499.0,10176,211.50360227280854,0
TXN_102290,792,Free,0.0,9685,169.8122738495072,0
TXN_102291,635,Free,29.99,7379,116.33477870063277,0
TXN_102292,927,Enterprise,,11944,173.9331328602591,1
TXN_102293,477,Free,29.99,8012,165.38495759718924,0
TXN_102294,998,Premium,0.0,7913,92.56893810510977,0
TXN_102295,1015,Premium,0.0,5878,107.50423757897339,0
TXN_102296,657,Premium,499.0,13067,155.09031492157254,0
TXN_102297,626,Free,,8477,80.53516626388398,0
TXN_102298,252,Free,,8006,151.00608222491064,0
TXN_102299,833,Free,29.99,6751,109.77368803780452,0
TXN_102300,305,Premium,29.99,6735,86.04712607364144,0
TXN_102301,554,Premium,0.0,12794,77.98804594818833,0
TXN_102302,372,Premium,0.0,5581,109.87335131824659,0
TXN_102303,993,Premium,0.0,7111,133.72534041697924,0
TXN_102304,335,Free,0.0,13074,93.52757641903905,0
TXN_102305,951,Enterprise,499.0,10001,103.91633331797058,0
TXN_102306,839,Premium,499.0,7718,-999.0,0
TXN_102307,620,Free,29.99,8571,250.1913069293016,0
TXN_102308,777,Free,,9151,134.73269806325018,0
TXN_102309,1043,Enterprise,,6096,138.55549102409117,0
TXN_102310,930,Enterprise,29.99,8050,119.94547759038684,0
TXN_102311,825,Free,29.99,13281,215.0550699651913,0
TXN_102312,600,Premium,0.0,10593,31.226423359485906,1
TXN_102313,216,Free,29.99,13288,70.9575374553992,0
TXN_102314,485,Free,0.0,11408,82.42024960284427,0
TXN_102315,443,Premium,0.0,5796,159.76838227681975,0
TXN_102316,683,Premium,499.0,7074,99.61356972395642,0
TXN_102317,494,Premium,0.0,5015,156.17079118596646,0
TXN_102318,163,Free,0.0,8959,4.526275731594012,0
TXN_102319,816,Free,29.99,9717,134.5700846991027,0
TXN_102320,820,Free,29.99,6366,64.44859138843509,0
TXN_102321,171,Free,0.0,16082,159.57709105816403,0
TXN_102322,888,Free,0.0,10364,71.39673057258724,0
TXN_102323,373,Free,,11928,84.59110160851739,0
TXN_102324,419,Free,0.0,9682,57.9673032579958,0
TXN_102325,437,Free,499.0,11781,69.84459800557252,0
TXN_102326,465,Premium,29.99,10513,118.23605085868317,0
TXN_102327,594,Free,0.0,5800,103.44417691823891,0
TXN_102328,706,Free,0.0,11428,87.02758870238505,0
TXN_102329,265,Premium,499.0,6287,48.83650111413475,0
TXN_102330,643,Free,499.0,5555,86.62688048308385,0
TXN_102331,110,Premium,0.0,13350,167.7842331050943,0
TXN_102332,400,Free,0.0,7750,126.49594806573708,0
TXN_102333,828,Free,0.0,11724,137.07058579136523,0
TXN_102334,900,Free,499.0,5495,182.27902135988842,0
TXN_102335,201,Free,0.0,7698,160.5852975426434,0
TXN_102336,524,Premium,0.0,12680,176.0336813357203,1
TXN_102337,491,Enterprise,0.0,15449,128.24377543290151,0
TXN_102338,878,Free,29.99,4790,93.4363555650769,0
TXN_102339,313,Free,499.0,9255,124.35251729083325,0
TXN_102340,790,Premium,29.99,9201,124.90686696450906,0
TXN_102341,187,Free,0.0,9495,29.529456618870668,0
TXN_102342,652,Enterprise,0.0,8558,104.43682510125225,0
TXN_102343,500,Free,0.0,10080,168.31554844704564,0
TXN_102344,687,Unknown,0.0,13801,30.28819042219338,0
TXN_102345,988,Free,499.0,8516,41.113811501604374,0
TXN_102346,145,Free,0.0,10579,72.94273863655584,0
TXN_102347,771,Enterprise,0.0,16204,91.85627850315228,0
TXN_102348,562,Premium,29.99,7488,110.9550513429915,0
TXN_102349,691,Premium,29.99,8606,203.1031931658649,0
TXN_102350,409,Premium,29.99,6067,152.11569244721784,0
TXN_102351,185,Premium,499.0,11947,131.3975152476118,0
TXN_102352,191,Free,29.99,8978,111.71992892804765,0
TXN_102353,759,Premium,499.0,7232,115.81204605186116,0
TXN_102354,772,Free,29.99,7710,160.27463324940277,0
TXN_102355,813,Enterprise,0.0,8770,173.8030418744106,0
TXN_102356,1035,Unknown,0.0,7868,86.7114273006823,0
TXN_102357,1027,Free,499.0,6367,138.74075516933206,0
TXN_102358,341,Free,499.0,8555,127.30428463192445,0
TXN_102359,964,Free,29.99,7087,168.58568753221846,0
TXN_102360,101,Free,29.99,7762,185.18185486319283,1
TXN_102361,324,Enterprise,0.0,9655,136.1500333298756,0
TXN_102362,900,Free,29.99,9286,112.54323026549177,0
TXN_102363,844,Free,,6876,48.94783889491261,0
TXN_102364,1025,Enterprise,499.0,12854,69.21553321517229,0
TXN_102365,1028,Enterprise,0.0,7576,129.68115952260274,0
TXN_102366,688,Premium,0.0,11664,173.57559938434537,0
TXN_102367,215,Premium,29.99,8863,196.23568022959944,0
TXN_102368,765,Premium,0.0,7002,21.263628061855513,0
TXN_102369,1017,Unknown,0.0,8554,100.04111318237423,1
TXN_102370,202,Premium,29.99,12931,130.3927650650679,0
TXN_102371,293,Premium,0.0,10021,159.2398715967742,0
TXN_102372,265,Free,499.0,10268,101.89409901050203,0
TXN_102373,970,Free,29.99,6886,106.47499068616963,0
TXN_102374,189,Premium,499.0,11751,127.37740254713025,0
TXN_102375,785,Enterprise,499.0,12883,34.73566586447036,0
TXN_102376,221,Enterprise,29.99,7922,102.36294629440891,0
TXN_102377,242,Unknown,499.0,5903,100.23350180033458,0
TXN_102378,205,Premium,29.99,8050,136.2554550993977,0
TXN_102379,986,Premium,,9933,139.73733726983332,0
TXN_102380,527,Enterprise,0.0,12527,90.99010369991102,0
TXN_102381,404,Premium,499.0,7577,119.3186310574133,0
TXN_102382,971,Free,0.0,12348,123.01765002674226,0
TXN_102383,416,Free,0.0,11040,107.12234495456437,0
TXN_102384,734,Enterprise,0.0,12845,165.93878717472106,0
TXN_102385,1001,Free,29.99,11460,111.8352084356219,0
TXN_102386,108,Enterprise,0.0,9911,216.42934412816288,0
TXN_102387,873,Free,29.99,5711,83.7016211449608,0
TXN_102388,172,Premium,499.0,10648,153.85225707372774,0
TXN_102389,458,Premium,0.0,10210,169.10585116884624,0
TXN_102390,322,Premium,29.99,10778,69.56051059207209,0
TXN_102391,515,Free,0.0,5781,142.723008371715,0
TXN_102392,652,Enterprise,29.99,11328,182.32343541176323,0
TXN_102393,469,Premium,29.99,7310,146.79695607837658,0
TXN_102394,815,Free,0.0,13220,17.613658578347284,0
TXN_102395,363,Premium,,17971,157.41902639552686,0
TXN_102396,939,Free,29.99,7545,141.48311546659983,0
TXN_102397,789,Free,499.0,14278,143.1463733399324,0
TXN_102398,959,Free,29.99,6415,107.85987672821312,0
TXN_102399,417,Enterprise,499.0,10333,76.23170537711876,0
TXN_102400,183,Premium,0.0,10951,194.2526108021341,0
TXN_102401,417,Premium,0.0,12503,176.2058148874408,0
TXN_102402,210,Free,29.99,7713,176.46824000325142,0
TXN_102403,350,Free,499.0,7477,109.58778012978092,0
TXN_102404,482,Unknown,0.0,17644,131.38787644948673,0
TXN_102405,106,Premium,,13285,148.4985365854104,0
TXN_102406,558,Enterprise,0.0,10195,130.92146203829958,0
TXN_102407,183,Free,0.0,9678,125.71009591911164,0
TXN_102408,307,Free,0.0,5592,156.87955876631588,0
TXN_102409,999,Enterprise,29.99,11856,87.65943984065245,0
TXN_102410,489,Premium,499.0,15762,188.230537720925,0
TXN_102411,413,Free,0.0,8609,122.36446787359152,0
TXN_102412,121,Free,29.99,6184,84.81518758272811,0
TXN_102413,509,Enterprise,0.0,12771,81.21598094541704,0
TXN_102414,994,Free,29.99,6210,44.18932039121445,0
TXN_102415,614,Premium,0.0,12492,144.57431509251606,0
TXN_102416,226,Free,29.99,8493,85.90956641691484,0
TXN_102417,908,Free,29.99,999999,124.91337036893273,0
TXN_102418,799,Unknown,29.99,9595,130.97156449385477,1
TXN_102419,973,Free,0.0,8977,-0.8586069317351672,0
TXN_102420,113,Premium,0.0,9365,108.43884068637887,0
TXN_102421,111,Enterprise,29.99,4379,211.12802843733994,0
TXN_102422,186,Free,499.0,5592,150.7107178347374,0
TXN_102423,623,Free,499.0,11176,133.00653539888117,0
TXN_102424,1008,Premium,499.0,8129,103.29658009844519,0
TXN_102425,636,Free,,10674,-999.0,1
TXN_102426,400,Free,0.0,10105,124.5130560142295,0
TXN_102427,342,Free,0.0,7689,129.81071788957956,0
TXN_102428,221,Premium,0.0,9252,75.83184538036124,0
TXN_102429,246,Premium,0.0,10269,80.12736468461279,0
TXN_102430,666,Premium,29.99,12364,95.92508926065841,0
TXN_102431,849,Free,499.0,9678,129.86911717022846,0
TXN_102432,455,Premium,0.0,14432,45.94487414149353,0
TXN_102433,784,Unknown,29.99,8371,32.91499913741643,0
TXN_102434,1003,Premium,29.99,10498,152.31908570847844,0
TXN_102435,832,Premium,29.99,5115,95.99768099384393,0
TXN_102436,730,Premium,0.0,13249,176.6968991895826,0
TXN_102437,408,Enterprise,499.0,11563,72.43926380681212,0
TXN_102438,794,Enterprise,0.0,13193,111.9687857554725,0
TXN_102439,387,Free,499.0,15857,170.6472109839083,0
TXN_102440,406,Free,,7990,174.47360621422132,0
TXN_102441,911,Free,0.0,11529,122.89452877720434,0
TXN_102442,693,Free,0.0,12770,67.32958300878705,0
TXN_102443,1013,Free,29.99,6596,36.917135592308355,0
TXN_102444,822,Enterprise,29.99,15189,115.5623945079033,0
TXN_102445,761,Free,0.0,9778,160.60311242174777,0
TXN_102446,648,Premium,499.0,12151,84.42917838128788,0
TXN_102447,451,Premium,0.0,6857,153.7827744608403,0
TXN_102448,411,Free,0.0,5919,46.279821280649884,0
TXN_102449,972,Enterprise,29.99,9366,121.24662199436642,0
TXN_102450,158,Enterprise,0.0,7784,157.64023262321467,0
TXN_102451,742,Free,0.0,15815,163.37454290356436,0
TXN_102452,1023,Free,29.99,10033,132.01872815672954,0
TXN_102453,813,Free,0.0,4588,100.02580710579596,0
TXN_102454,854,Premium,29.99,10997,89.28556219801993,0
TXN_102455,134,Free,,9764,45.215230015650704,1
TXN_102456,544,Premium,499.0,9958,96.75640739282414,0
TXN_102457,192,Enterprise,0.0,9733,186.56287715404693,0
TXN_102458,1049,Free,0.0,7747,110.93787054161714,0
TXN_102459,306,Enterprise,29.99,11841,123.31871987128497,0
TXN_102460,452,Free,29.99,7418,132.1363930947336,0
TXN_102461,1002,Enterprise,499.0,12638,103.62886090324685,0
TXN_102462,431,Free,29.99,9013,158.77498410463542,0
TXN_102463,916,Premium,0.0,15677,127.3798340252835,0
TXN_102464,961,Free,29.99,11526,111.95165840170158,0
TXN_102465,824,Enterprise,499.0,9612,86.94683386291105,0
TXN_102466,258,Premium,499.0,11841,154.03956523101914,0
TXN_102467,123,Free,0.0,6892,128.69630330083126,0
TXN_102468,503,Premium,29.99,8354,120.67942167278562,0
TXN_102469,904,Free,0.0,11840,117.91492213506287,0
TXN_102470,615,Premium,29.99,4881,140.57685025876359,0
TXN_102471,831,Enterprise,0.0,13601,75.45961525044508,0
TXN_102472,463,Free,499.0,6869,73.30964932354479,0
TXN_102473,481,Free,29.99,13331,135.93840168939153,0
TXN_102474,631,Free,499.0,8233,155.66151633397374,0
TXN_102475,251,Premium,,15393,51.602552021783296,0
TXN_102476,661,Free,0.0,6215,149.2755026390671,0
TXN_102477,788,Free,29.99,8284,178.13194145176067,0
TXN_102478,1046,Free,499.0,6581,25.727467956167118,1
TXN_102479,707,Free,29.99,8344,90.15695857661065,0
TXN_102480,716,Unknown,29.99,17800,121.4093378541933,0
TXN_102481,519,Free,0.0,5133,229.52980824998372,0
TXN_102482,349,Premium,29.99,7223,106.89276713556542,0
TXN_102483,216,Premium,0.0,13154,102.22316579797676,0
TXN_102484,965,Premium,29.99,4851,133.7677176578227,0
TXN_102485,611,Free,0.0,9711,81.18628025649518,0
TXN_102486,839,Premium,0.0,6378,119.9401131514898,0
TXN_102487,677,Enterprise,0.0,8302,113.1650949056623,0
TXN_102488,434,Free,0.0,8940,179.85262722678956,0
TXN_102489,517,Free,29.99,13164,119.0100521843246,0
TXN_102490,1031,Free,0.0,9022,227.32759023453235,0
TXN_102491,873,Free,0.0,10950,60.2631388318803,0
TXN_102492,394,Free,499.0,7129,112.68124317652257,0
TXN_102493,1037,Premium,499.0,8887,121.89222838281,0
TXN_102494,854,Free,499.0,15023,123.66993277117143,0
TXN_102495,470,Premium,499.0,13599,57.6055985200159,0
TXN_102496,285,Premium,0.0,13504,134.16952571002813,0
TXN_102497,345,Free,0.0,10489,44.42134622356451,0
TXN_102498,736,Premium,0.0,16324,72.286631585657,0
TXN_102499,367,Free,499.0,12968,87.22450314576878,0
TXN_102500,742,Enterprise,499.0,7144,147.26909816737992,0
TXN_102501,336,Free,0.0,14350,150.78241529654917,1
TXN_102502,629,Premium,0.0,8574,132.79200366034325,0
TXN_102503,651,Enterprise,29.99,10323,99.26844739896488,0
TXN_102504,120,Free,0.0,13566,163.69784375351426,0
TXN_102505,1010,Free,29.99,10126,102.23411516945909,0
TXN_102506,836,Premium,499.0,9441,74.97046241689988,0
TXN_102507,966,Free,29.99,11051,156.69762924494165,0
TXN_102508,893,Enterprise,499.0,17566,16.204901226108234,0
TXN_102509,619,Unknown,0.0,7980,120.65552012693547,0
TXN_102510,199,Free,29.99,9744,92.33485945896754,0
TXN_102511,851,Free,499.0,7602,147.13517435808703,0
TXN_102512,577,Free,29.99,15739,126.44905418181123,0
TXN_102513,698,Free,29.99,7312,115.55866049764646,0
TXN_102514,397,Premium,29.99,8070,61.256473012265765,0
TXN_102515,1039,Premium,499.0,3648,123.08903104766117,0
TXN_102516,625,Free,0.0,5304,134.53163842731107,0
TXN_102517,433,Free,0.0,12145,102.80671303103452,0
TXN_102518,101,Free,0.0,5498,117.73760875693286,0
TXN_102519,474,Free,499.0,11511,153.0000852800694,0
TXN_102520,392,Enterprise,,8517,93.32092317870604,0
TXN_102521,936,Free,0.0,12537,54.613498894332665,0
TXN_102522,1033,Enterprise,0.0,17406,156.6620789355409,0
TXN_102523,652,Premium,499.0,4058,142.01074797125915,0
TXN_102524,417,Premium,0.0,5577,152.00718237935425,0
TXN_102525,601,Free,0.0,8655,92.61026218039241,0
TXN_102526,927,Premium,0.0,4689,120.10320980638875,0
TXN_102527,480,Premium,0.0,6054,132.34984214898356,0
TXN_102528,722,Premium,29.99,8202,149.6791839755152,0
TXN_102529,113,Free,0.0,10121,138.22751954918604,0
TXN_102530,603,Free,29.99,9009,93.92756676842876,0
TXN_102531,330,Premium,499.0,15403,122.47112296425392,1
TXN_102532,183,Free,0.0,8273,65.4016587208614,1
TXN_102533,229,Free,0.0,9319,127.12922068829313,0
TXN_102534,842,Unknown,499.0,7659,199.4519999393599,0
TXN_102535,937,Free,499.0,12129,38.73578180348737,0
TXN_102536,244,Free,0.0,7049,109.7027623935865,1
TXN_102537,990,Free,0.0,7398,109.47641917122064,0
TXN_102538,956,Premium,0.0,8241,126.8694976814845,0
TXN_102539,127,Free,29.99,14050,104.38866416451155,0
TXN_102540,165,Premium,0.0,10975,65.41515205735132,0
TXN_102541,262,Free,29.99,12718,134.90530822604313,0
TXN_102542,328,Free,0.0,6915,149.28031189845711,0
TXN_102543,360,Premium,499.0,13921,179.16082578924573,0
TXN_102544,548,Free,0.0,6443,138.89912507089053,0
TXN_102545,523,Unknown,29.99,11277,163.66908631128595,0
TXN_102546,559,Free,0.0,21807,80.56686872179321,0
TXN_102547,775,Free,0.0,7914,90.95436931007315,0
TXN_102548,400,Free,29.99,9979,33.56969139858107,0
TXN_102549,1018,Free,499.0,5431,158.54963197512154,0
TXN_102550,402,Unknown,29.99,10444,112.25833400109127,0
TXN_102551,386,Enterprise,29.99,8883,133.61491861520372,0
TXN_102552,494,Free,0.0,11358,156.10593953421775,0
TXN_102553,109,Premium,29.99,6913,164.00146126696688,0
TXN_102554,806,Premium,0.0,7036,96.05841410951449,0
TXN_102555,729,Free,0.0,10877,89.21774318240341,0
TXN_102556,369,Free,499.0,10295,100.4004243344886,0
TXN_102557,691,Enterprise,499.0,16892,72.11360334216013,0
TXN_102558,704,Unknown,29.99,11849,126.60473598244711,0
TXN_102559,877,Unknown,499.0,14770,166.45765054546865,0
TXN_102560,943,Premium,,7725,36.930922383194684,0
TXN_102561,961,Premium,0.0,9245,102.09936258693783,0
TXN_102562,460,Free,,8972,59.286303199489396,0
TXN_102563,356,Free,29.99,6904,81.86483452101939,0
TXN_102564,232,Free,499.0,8842,98.82729135401974,0
TXN_102565,375,Premium,29.99,7541,176.45278441886597,0
TXN_102566,875,Premium,29.99,9980,195.40732682489113,0
TXN_102567,782,Enterprise,29.99,7980,153.2204025076449,0
TXN_102568,612,Enterprise,0.0,7368,124.54627359470992,0
TXN_102569,412,Enterprise,499.0,5699,125.72792849457888,0
TXN_102570,675,Unknown,0.0,5940,153.75797098811975,0
TXN_102571,985,Free,0.0,7799,155.82196735519847,0
TXN_102572,383,Premium,0.0,9391,148.04165425571878,0
TXN_102573,220,Premium,0.0,9582,165.29514565714499,0
TXN_102574,206,Free,0.0,12459,90.67255302340655,1
TXN_102575,1032,Unknown,0.0,13530,112.07865944691181,0
TXN_102576,786,Enterprise,29.99,13474,153.1214421134224,0
TXN_102577,303,Free,29.99,7844,98.82232849950222,0
TXN_102578,264,Free,0.0,8846,221.12494423869126,0
TXN_102579,404,Premium,0.0,17329,150.2821742173193,0
TXN_102580,596,Premium,,10340,101.85935917735631,0
TXN_102581,731,Enterprise,0.0,8478,196.5226073868082,0
TXN_102582,655,Free,0.0,12164,155.13230261078405,0
TXN_102583,923,Free,0.0,7501,86.92065019579286,0
TXN_102584,255,Free,0.0,13317,129.31812385789743,0
TXN_102585,466,Free,29.99,14039,83.79604580462009,0
TXN_102586,818,Free,0.0,16123,139.25559065385215,0
TXN_102587,1001,Enterprise,29.99,13011,72.24998671339853,0
TXN_102588,719,Free,0.0,10513,126.07297043020306,0
TXN_102589,350,Free,29.99,6424,117.05574329880784,0
TXN_102590,1015,Free,499.0,14045,140.4696264900981,1
TXN_102591,981,Free,0.0,9652,-999.0,0
TXN_102592,433,Enterprise,0.0,8435,146.94225150786843,0
TXN_102593,741,Premium,0.0,11459,127.95440200904518,0
TXN_102594,610,Premium,29.99,13009,74.53874782996775,0
TXN_102595,392,Free,0.0,10549,129.10490688509515,0
TXN_102596,119,Free,29.99,16163,106.0715933814979,0
TXN_102597,381,Free,0.0,7652,191.77129043728135,0
TXN_102598,896,Free,0.0,13735,151.52257206256854,0
TXN_102599,100,Enterprise,0.0,4608,42.13269369277572,0
TXN_102600,218,Free,0.0,14827,130.80752412334084,0
TXN_102601,134,Premium,0.0,8130,229.93106971292062,0
TXN_102602,297,Free,0.0,11067,79.00764220707748,0
TXN_102603,584,Premium,29.99,9012,145.67952217115055,0
TXN_102604,856,Enterprise,0.0,8421,100.96477962708752,0
TXN_102605,158,Premium,29.99,8952,192.78705945245133,0
TXN_102606,936,Premium,29.99,9107,90.05341321827221,0
TXN_102607,260,Unknown,29.99,7922,114.65843451691383,1
TXN_102608,790,Premium,499.0,8645,148.07283663857865,0
TXN_102609,305,Free,0.0,17165,60.0552236488413,0
TXN_102610,111,Free,0.0,8390,112.67687783315363,0
TXN_102611,589,Premium,29.99,14013,144.0898931126164,0
TXN_102612,375,Premium,29.99,9751,17.516783636582232,0
TXN_102613,792,Free,29.99,14745,158.3003467516671,0
TXN_102614,341,Free,0.0,10162,69.18888348544439,0
TXN_102615,315,Unknown,29.99,4412,-999.0,0
TXN_102616,350,Free,499.0,11416,177.2666024273111,0
TXN_102617,910,Free,0.0,10039,93.13487730455978,0
TXN_102618,225,Free,,14610,40.594268920830004,0
TXN_102619,316,Enterprise,0.0,12278,130.0506864383782,0
TXN_102620,405,Free,0.0,7561,166.214224241376,0
TXN_102621,896,Premium,0.0,10161,82.42128961770237,0
TXN_102622,284,Free,29.99,6891,133.71312273186385,1
TXN_102623,138,Premium,29.99,12588,120.29090535929996,0
TXN_102624,322,Enterprise,29.99,12747,72.70398115746997,0
TXN_102625,283,Free,29.99,13227,80.70801533006372,0
TXN_102626,594,Premium,0.0,12229,148.17566360192467,0
TXN_102627,526,Free,0.0,17400,157.54639976994525,0
TXN_102628,277,Free,0.0,7140,124.30994008067624,1
TXN_102629,1018,Enterprise,,5335,-11.668171505718988,0
TXN_102630,527,Free,0.0,12894,206.97243555685006,0
TXN_102631,393,Premium,499.0,11326,196.53266771762713,0
TXN_102632,951,Free,0.0,6931,153.9143403483992,0
TXN_102633,250,Free,0.0,11709,73.04374260458414,0
TXN_102634,483,Free,0.0,17022,-999.0,0
TXN_102635,737,Premium,0.0,4252,117.58895592807191,0
TXN_102636,912,Free,,9991,92.20275649570071,0
TXN_102637,407,Premium,29.99,5579,171.75808037478316,0
TXN_102638,435,Free,499.0,12840,165.0761618618823,0
TXN_102639,1045,Free,499.0,8364,53.09764840507552,0
TXN_102640,845,Premium,29.99,10600,173.0033659914568,0
TXN_102641,991,Enterprise,29.99,8437,109.62456345033284,0
TXN_102642,474,Free,29.99,6260,89.48737973939622,0
TXN_102643,107,Premium,29.99,7905,117.27608379748102,0
TXN_102644,440,Free,0.0,7043,65.9893480914186,0
TXN_102645,228,Premium,0.0,7955,175.49863200517618,0
TXN_102646,875,Enterprise,29.99,16202,112.37671927219424,0
TXN_102647,768,Enterprise,0.0,14148,168.9780672844616,0
TXN_102648,451,Premium,29.99,9321,168.32533068188587,0
TXN_102649,457,Free,499.0,11540,95.05156607741498,0
TXN_102650,616,Enterprise,29.99,9260,125.0009017641304,0
TXN_102651,594,Premium,29.99,4628,86.4776776883402,0
TXN_102652,185,Free,0.0,10623,178.59681348258883,0
TXN_102653,274,Free,499.0,6819,97.53251108464929,0
TXN_102654,901,Enterprise,0.0,11206,149.8100640078099,0
TXN_102655,292,Enterprise,,9192,164.94997784008802,0
TXN_102656,410,Free,,7372,193.70061424167622,0
TXN_102657,218,Premium,499.0,15027,168.36723092210485,0
TXN_102658,317,Enterprise,0.0,9457,107.41162820136122,1
TXN_102659,526,Free,0.0,7526,185.46469884031563,0
TXN_102660,513,Free,499.0,11030,167.88188950701937,0
TXN_102661,213,Premium,499.0,17108,56.040456968653395,0
TXN_102662,244,Free,499.0,12013,169.42502542677457,0
TXN_102663,637,Free,29.99,9953,140.17699840696048,0
TXN_102664,747,Premium,29.99,6996,-999.0,0
TXN_102665,402,Enterprise,0.0,8299,114.82145132273745,0
TXN_102666,843,Premium,499.0,6302,118.6984701420872,0
TXN_102667,980,Premium,29.99,10112,103.69455814165384,0
TXN_102668,687,Free,0.0,10241,138.69545805274774,0
TXN_102669,939,Free,0.0,10620,168.4531823682848,1
TXN_102670,444,Premium,29.99,9684,72.45103346290989,0
TXN_102671,913,Free,29.99,14501,35.848231701076884,0
TXN_102672,900,Enterprise,0.0,21065,122.12183779120323,0
TXN_102673,100,Free,0.0,9081,165.61061073366545,0
TXN_102674,246,Free,0.0,14461,151.8701129423651,0
TXN_102675,386,Free,0.0,14241,98.94223720709167,0
TXN_102676,753,Enterprise,499.0,10671,109.09018366511918,0
TXN_102677,152,Free,29.99,14192,34.547552418209705,0
TXN_102678,403,Free,29.99,11174,181.40784858457425,0
TXN_102679,168,Free,499.0,8546,99.74162946621102,0
TXN_102680,460,Enterprise,0.0,10091,126.17393729499287,0
TXN_102681,701,Free,499.0,10147,106.9882307079152,0
TXN_102682,319,Free,,9686,81.66619323838431,0
TXN_102683,803,Free,29.99,7495,93.50908463204222,0
TXN_102684,674,Premium,0.0,6536,98.74405060394439,0
TXN_102685,684,Free,29.99,13500,90.84806747134681,0
TXN_102686,260,Free,499.0,8496,151.91473819794473,0
TXN_102687,780,Free,0.0,10667,153.2381235194042,0
TXN_102688,188,Premium,0.0,10395,108.97220380429881,0
TXN_102689,787,Premium,499.0,10372,125.6331346480612,0
TXN_102690,880,Premium,499.0,7587,186.917438000683,0
TXN_102691,684,Enterprise,29.99,12929,48.720874669607824,0
TXN_102692,856,Unknown,0.0,7061,189.18890759530706,0
TXN_102693,688,Free,0.0,5807,192.35451341481127,0
TXN_102694,258,Premium,29.99,12332,155.53458201691765,0
TXN_102695,588,Premium,499.0,18055,139.7463725293436,1
TXN_102696,423,Enterprise,0.0,8277,139.82772020123525,0
TXN_102697,709,Free,0.0,8950,-999.0,0
TXN_102698,480,Premium,499.0,10157,146.39706395158944,0
TXN_102699,201,Free,0.0,13860,169.63630625466695,0
TXN_102700,593,Enterprise,499.0,9865,-999.0,0
TXN_102701,743,Free,0.0,9519,74.91477940282135,0
TXN_102702,713,Free,499.0,8678,185.89127518770601,0
TXN_102703,118,Free,,4882,109.4157217796044,1
TXN_102704,553,Free,0.0,11773,161.06858421009036,0
TXN_102705,581,Premium,499.0,10683,75.95881929647587,0
TXN_102706,693,Free,,11556,150.08278011640027,0
TXN_102707,496,Free,,8075,149.22671615714705,0
TXN_102708,378,Enterprise,0.0,14377,26.799860445460894,0
TXN_102709,950,Free,29.99,11559,154.69167043419975,0
TXN_102710,464,Premium,0.0,8597,95.63806133031449,0
TXN_102711,430,Free,0.0,8046,135.08720248797482,0
TXN_102712,740,Free,29.99,6870,108.9157149692407,0
TXN_102713,443,Enterprise,0.0,4144,164.13805203894654,0
TXN_102714,921,Premium,29.99,9535,170.47887048914538,0
TXN_102715,554,Free,29.99,10697,184.10997981565225,0
TXN_102716,700,Unknown,499.0,6948,177.41302157819774,0
TXN_102717,824,Enterprise,499.0,11517,167.85158074313551,0
TXN_102718,754,Unknown,0.0,11309,114.0105281925825,0
TXN_102719,164,Free,29.99,5377,112.46711805936245,0
TXN_102720,175,Free,499.0,10852,98.58628056954426,0
TXN_102721,810,Premium,0.0,6078,86.39709528482399,0
TXN_102722,242,Premium,0.0,8047,49.74694170077866,0
TXN_102723,1016,Free,499.0,12067,147.11635311951827,0
TXN_102724,1014,Premium,0.0,11736,118.80559591912547,0
TXN_102725,927,Free,499.0,7338,128.2437468269676,0
TXN_102726,704,Free,499.0,11224,151.45045643828178,0
TXN_102727,572,Free,29.99,13281,121.90696584746593,0
TXN_102728,516,Premium,499.0,6069,103.54269745841829,0
TXN_102729,404,Free,0.0,8212,111.33081537527728,0
TXN_102730,835,Enterprise,499.0,7649,93.3307653350146,0
TXN_102731,596,Premium,499.0,12361,165.85854430242543,0
TXN_102732,390,Premium,0.0,6916,59.450184574138,0
TXN_102733,1039,Unknown,29.99,7988,139.8729629276664,0
TXN_102734,201,Premium,29.99,11973,125.00690874499772,0
TXN_102735,366,Unknown,0.0,11024,58.81992126281351,0
TXN_102736,966,Free,,8818,111.61461354373367,0
TXN_102737,721,Free,0.0,9889,148.48625297063978,0
TXN_102738,941,Free,29.99,10512,111.37932432745518,0
TXN_102739,1041,Free,0.0,20518,85.39356066559913,0
TXN_102740,876,Enterprise,29.99,8563,122.394035813269,0
TXN_102741,102,Free,499.0,13419,55.30051148981826,0
TXN_102742,184,Premium,29.99,8846,94.74003456340215,0
TXN_102743,893,Premium,499.0,9142,68.65250001332012,0
TXN_102744,427,Premium,29.99,7810,131.1220895246637,0
TXN_102745,915,Free,0.0,10153,168.4939947292303,0
TXN_102746,549,Premium,0.0,6865,139.45986826486455,0
TXN_102747,553,Free,0.0,4345,196.86182941297983,0
TXN_102748,1023,Free,0.0,6188,167.38119091447717,0
TXN_102749,728,Premium,0.0,8583,80.51387795524383,0
TXN_102750,320,Premium,499.0,8695,111.00726669970072,0
TXN_102751,253,Free,,6598,138.01163181335843,0
TXN_102752,764,Enterprise,0.0,9379,87.15271030135489,0
TXN_102753,111,Free,0.0,10510,141.2688713017128,0
TXN_102754,232,Free,0.0,4750,138.46962555099924,0
TXN_102755,403,Free,499.0,11477,133.15564696576024,0
TXN_102756,392,Premium,29.99,6892,116.14849605275998,0
TXN_102757,399,Premium,29.99,13251,75.16448838582973,0
TXN_102758,839,Free,29.99,13517,138.32788806103298,0
TXN_102759,882,Free,29.99,12289,123.46726223103856,0
TXN_102760,142,Premium,0.0,15868,86.58941688026042,0
TXN_102761,1043,Free,0.0,8539,122.64233677227368,0
TXN_102762,442,Free,0.0,9519,103.88703900242523,1
TXN_102763,425,Premium,0.0,14298,142.31958546642915,0
TXN_102764,913,Free,499.0,5745,142.64791197058221,0
TXN_102765,597,Enterprise,0.0,9286,96.31308156325355,0
TXN_102766,463,Free,0.0,10281,117.79778298658292,0
TXN_102767,990,Premium,499.0,12655,98.51178306271194,0
TXN_102768,526,Free,0.0,11014,184.97787579564675,1
TXN_102769,120,Enterprise,0.0,9396,105.14566365869132,0
TXN_102770,506,Free,499.0,11783,133.2056399611433,0
TXN_102771,718,Premium,29.99,9181,201.37179119440674,0
TXN_102772,435,Premium,0.0,11001,6.686897344843132,0
TXN_102773,914,Free,499.0,8608,148.98884782646724,0
TXN_102774,216,Free,29.99,12224,143.08342891531248,0
TXN_102775,223,Premium,0.0,9293,92.41288487927484,0
TXN_102776,498,Enterprise,29.99,5132,58.064052631802774,0
TXN_102777,892,Free,29.99,7632,99.96332611682533,0
TXN_102778,903,Free,,12817,107.840171083192,0
TXN_102779,814,Enterprise,,12600,135.0085717167113,0
TXN_102780,150,Free,0.0,5785,58.17164971670366,0
TXN_102781,882,Unknown,29.99,8202,76.44824191688039,0
TXN_102782,423,Premium,0.0,14928,98.70214780768659,0
TXN_102783,888,Premium,0.0,6363,211.06164487469064,0
TXN_102784,240,Free,0.0,7881,103.07765751951248,0
TXN_102785,569,Free,29.99,12535,83.84877390877335,0
TXN_102786,886,Premium,29.99,11051,155.6726669193867,0
TXN_102787,901,Enterprise,0.0,6209,46.711363339602514,0
TXN_102788,433,Unknown,499.0,5628,80.7568999735085,0
TXN_102789,992,Free,499.0,8198,30.748357608932622,0
TXN_102790,472,Free,29.99,12369,115.86662431155013,0
TXN_102791,663,Free,0.0,11141,93.98319612542626,0
TXN_102792,593,Enterprise,499.0,9428,179.7905555079443,0
TXN_102793,638,Free,499.0,10980,129.02265972505884,0
TXN_102794,768,Free,0.0,9894,117.13053565014151,0
TXN_102795,850,Free,0.0,14075,74.8970414063985,0
TXN_102796,255,Free,,7039,108.22998024161281,0
TXN_102797,390,Unknown,29.99,15850,161.40171855817314,0
TXN_102798,747,Premium,29.99,9725,77.00914414874158,0
TXN_102799,243,Free,0.0,7010,159.00414840563138,0
TXN_102800,205,Free,29.99,11931,68.53703767604685,0
TXN_102801,519,Free,0.0,7803,110.12682514192025,0
TXN_102802,769,Free,0.0,5888,152.53189446131606,0
TXN_102803,757,Free,29.99,11627,147.6797839581808,0
TXN_102804,101,Premium,0.0,13478,80.75895224202861,0
TXN_102805,1044,Free,29.99,8688,93.61979992446847,0
TXN_102806,688,Free,,10113,116.38386481533483,0
TXN_102807,743,Free,29.99,13134,198.73182468372926,0
TXN_102808,189,Premium,29.99,9456,196.75879446575442,0
TXN_102809,444,Premium,0.0,15219,171.3629031024208,0
TXN_102810,449,Premium,0.0,8900,159.66983782596452,0
TXN_102811,558,Premium,,11914,59.001571442834255,0
TXN_102812,362,Premium,0.0,10793,174.93512777393147,0
TXN_102813,450,Free,0.0,9658,71.50922798111071,0
TXN_102814,207,Enterprise,29.99,10107,76.01408259633317,0
TXN_102815,685,Free,29.99,4745,135.1936600196742,0
TXN_102816,138,Free,0.0,7086,120.40674686978171,0
TXN_102817,1008,Premium,0.0,12182,119.15091669160444,0
TXN_102818,258,Free,499.0,10473,63.407323765589396,0
TXN_102819,682,Enterprise,0.0,14391,102.9328336351285,0
TXN_102820,411,Free,0.0,7724,62.08268519618262,0
TXN_102821,340,Enterprise,0.0,9192,171.23540769771697,0
TXN_102822,1037,Enterprise,0.0,8730,32.44469887884945,0
TXN_102823,544,Unknown,29.99,12101,146.44208565496533,0
TXN_102824,397,Enterprise,29.99,6893,102.4396188462685,0
TXN_102825,135,Enterprise,499.0,8516,58.69359745059709,0
TXN_102826,183,Premium,0.0,8107,145.14856630726752,0
TXN_102827,551,Free,0.0,8229,152.8025741712413,0
TXN_102828,985,Free,0.0,11800,107.15067753441978,0
TXN_102829,874,Premium,0.0,9332,183.33024836361136,0
TXN_102830,921,Unknown,0.0,7699,88.34492752235366,0
TXN_102831,484,Premium,0.0,4798,177.6917552333595,0
TXN_102832,271,Enterprise,0.0,7784,173.0306621029007,0
TXN_102833,475,Enterprise,29.99,8341,42.18600582729081,0
TXN_102834,784,Free,0.0,6197,225.38752790361758,0
TXN_102835,461,Free,0.0,10042,129.45437436416213,0
TXN_102836,658,Free,0.0,9282,142.4902455566923,0
TXN_102837,990,Free,0.0,6037,61.160147895537726,0
TXN_102838,240,Premium,29.99,6829,202.48514882866897,0
TXN_102839,986,Unknown,0.0,7171,116.74077291949793,0
TXN_102840,1017,Premium,0.0,15213,93.5079715207913,0
TXN_102841,217,Free,0.0,10947,128.8643155281528,0
TXN_102842,376,Free,0.0,7581,108.7245258579208,0
TXN_102843,825,Free,499.0,12028,143.9846851449523,0
TXN_102844,319,Premium,,12923,72.2294057115433,0
TXN_102845,1004,Free,0.0,8314,175.11793876689785,1
TXN_102846,125,Free,29.99,10970,182.92035431145757,0
TXN_102847,620,Free,0.0,12041,136.40188317905765,0
TXN_102848,882,Free,0.0,10235,147.48939679329695,0
TXN_102849,109,Enterprise,0.0,6221,65.66077380013586,0
TXN_102850,477,Free,499.0,9577,69.3858780743736,0
TXN_102851,732,Free,0.0,17523,117.72803237877696,0
TXN_102852,736,Free,,12381,76.85136170077593,0
TXN_102853,781,Free,0.0,8788,-13.159983252796394,0
TXN_102854,683,Premium,0.0,12528,141.70138095601416,0
TXN_102855,251,Premium,499.0,13597,193.14490779515287,0
TXN_102856,819,Free,499.0,11476,143.70038016134112,0
TXN_102857,148,Premium,499.0,12254,119.23882100970103,0
TXN_102858,253,Free,29.99,4055,172.13151083486028,0
TXN_102859,958,Premium,0.0,6454,136.7612310462828,0
TXN_102860,392,Free,0.0,13955,83.70172255721525,0
TXN_102861,679,Free,0.0,17106,75.73685492228475,0
TXN_102862,149,Premium,0.0,5405,72.6153291351516,0
TXN_102863,763,Enterprise,,7619,102.08771529371974,0
TXN_102864,630,Premium,29.99,9594,154.25675096549043,0
TXN_102865,711,Free,499.0,15911,137.60748112106916,0
TXN_102866,159,Free,0.0,6958,183.89419055429775,0
TXN_102867,266,Unknown,29.99,12825,112.09580458643687,0
TXN_102868,301,Free,499.0,13850,86.31018165026885,0
TXN_102869,956,Free,29.99,9429,166.87348756670391,0
TXN_102870,245,Free,0.0,7850,96.87146509360932,0
TXN_102871,1014,Free,29.99,6150,136.55592412152427,0
TXN_102872,775,Free,29.99,9929,146.43221327421978,0
TXN_102873,538,Free,,19021,215.76823721196422,0
TXN_102874,341,Free,0.0,5319,98.8262011564184,0
TXN_102875,680,Enterprise,0.0,9790,172.74174912055156,0
TXN_102876,786,Free,29.99,4538,112.44086134424963,0
TXN_102877,660,Free,0.0,10331,175.74658405538813,0
TXN_102878,582,Premium,29.99,5166,104.18988798520932,0
TXN_102879,207,Premium,0.0,8492,148.51716041627165,0
TXN_102880,325,Free,499.0,7283,235.0390219307991,0
TXN_102881,772,Enterprise,499.0,10149,61.887162787736585,0
TXN_102882,730,Free,0.0,10261,163.7448655090474,0
TXN_102883,760,Enterprise,0.0,5439,175.98249186968513,0
TXN_102884,761,Free,29.99,18494,100.2093759531194,0
TXN_102885,531,Free,499.0,8485,190.1642796593526,0
TXN_102886,904,Enterprise,0.0,9971,67.00014650247893,0
TXN_102887,754,Premium,0.0,15767,157.9386392919389,0
TXN_102888,518,Free,29.99,6490,136.78166298918143,0
TXN_102889,554,Free,29.99,9418,160.5665259479493,0
TXN_102890,259,Free,0.0,15870,114.32343890857481,0
TXN_102891,622,Premium,29.99,9505,164.5915055785142,0
TXN_102892,749,Free,,8562,168.42599484554518,0
TXN_102893,689,Free,0.0,12582,36.15869576117544,0
TXN_102894,176,Free,29.99,6215,101.25728594725486,0
TXN_102895,608,Premium,0.0,12642,123.1663863777679,0
TXN_102896,540,Enterprise,0.0,8634,109.01098558114924,0
TXN_102897,353,Premium,0.0,8920,144.02185311045906,0
TXN_102898,1020,Free,0.0,9580,35.176499225777974,0
TXN_102899,869,Enterprise,499.0,12183,107.07292234406908,0
TXN_102900,419,Premium,29.99,9227,130.3669114112708,0
TXN_102901,902,Enterprise,0.0,9834,129.46029210011977,0
TXN_102902,362,Free,0.0,4529,71.4013305672378,0
TXN_102903,696,Free,29.99,8601,212.02007739147962,0
TXN_102904,757,Premium,0.0,13721,79.42366677813482,0
TXN_102905,934,Free,0.0,10559,129.1362894679291,0
TXN_102906,653,Premium,29.99,15753,98.01274986633133,0
TXN_102907,473,Enterprise,499.0,6737,161.32041827761975,0
TXN_102908,736,Enterprise,0.0,8686,184.8869981900703,0
TXN_102909,266,Unknown,29.99,14626,136.20305924371112,0
TXN_102910,1036,Premium,0.0,6420,144.40424074025935,0
TXN_102911,852,Free,29.99,7750,97.75380656600134,0
TXN_102912,558,Free,29.99,12279,89.87495383732622,0
TXN_102913,379,Free,499.0,7208,15.825996362972845,0
TXN_102914,799,Premium,29.99,10140,83.77348868892152,0
TXN_102915,401,Free,0.0,9705,80.86623153128346,0
TXN_102916,630,Free,0.0,5878,137.5430207773482,0
TXN_102917,679,Premium,0.0,16082,63.22654180670009,0
TXN_102918,317,Premium,29.99,14184,87.83894142125945,0
TXN_102919,201,Unknown,499.0,11783,166.71633096843405,0
TXN_102920,653,Premium,29.99,11017,74.27544655681005,0
TXN_102921,387,Premium,29.99,11528,69.89165957406189,0
TXN_102922,266,Premium,0.0,6415,199.99755809386755,0
TXN_102923,720,Unknown,0.0,8937,206.23469494726766,0
TXN_102924,135,Premium,0.0,4816,113.80909025995814,0
TXN_102925,843,Enterprise,0.0,10578,157.18482203493602,0
TXN_102926,840,Enterprise,0.0,17160,148.16022167637158,1
TXN_102927,452,Enterprise,499.0,7447,149.4213040326664,0
TXN_102928,775,Free,0.0,11453,100.56903679790781,0
TXN_102929,998,Free,29.99,4802,131.43366018733167,0
TXN_102930,172,Free,499.0,6452,130.64520286927805,0
TXN_102931,747,Free,0.0,8751,141.63498304866508,0
TXN_102932,452,Free,499.0,16295,125.95858850195987,0
TXN_102933,990,Free,0.0,10511,134.02475732847208,0
TXN_102934,169,Free,0.0,7093,97.09571054078147,0
TXN_102935,524,Premium,0.0,16816,91.18631968856513,0
TXN_102936,807,Premium,0.0,8010,160.86039419619433,0
TXN_102937,880,Free,29.99,6555,116.24868990849444,0
TXN_102938,660,Premium,499.0,17736,93.21234921662905,0
TXN_102939,927,Premium,0.0,10345,226.6053398112831,0
TXN_102940,741,Premium,0.0,6493,218.7273336394894,0
TXN_102941,616,Enterprise,0.0,8163,65.85404168485847,0
TXN_102942,527,Free,29.99,9816,109.0353945557393,0
TXN_102943,638,Free,0.0,14101,185.71275514629724,0
TXN_102944,259,Free,29.99,10602,81.88795887503551,0
TXN_102945,248,Free,29.99,7178,83.57025808356966,0
TXN_102946,875,Premium,0.0,6996,127.37639988503646,0
TXN_102947,329,Free,,5881,149.98788032170847,0
TXN_102948,811,Free,0.0,9071,75.05379777663289,0
TXN_102949,661,Free,,5265,158.66148776149618,0
TXN_102950,166,Free,0.0,8488,190.24078409007683,0
TXN_102951,911,Premium,0.0,12582,82.67101236071646,0
TXN_102952,480,Premium,499.0,8486,97.16849303084014,0
TXN_102953,157,Free,29.99,9322,150.06522942897595,0
TXN_102954,358,Free,499.0,10432,93.49035526912698,0
TXN_102955,441,Free,0.0,13028,21.329120895532355,0
TXN_102956,937,Free,499.0,14496,112.41813037530801,0
TXN_102957,229,Enterprise,0.0,8916,106.63252381784388,0
TXN_102958,826,Free,0.0,8050,74.69372670435658,0
TXN_102959,271,Premium,0.0,14346,162.81018894881313,0
TXN_102960,869,Enterprise,499.0,13552,-999.0,0
TXN_102961,713,Free,29.99,8201,169.34718078372939,0
TXN_102962,308,Free,0.0,7489,26.745795987884364,0
TXN_102963,902,Unknown,0.0,11142,13.541576236493682,0
TXN_102964,453,Enterprise,0.0,16516,154.48125047670572,0
TXN_102965,570,Free,0.0,5019,50.91385133020813,0
TXN_102966,897,Premium,29.99,20623,65.17369463902205,0
TXN_102967,215,Enterprise,29.99,12718,71.66672610566607,0
TXN_102968,363,Free,29.99,6004,202.1184385165074,0
TXN_102969,761,Enterprise,499.0,6370,150.94431938970322,0
TXN_102970,911,Free,0.0,12483,37.00073028924085,0
TXN_102971,541,Premium,0.0,11096,103.51257389615218,0
TXN_102972,647,Unknown,29.99,9045,115.5045866794884,0
TXN_102973,552,Enterprise,29.99,11047,60.92905206751197,0
TXN_102974,944,Free,29.99,16295,103.98982951691713,0
TXN_102975,576,Free,499.0,8664,77.66931132544957,0
TXN_102976,386,Premium,29.99,9918,188.17183192410036,0
TXN_102977,402,Premium,0.0,6327,112.42677375159307,0
TXN_102978,410,Premium,0.0,7077,46.95020079124059,0
TXN_102979,307,Unknown,499.0,9991,127.07175720396936,0
TXN_102980,717,Enterprise,29.99,11554,139.21462696872595,0
TXN_102981,545,Free,0.0,999999,86.26845145469815,0
TXN_102982,769,Free,0.0,8714,143.23895215249183,0
TXN_102983,732,Free,29.99,10503,122.05441034944624,0
TXN_102984,154,Premium,29.99,13845,94.55544473821774,0
TXN_102985,1011,Premium,0.0,5885,106.73871092442448,0
TXN_102986,111,Premium,29.99,19924,115.08012711698939,0
TXN_102987,756,Free,0.0,12113,-16.784701448692488,0
TXN_102988,499,Free,499.0,6058,112.36676993263325,0
TXN_102989,1007,Free,0.0,6772,161.91102593574377,0
TXN_102990,747,Premium,29.99,10806,103.86797565724186,0
TXN_102991,614,Free,29.99,8065,164.67392996063572,0
TXN_102992,755,Free,0.0,6308,60.81632762952607,0
TXN_102993,641,Free,29.99,16208,47.10643373082192,0
TXN_102994,336,Premium,0.0,13832,53.61048852658891,0
TXN_102995,378,Free,29.99,15718,128.33427428187966,0
TXN_102996,447,Enterprise,29.99,7903,138.26892594456808,0
TXN_102997,726,Premium,0.0,22193,61.880558199172064,0
TXN_102998,203,Premium,0.0,11293,126.82442847936699,0
TXN_102999,729,Premium,499.0,8041,106.7182063504006,0
TXN_103000,616,Free,0.0,6462,104.28795497377288,0
TXN_103001,971,Free,29.99,6884,95.59539779702311,0
TXN_103002,347,Unknown,0.0,6993,126.97740254669448,0
TXN_103003,463,Premium,499.0,8510,19.772182652485455,0
TXN_103004,420,Unknown,29.99,12973,30.603449309053445,0
TXN_103005,732,Premium,29.99,8135,110.23089673270222,0
TXN_103006,385,Free,0.0,7270,151.37814467016048,0
TXN_103007,248,Free,0.0,18328,130.96912482050666,0
TXN_103008,183,Premium,0.0,6770,157.80182683262325,0
TXN_103009,505,Free,0.0,9514,145.79773520645426,0
TXN_103010,555,Free,29.99,12554,13.342282351121753,0
TXN_103011,842,Enterprise,29.99,7253,76.13741762513973,1
TXN_103012,899,Free,0.0,6765,209.57779618061102,0
TXN_103013,260,Free,29.99,7277,98.38379626846212,0
TXN_103014,883,Enterprise,0.0,8360,182.40690067730122,0
TXN_103015,559,Enterprise,0.0,12793,13.631267057631788,0
TXN_103016,649,Free,499.0,12640,66.779360066919,0
TXN_103017,599,Enterprise,29.99,11263,111.72621833680462,0
TXN_103018,837,Enterprise,29.99,11378,149.47743679299282,0
TXN_103019,608,Free,0.0,9548,55.45909086668449,0
TXN_103020,753,Free,0.0,11051,117.8753180435039,0
TXN_103021,903,Free,0.0,7856,116.49424309030536,0
TXN_103022,580,Premium,499.0,9196,154.46651907944266,0
TXN_103023,762,Free,29.99,11959,113.76883204166037,0
TXN_103024,213,Unknown,0.0,6834,71.49891025702561,0
TXN_103025,848,Premium,499.0,13116,120.17896079798291,0
TXN_103026,677,Premium,0.0,6219,185.84954906589314,0
TXN_103027,460,Unknown,499.0,11791,81.96149637115207,0
TXN_103028,440,Enterprise,0.0,12917,117.56005094908221,0
TXN_103029,869,Free,0.0,6980,76.90980018884731,0
TXN_103030,860,Free,0.0,7258,181.33966890072733,0
TXN_103031,548,Premium,0.0,7093,89.3706884175668,0
TXN_103032,942,Free,499.0,13428,165.78857757917334,0
TXN_103033,934,Free,29.99,6570,142.3788264745974,0
TXN_103034,279,Premium,29.99,11124,30.434368781689557,0
TXN_103035,801,Enterprise,499.0,7018,146.38001630869093,0
TXN_103036,506,Free,0.0,10699,90.18808097039944,0
TXN_103037,765,Premium,499.0,6418,116.83670364038518,0
TXN_103038,295,Free,499.0,9543,75.04105125928794,0
TXN_103039,565,Premium,0.0,10265,247.77623690443227,0
TXN_103040,410,Free,0.0,11732,136.97899929659488,0
TXN_103041,361,Enterprise,29.99,10370,163.49057609748968,0
TXN_103042,518,Free,0.0,13655,103.07838914079605,0
TXN_103043,505,Premium,499.0,16344,113.49209937944607,0
TXN_103044,1038,Free,0.0,13160,33.40886967994439,0
TXN_103045,242,Free,29.99,10615,134.17516823278132,0
TXN_103046,441,Free,29.99,8524,60.42689755514316,0
TXN_103047,415,Free,0.0,9941,92.11317427093991,0
TXN_103048,200,Free,0.0,13705,87.33045667255465,0
TXN_103049,343,Free,0.0,9538,43.85713017239749,1
TXN_103050,589,Premium,29.99,9611,98.5391903368043,1
TXN_103051,111,Premium,499.0,7691,156.41561206768029,0
TXN_103052,338,Free,0.0,7223,57.13326044372952,0
TXN_103053,660,Premium,499.0,9581,138.6002396210323,0
TXN_103054,141,Free,0.0,9463,119.36078383491497,0
TXN_103055,777,Premium,29.99,8303,115.07411133025447,0
TXN_103056,693,Free,499.0,7554,26.447973870659084,0
TXN_103057,528,Premium,0.0,15193,88.52259101018176,1
TXN_103058,902,Free,499.0,9441,197.9366457374969,0
TXN_103059,257,Unknown,29.99,8413,86.74945410329197,1
TXN_103060,315,Free,0.0,7979,140.52901534489598,0
TXN_103061,769,Free,499.0,7759,94.46360885193816,0
TXN_103062,561,Free,0.0,4580,59.177230256274434,0
TXN_103063,233,Enterprise,0.0,11103,89.66398062307614,0
TXN_103064,166,Premium,29.99,10031,179.85205459606715,0
TXN_103065,947,Premium,499.0,12308,171.89720433610898,1
TXN_103066,106,Enterprise,499.0,6252,57.00778068747027,0
TXN_103067,1047,Enterprise,0.0,13471,90.41123780196637,0
TXN_103068,625,Premium,,9150,63.26849215225596,0
TXN_103069,172,Free,29.99,11703,95.96138838312964,0
TXN_103070,498,Enterprise,499.0,11783,146.1866264596793,0
TXN_103071,504,Free,0.0,8888,129.00913946806946,0
TXN_103072,774,Premium,29.99,5670,176.83528958168256,0
TXN_103073,677,Premium,499.0,7185,228.8013884761113,0
TXN_103074,958,Premium,0.0,7808,131.0756431090217,0
TXN_103075,229,Premium,,12580,160.76399900768638,0
TXN_103076,1030,Premium,0.0,11734,211.83368688569288,0
TXN_103077,565,Unknown,0.0,12934,76.38581268213892,0
TXN_103078,305,Free,499.0,10856,181.8743227800877,1
TXN_103079,887,Free,,10714,94.4708955227116,0
TXN_103080,867,Premium,0.0,12563,148.45292792456618,0
TXN_103081,365,Unknown,0.0,9218,83.96268741104873,0
TXN_103082,636,Free,499.0,12533,187.4116144873612,0
TXN_103083,892,Free,499.0,11312,139.44901120442677,0
TXN_103084,352,Free,29.99,11254,115.39281089231856,0
TXN_103085,921,Free,29.99,17730,118.82493019886735,0
TXN_103086,388,Enterprise,499.0,6127,244.89438063542235,0
TXN_103087,263,Premium,0.0,8176,117.49649452847746,0
TXN_103088,194,Premium,,8130,45.69550581201116,0
TXN_103089,881,Premium,0.0,7816,97.09515767054796,1
TXN_103090,932,Premium,29.99,13105,165.84906763679794,0
TXN_103091,209,Free,29.99,11702,203.99347847341747,0
TXN_103092,435,Free,29.99,10305,151.40035538299918,0
TXN_103093,921,Free,29.99,8272,49.575966621255034,0
TXN_103094,337,Free,,7180,87.82436647979344,0
TXN_103095,480,Free,29.99,13187,100.56928923082359,0
TXN_103096,535,Free,499.0,8548,133.02114768293893,0
TXN_103097,998,Free,0.0,7152,121.14617571152793,0
TXN_103098,582,Free,499.0,10358,162.70688314592869,0
TXN_103099,1036,Premium,0.0,6108,87.22753797611492,0
TXN_103100,1001,Free,0.0,10532,116.75887375809772,0
TXN_103101,124,Enterprise,0.0,9660,90.5916083705925,0
TXN_103102,752,Free,29.99,11557,132.5311901955442,0
TXN_103103,216,Premium,,20112,84.25719031454463,0
TXN_103104,581,Enterprise,29.99,9543,137.54662938485689,0
TXN_103105,491,Enterprise,0.0,9259,150.51653611730615,0
TXN_103106,1016,Enterprise,0.0,11559,144.34724329133178,0
TXN_103107,636,Free,29.99,7790,99.55821812217866,0
TXN_103108,178,Free,0.0,11003,180.79391714691317,0
TXN_103109,679,Free,0.0,9968,129.026769514627,0
TXN_103110,272,Free,29.99,10837,166.25675038349226,0
TXN_103111,111,Free,,10600,211.96247985979946,0
TXN_103112,899,Enterprise,0.0,9015,195.77342247608775,0
TXN_103113,227,Premium,0.0,8751,103.93811758893276,0
TXN_103114,707,Premium,499.0,5972,174.68059670090636,0
TXN_103115,191,Enterprise,29.99,7129,227.07914056917792,1
TXN_103116,752,Premium,499.0,8436,210.8753566368299,1
TXN_103117,642,Premium,0.0,4999,66.731589320063,0
TXN_103118,945,Premium,0.0,15315,100.03712936108955,0
TXN_103119,631,Free,,8818,164.22599167041471,0
TXN_103120,757,Free,0.0,14867,171.991700566052,0
TXN_103121,927,Unknown,29.99,11434,148.53925246834177,0
TXN_103122,546,Enterprise,0.0,6506,132.27989592693237,0
TXN_103123,489,Enterprise,29.99,7467,191.2219146982969,0
TXN_103124,771,Free,499.0,5236,108.14640655079077,0
TXN_103125,960,Enterprise,29.99,9931,141.4985036450421,0
TXN_103126,142,Free,499.0,6619,128.27476597761458,0
TXN_103127,353,Free,0.0,13316,74.83874825841033,0
TXN_103128,229,Free,,16522,143.98051681490608,0
TXN_103129,159,Free,0.0,8553,85.82036962919477,0
TXN_103130,762,Free,0.0,9564,178.78075282091038,0
TXN_103131,566,Free,0.0,13749,81.13518885243346,0
TXN_103132,386,Free,29.99,7275,77.07705987888444,0
TXN_103133,616,Free,499.0,10504,111.62667450532709,0
TXN_103134,566,Premium,29.99,5955,177.73168883494023,0
TXN_103135,1029,Premium,29.99,8838,107.42124432983212,0
TXN_103136,877,Free,499.0,11856,119.20566473019474,0
TXN_103137,444,Free,499.0,17360,145.8390588483732,0
TXN_103138,741,Premium,29.99,10444,104.5087661548398,1
TXN_103139,481,Premium,499.0,9977,-0.31578649147995463,0
TXN_103140,878,Free,29.99,6668,117.22114658180155,0
TXN_103141,789,Premium,0.0,10043,110.83085479487512,0
TXN_103142,352,Unknown,0.0,5874,101.09181861867013,0
TXN_103143,1026,Free,,9529,116.82879505308988,0
TXN_103144,155,Free,0.0,12209,116.51505806015135,0
TXN_103145,562,Free,0.0,10605,96.26724799619097,1
TXN_103146,556,Premium,499.0,6049,111.1637082881134,0
TXN_103147,182,Free,0.0,13496,145.4830622327965,0
TXN_103148,1004,Free,499.0,7392,178.19411008068468,1
TXN_103149,198,Free,499.0,8420,94.33030598489256,1
TXN_103150,248,Unknown,,6521,170.56859967741147,0
TXN_103151,428,Premium,0.0,8565,140.33665615509707,0
TXN_103152,255,Premium,0.0,8424,57.21701370425383,0
TXN_103153,289,Enterprise,499.0,5489,143.04844588956072,0
TXN_103154,593,Free,0.0,10889,134.3662266608697,0
TXN_103155,982,Enterprise,29.99,5734,147.47544015440394,0
TXN_103156,362,Premium,29.99,15575,92.19129208758649,0
TXN_103157,179,Free,0.0,3572,61.110862753481705,0
TXN_103158,499,Enterprise,499.0,5998,38.50793762006472,0
TXN_103159,863,Enterprise,29.99,8454,132.5903623467313,0
TXN_103160,708,Enterprise,0.0,10473,159.94489237164225,0
TXN_103161,359,Free,0.0,8572,145.50708726510507,0
TXN_103162,871,Unknown,0.0,11321,148.85161691010453,0
TXN_103163,714,Unknown,0.0,10141,189.99800682425033,0
TXN_103164,651,Free,29.99,7127,140.9244425724248,0
TXN_103165,884,Free,0.0,10579,112.07871161537444,0
TXN_103166,200,Free,0.0,16704,203.64962504395464,0
TXN_103167,458,Unknown,499.0,20517,98.95777845932591,0
TXN_103168,479,Premium,29.99,11816,88.64136031969387,0
TXN_103169,919,Free,0.0,12409,176.54249089179413,1
TXN_103170,320,Free,,6133,39.3661599397322,0
TXN_103171,919,Free,0.0,8519,76.99564752851167,1
TXN_103172,519,Premium,499.0,13660,90.48388575629167,0
TXN_103173,223,Free,29.99,7211,69.25803830418431,0
TXN_103174,521,Unknown,29.99,8626,125.50235832743829,0
TXN_103175,330,Premium,499.0,4809,207.51825272628602,0
TXN_103176,789,Premium,29.99,11805,107.13971759556821,0
TXN_103177,162,Free,499.0,3370,49.59057417490038,0
TXN_103178,584,Free,499.0,14103,54.23531602233258,0
TXN_103179,727,Free,0.0,13469,141.48016270931828,0
TXN_103180,802,Free,0.0,11333,118.73369641533209,0
TXN_103181,673,Free,499.0,2201,160.34961927986163,0
TXN_103182,867,Unknown,29.99,6892,133.65177869966402,0
TXN_103183,582,Free,499.0,7352,89.80565140893202,0
TXN_103184,618,Free,29.99,6988,73.24371002518149,0
TXN_103185,254,Free,29.99,6372,80.1739472435923,0
TXN_103186,191,Free,0.0,17217,122.5361225876699,0
TXN_103187,625,Unknown,0.0,13889,46.665389555659445,0
TXN_103188,554,Free,29.99,8259,56.70509823325163,0
TXN_103189,840,Free,29.99,9317,113.36037914425313,0
TXN_103190,697,Premium,29.99,7101,100.42762301895027,0
TXN_103191,744,Free,29.99,8790,140.81899859924496,0
TXN_103192,609,Free,29.99,7016,109.72103119943532,0
TXN_103193,282,Free,499.0,5730,100.18071788960518,0
TXN_103194,485,Free,0.0,10617,137.88764054317613,0
TXN_103195,673,Free,29.99,11507,124.2714141565582,1
TXN_103196,830,Free,0.0,8911,127.58076520278333,0
TXN_103197,504,Enterprise,29.99,6914,-5.984430749163323,0
TXN_103198,345,Free,0.0,11087,102.87626510496449,0
TXN_103199,841,Premium,0.0,9843,110.56926823145197,0
TXN_103200,690,Premium,0.0,9564,140.69766446729946,0
TXN_103201,760,Premium,0.0,8920,185.51942429506994,0
TXN_103202,749,Free,29.99,10957,75.64644262492305,0
TXN_103203,570,Free,,4388,85.67418194115227,0
TXN_103204,925,Premium,0.0,9925,171.49636071077143,0
TXN_103205,987,Premium,29.99,11195,112.81025239809573,0
TXN_103206,522,Premium,29.99,6349,132.44033183989615,0
TXN_103207,1000,Free,0.0,12968,69.98383415317451,0
TXN_103208,164,Enterprise,0.0,10269,94.8620691795506,0
TXN_103209,112,Free,0.0,18403,109.36302325641213,0
TXN_103210,312,Free,499.0,4129,200.8657834443325,0
TXN_103211,341,Free,0.0,11242,155.8782758720839,0
TXN_103212,592,Free,0.0,8146,97.28160658267633,0
TXN_103213,312,Free,0.0,9326,111.84539301816942,0
TXN_103214,792,Premium,29.99,12274,120.4010710119202,0
TXN_103215,437,Enterprise,29.99,9502,101.95220112895872,0
TXN_103216,272,Enterprise,0.0,16260,118.36774359613294,0
TXN_103217,771,Free,29.99,7351,205.98599763487962,0
TXN_103218,263,Premium,29.99,11610,167.6019986963502,0
TXN_103219,564,Free,0.0,11108,113.88224052797554,0
TXN_103220,596,Free,0.0,8153,176.46361720348057,0
TXN_103221,799,Free,29.99,10890,71.09872377819116,0
TXN_103222,494,Free,29.99,9637,159.8571551679391,0
TXN_103223,802,Free,29.99,6680,60.94313822441515,0
TXN_103224,1016,Free,29.99,14331,32.84009112581113,0
TXN_103225,407,Premium,0.0,7356,123.27327524009345,0
TXN_103226,867,Enterprise,0.0,4277,123.29572136247643,0
TXN_103227,282,Free,29.99,8453,152.11982500139953,0
TXN_103228,728,Unknown,29.99,11020,-999.0,0
TXN_103229,893,Premium,0.0,10089,186.16905150273845,0
TXN_103230,609,Premium,499.0,7198,118.80503187509179,0
TXN_103231,807,Premium,29.99,14336,119.77342888214011,0
TXN_103232,645,Free,0.0,6972,171.98711824812142,0
TXN_103233,663,Enterprise,29.99,11995,66.81913641453956,0
TXN_103234,723,Premium,0.0,7118,114.06080762093453,0
TXN_103235,863,Unknown,29.99,4563,87.72900844423873,0
TXN_103236,693,Premium,29.99,9462,74.16781901376993,0
TXN_103237,843,Enterprise,0.0,10163,141.22249420511807,0
TXN_103238,326,Premium,499.0,9312,80.71412211718729,0
TXN_103239,844,Free,499.0,9421,96.10120303624363,0
TXN_103240,832,Free,0.0,13107,120.59514535499719,0
TXN_103241,535,Free,0.0,6779,135.28586700018795,0
TXN_103242,1024,Free,0.0,12245,176.3418434151005,1
TXN_103243,521,Free,499.0,9358,160.75572963718884,0
TXN_103244,653,Enterprise,0.0,10336,156.56112804772744,0
TXN_103245,120,Premium,0.0,11470,80.04336494654626,0
TXN_103246,653,Unknown,0.0,13626,206.1205282307845,0
TXN_103247,496,Enterprise,0.0,13388,105.26825556456933,0
TXN_103248,724,Premium,29.99,6661,85.28060705281322,0
TXN_103249,204,Enterprise,29.99,7342,86.39904535313259,0
TXN_103250,291,Premium,29.99,7264,-999.0,0
TXN_103251,116,Enterprise,29.99,15936,140.47036454075496,0
TXN_103252,219,Free,29.99,3583,39.55457668851781,0
TXN_103253,492,Free,0.0,10955,55.21963766426886,0
TXN_103254,524,Free,0.0,11406,-999.0,0
TXN_103255,228,Premium,0.0,3584,186.71224205964864,0
TXN_103256,229,Premium,29.99,13879,65.686240303314,0
TXN_103257,671,Free,499.0,6149,74.74470822408811,1
TXN_103258,659,Free,0.0,9652,158.20802831310993,0
TXN_103259,128,Enterprise,0.0,8812,46.20907122599161,0
TXN_103260,196,Premium,0.0,5261,97.48482227365031,0
TXN_103261,109,Free,499.0,7574,106.64072127416286,0
TXN_103262,341,Premium,499.0,11198,55.31505162617363,0
TXN_103263,925,Premium,0.0,10472,70.34837060453197,0
TXN_103264,331,Unknown,29.99,9380,34.095976895906404,0
TXN_103265,888,Free,29.99,14032,139.40371528893223,0
TXN_103266,383,Free,0.0,10005,91.647779050046,0
TXN_103267,814,Free,0.0,9766,24.2574053145173,0
TXN_103268,858,Free,29.99,12662,157.02134538644046,0
TXN_103269,901,Enterprise,0.0,8951,156.05227774726112,0
TXN_103270,875,Free,0.0,12018,135.17335709377738,0
TXN_103271,825,Unknown,0.0,11042,181.8916001930873,0
TXN_103272,299,Free,29.99,12992,163.00943441841002,0
TXN_103273,1044,Unknown,499.0,4050,140.61050566819853,0
TXN_103274,178,Free,29.99,9551,85.94981369514065,0
TXN_103275,1012,Enterprise,0.0,8420,162.9917187626238,0
TXN_103276,954,Enterprise,0.0,10375,109.78730278053506,0
TXN_103277,955,Unknown,29.99,8640,76.93348928350767,0
TXN_103278,272,Free,0.0,9542,130.30844996773007,0
TXN_103279,566,Free,29.99,7623,122.72826440261018,0
TXN_103280,680,Premium,0.0,9869,131.5264792480726,0
TXN_103281,515,Free,499.0,4520,127.63618892400689,0
TXN_103282,1039,Free,499.0,10014,78.34509908898144,0
TXN_103283,548,Free,499.0,11416,77.85379853311387,0
TXN_103284,186,Premium,0.0,10963,155.52260184141142,0
TXN_103285,200,Premium,29.99,10090,117.58076955723962,1
TXN_103286,107,Free,0.0,8579,49.07675053947442,0
TXN_103287,944,Free,499.0,7399,77.57374871696533,0
TXN_103288,299,Free,0.0,12832,49.60686678886235,0
TXN_103289,604,Premium,499.0,4947,136.22082574287444,0
TXN_103290,186,Free,0.0,8142,136.90125448507382,0
TXN_103291,142,Free,499.0,10247,60.220685253043456,1
TXN_103292,484,Enterprise,29.99,13955,74.17300105071106,0
TXN_103293,720,Unknown,0.0,14422,132.54756471890119,0
TXN_103294,534,Unknown,499.0,8150,92.8255132762412,0
TXN_103295,507,Enterprise,0.0,14941,62.11195681685715,0
TXN_103296,582,Free,,6019,152.795588479996,0
TXN_103297,763,Premium,499.0,12382,111.17036079841488,0
TXN_103298,116,Free,,11428,18.513188927901567,0
TXN_103299,744,Premium,0.0,7368,110.33126408897262,0
TXN_103300,247,Free,0.0,5239,218.96408367693442,1
TXN_103301,376,Premium,29.99,9153,135.95208679567367,0
TXN_103302,331,Premium,499.0,9338,123.38633215252534,0
TXN_103303,925,Free,0.0,10166,132.54825888683587,0
TXN_103304,1026,Premium,0.0,8866,94.12236320208069,0
TXN_103305,465,Free,0.0,10433,86.38201023537454,0
TXN_103306,327,Free,499.0,13410,44.00049036018643,0
TXN_103307,750,Free,499.0,6486,67.19373912318053,0
TXN_103308,535,Free,0.0,3973,175.61289352154247,0
TXN_103309,498,Free,0.0,11115,107.07529256921146,0
TXN_103310,310,Enterprise,29.99,9423,162.89976975175455,0
TXN_103311,490,Free,0.0,8337,21.427945938229456,0
TXN_103312,598,Free,29.99,9127,113.22185022771683,0
TXN_103313,639,Free,0.0,7470,212.37757153045538,0
TXN_103314,662,Premium,29.99,7474,114.65759515768255,0
TXN_103315,590,Premium,499.0,5610,139.01819159952464,0
TXN_103316,541,Premium,29.99,5367,79.79380714592175,0
TXN_103317,360,Premium,0.0,6796,101.16595118625587,0
TXN_103318,872,Enterprise,499.0,11492,106.71532992530325,0
TXN_103319,449,Enterprise,0.0,13171,101.52562250803531,0
TXN_103320,451,Premium,499.0,6595,86.26361848840438,0
TXN_103321,619,Free,0.0,6499,133.66777893313053,0
TXN_103322,419,Premium,499.0,7721,27.765198759279826,0
TXN_103323,237,Premium,0.0,8359,205.16236329925982,0
TXN_103324,649,Premium,0.0,6186,102.57413753647258,0
TXN_103325,722,Enterprise,0.0,8276,68.47458012246531,0
TXN_103326,467,Premium,,8984,96.40536292459495,0
TXN_103327,319,Enterprise,,4890,71.22141968779704,0
TXN_103328,436,Free,0.0,9129,76.52024287436367,0
TXN_103329,322,Free,0.0,10353,109.34194245634413,0
TXN_103330,747,Free,0.0,6644,159.17108543433145,0
TXN_103331,867,Enterprise,0.0,8539,174.75379590273036,0
TXN_103332,459,Enterprise,499.0,8536,140.93463176071003,0
TXN_103333,1020,Premium,0.0,14956,79.90645862247362,0
TXN_103334,428,Premium,499.0,11415,116.16063363054914,0
TXN_103335,562,Premium,29.99,9500,73.295434705128,0
TXN_103336,1045,Enterprise,29.99,9754,125.14637801225626,0
TXN_103337,660,Enterprise,499.0,7648,141.67409872391562,0
TXN_103338,903,Premium,0.0,8507,167.5826580982729,0
TXN_103339,481,Premium,0.0,6176,130.05801571169798,0
TXN_103340,935,Free,499.0,12567,102.9150653727758,0
TXN_103341,689,Premium,0.0,4905,131.68621904989894,0
TXN_103342,716,Free,0.0,8317,99.66883236721128,0
TXN_103343,268,Free,499.0,9390,106.22706945217993,0
TXN_103344,316,Enterprise,29.99,5747,155.680699283257,0
TXN_103345,477,Premium,0.0,10928,139.85961171495126,0
TXN_103346,218,Unknown,29.99,8160,111.39425934678097,0
TXN_103347,289,Free,0.0,8761,110.33671185295849,0
TXN_103348,866,Free,,12044,93.03912106803938,0
TXN_103349,469,Free,0.0,13662,179.41944099600138,0
TXN_103350,877,Free,29.99,7804,168.4661487149702,0
TXN_103351,248,Free,499.0,11890,171.83451076834865,0
TXN_103352,775,Free,29.99,3388,113.11378951498251,0
TXN_103353,751,Free,499.0,7744,134.6621136605332,1
TXN_103354,958,Free,499.0,5347,136.1373351067567,0
TXN_103355,587,Free,29.99,14127,140.95533317947078,0
TXN_103356,869,Premium,0.0,5637,72.96623378076623,0
TXN_103357,473,Free,29.99,4157,205.3016877389087,0
TXN_103358,880,Premium,499.0,12912,12.302020191904077,0
TXN_103359,792,Premium,0.0,8112,67.49164620689783,0
TXN_103360,259,Free,29.99,9265,47.07478398560937,0
TXN_103361,450,Enterprise,29.99,9558,112.44630200865797,0
TXN_103362,1011,Premium,0.0,9680,130.24924178254588,0
TXN_103363,387,Premium,0.0,10101,120.24175009042594,0
TXN_103364,387,Free,,6870,38.645370223088634,0
TXN_103365,991,Premium,29.99,6844,150.0140943305737,0
TXN_103366,325,Enterprise,0.0,10959,105.51951105896892,1
TXN_103367,622,Free,499.0,6018,122.91282596050347,0
TXN_103368,621,Free,29.99,10115,223.516339924157,1
TXN_103369,882,Free,499.0,6937,108.3589833482086,0
TXN_103370,372,Premium,0.0,10693,122.52300333753954,0
TXN_103371,1035,Free,499.0,6901,82.91119284315612,0
TXN_103372,501,Premium,29.99,8085,174.48385243448865,0
TXN_103373,282,Free,29.99,7251,171.23909565836107,0
TXN_103374,764,Enterprise,0.0,7417,136.68927890272465,0
TXN_103375,587,Free,0.0,11826,106.77044808601016,0
TXN_103376,926,Free,0.0,7768,-999.0,0
TXN_103377,945,Premium,499.0,11311,212.4183115506376,0
TXN_103378,223,Free,0.0,10546,148.57989986553443,1
TXN_103379,725,Free,29.99,7412,67.3504631203599,0
TXN_103380,889,Free,0.0,12947,135.39625670520073,0
TXN_103381,513,Premium,0.0,8445,118.99675196166343,0
TXN_103382,824,Enterprise,0.0,14033,125.99065741394153,0
TXN_103383,271,Enterprise,499.0,11748,113.11583680591508,0
TXN_103384,387,Free,499.0,13069,132.20606817070515,0
TXN_103385,534,Free,,8894,119.02281656339635,0
TXN_103386,785,Premium,499.0,7908,106.05429738636495,0
TXN_103387,212,Premium,0.0,10923,-999.0,0
TXN_103388,987,Free,499.0,11384,124.70782824056181,0
TXN_103389,1016,Free,29.99,7089,190.70535077862093,0
TXN_103390,221,Free,499.0,6591,112.51804484152345,0
TXN_103391,643,Premium,0.0,8158,62.82546287475922,0
TXN_103392,321,Free,499.0,14260,153.16159680082148,0
TXN_103393,730,Enterprise,0.0,11410,162.23524192738068,0
TXN_103394,138,Free,0.0,10043,42.37207074546066,0
TXN_103395,596,Free,0.0,12086,127.80899984282132,0
TXN_103396,879,Free,0.0,15705,108.52667855632923,0
TXN_103397,332,Free,0.0,10745,143.75932305435137,0
TXN_103398,1042,Free,499.0,8964,142.19944971632412,0
TXN_103399,629,Free,499.0,10915,140.65913970164664,0
TXN_103400,248,Free,0.0,10132,158.08456967707332,0
TXN_103401,496,Free,0.0,16981,144.89954788747258,0
TXN_103402,760,Free,0.0,6987,188.48668055563516,0
TXN_103403,737,Unknown,499.0,18106,115.95594142360267,0
TXN_103404,1003,Premium,0.0,10553,117.34899119637073,0
TXN_103405,401,Premium,29.99,9786,98.66605849556433,0
TXN_103406,459,Free,0.0,6728,97.65448063942577,0
TXN_103407,337,Free,29.99,3750,116.84140635265501,0
TXN_103408,746,Free,0.0,7178,164.35073102267228,0
TXN_103409,762,Premium,0.0,9088,114.43533844891715,0
TXN_103410,335,Free,0.0,12806,129.44120644785187,0
TXN_103411,835,Free,0.0,12028,181.86603210827218,0
TXN_103412,302,Premium,0.0,5996,164.26045473135184,0
TXN_103413,355,Free,29.99,7681,80.42061782101351,0
TXN_103414,697,Free,0.0,11875,56.568694417188766,0
TXN_103415,761,Free,0.0,7941,23.703787893163593,0
TXN_103416,334,Premium,0.0,6626,162.5804515441585,0
TXN_103417,444,Premium,499.0,11268,-17.25881104642147,0
TXN_103418,633,Free,29.99,13529,93.54772297099271,0
TXN_103419,959,Free,29.99,8708,92.95143938055381,0
TXN_103420,896,Premium,0.0,4600,130.72398256208376,0
TXN_103421,880,Free,0.0,11477,102.96800658545456,0
TXN_103422,565,Premium,0.0,8285,41.789509067247565,0
TXN_103423,869,Premium,29.99,9898,140.50511129081298,0
TXN_103424,640,Free,29.99,11216,146.39223693275056,0
TXN_103425,312,Free,499.0,6686,112.038329698537,0
TXN_103426,562,Premium,499.0,11015,67.74046570127038,0
TXN_103427,535,Free,0.0,7222,137.60856093677052,0
TXN_103428,382,Free,0.0,16282,113.43287350774045,0
TXN_103429,661,Premium,0.0,11149,116.85026473196243,0
TXN_103430,706,Free,0.0,8984,123.20530737474341,0
TXN_103431,562,Free,499.0,8999,47.046870829904734,0
TXN_103432,506,Free,0.0,5986,27.19743962689607,0
TXN_103433,187,Premium,,12078,97.7285548152939,0
TXN_103434,143,Free,29.99,11530,172.18660303031277,0
TXN_103435,560,Unknown,29.99,5531,71.55314689837365,0
TXN_103436,377,Premium,0.0,8005,172.69672283584993,0
TXN_103437,782,Free,29.99,10039,147.6407426054922,0
TXN_103438,520,Free,29.99,10954,225.94561259313582,0
TXN_103439,800,Free,0.0,9206,132.01367392956763,0
TXN_103440,452,Premium,0.0,13830,95.04838464188165,0
TXN_103441,795,Enterprise,0.0,21329,64.46073798483651,0
TXN_103442,614,Premium,29.99,13670,144.61715606732383,0
TXN_103443,802,Free,0.0,8408,102.93959476578868,0
TXN_103444,729,Premium,29.99,6421,90.19684941522961,0
TXN_103445,118,Free,29.99,12221,96.82435751354825,0
TXN_103446,122,Premium,0.0,7187,90.19831607296378,0
TXN_103447,512,Premium,29.99,6732,84.83548760621508,0
TXN_103448,129,Free,0.0,14529,90.90582021806473,0
TXN_103449,906,Free,29.99,13115,210.04358196296,1
TXN_103450,207,Premium,0.0,5482,95.03796607943826,0
TXN_103451,466,Premium,0.0,11687,131.52438067673583,0
TXN_103452,380,Free,0.0,6769,106.85284159867668,0
TXN_103453,227,Free,499.0,9972,66.49592363525886,0
TXN_103454,328,Premium,0.0,8519,144.6725642005386,0
TXN_103455,210,Free,0.0,15010,140.03961794399862,0
TXN_103456,235,Free,0.0,9818,105.57363576075831,0
TXN_103457,461,Free,0.0,7463,149.90693252897097,0
TXN_103458,285,Free,499.0,15785,110.3574042515728,0
TXN_103459,755,Premium,29.99,8177,123.66814289510322,0
TXN_103460,683,Unknown,499.0,10528,158.2662122203336,0
TXN_103461,228,Premium,0.0,9303,103.09410096639652,0
TXN_103462,975,Free,0.0,12918,189.50096750207308,0
TXN_103463,360,Premium,29.99,8130,85.61003912651692,0
TXN_103464,614,Free,29.99,7849,155.56061118768466,0
TXN_103465,548,Free,0.0,8902,124.85524362305866,0
TXN_103466,999,Enterprise,29.99,4813,126.78539812441637,0
TXN_103467,203,Free,499.0,9863,156.86459800821297,0
TXN_103468,582,Unknown,0.0,6278,148.12403217517016,0
TXN_103469,323,Free,29.99,8363,71.30355979742748,0
TXN_103470,931,Premium,0.0,12887,95.63404809093046,0
TXN_103471,973,Free,499.0,6426,104.3109796128177,0
TXN_103472,965,Free,29.99,8944,115.06183652508925,0
TXN_103473,590,Free,0.0,7396,151.37738743390716,0
TXN_103474,572,Enterprise,0.0,7952,52.810144294684235,0
TXN_103475,109,Premium,,10707,145.2907871858701,1
TXN_103476,504,Enterprise,29.99,13081,134.33949290184893,0
TXN_103477,995,Premium,0.0,9628,165.25210634449743,0
TXN_103478,401,Enterprise,29.99,6186,66.87310545020873,0
TXN_103479,330,Free,29.99,13657,122.97199946566026,0
TXN_103480,830,Free,0.0,14409,132.7893935457139,0
TXN_103481,1022,Premium,0.0,6317,47.90016282737193,0
TXN_103482,165,Premium,29.99,9783,98.08921359704242,0
TXN_103483,1036,Premium,0.0,11877,74.45755485595859,0
TXN_103484,211,Free,0.0,11984,91.64675761655879,0
TXN_103485,112,Free,499.0,18536,167.3307779676069,0
TXN_103486,492,Enterprise,29.99,13306,162.8698977326408,0
TXN_103487,599,Premium,0.0,13139,112.10734458343026,0
TXN_103488,1031,Free,0.0,14113,187.77037330467584,0
TXN_103489,697,Premium,29.99,8808,109.58424091491044,0
TXN_103490,333,Enterprise,29.99,6098,71.74080978653521,0
TXN_103491,701,Free,29.99,12002,147.75563871390585,0
TXN_103492,413,Enterprise,0.0,13754,139.39042176193817,0
TXN_103493,665,Enterprise,29.99,9694,113.65128930443578,0
TXN_103494,111,Enterprise,499.0,12683,109.61678887000211,0
TXN_103495,308,Enterprise,0.0,10427,116.5707787311277,0
TXN_103496,113,Premium,0.0,999999,143.286056399553,0
TXN_103497,732,Free,499.0,10488,143.6679254130069,0
TXN_103498,517,Free,0.0,11675,149.87843429597447,0
TXN_103499,536,Free,0.0,10312,108.76876972172568,0
TXN_103500,476,Free,0.0,7051,112.03606397633783,0
TXN_103501,119,Free,0.0,10071,119.9698920779064,0
TXN_103502,686,Free,0.0,4751,82.57557055991623,0
TXN_103503,1011,Free,0.0,8259,71.74251170679806,0
TXN_103504,854,Free,499.0,8578,173.54088399393726,0
TXN_103505,834,Enterprise,29.99,9377,119.2438226014281,0
TXN_103506,169,Free,29.99,10008,80.87532608317491,0
TXN_103507,923,Premium,0.0,9129,92.81107130459839,0
TXN_103508,310,Premium,29.99,5413,96.05282615563274,0
TXN_103509,200,Free,0.0,13677,143.31647597506122,0
TXN_103510,797,Enterprise,499.0,14727,181.33878637548042,0
TXN_103511,231,Premium,499.0,6874,101.48023027057778,0
TXN_103512,722,Free,29.99,13611,33.198712621484006,0
TXN_103513,480,Free,29.99,8309,134.80679929939402,0
TXN_103514,231,Free,499.0,9786,53.70972330065544,0
TXN_103515,119,Free,29.99,12673,100.85588227991424,0
TXN_103516,1005,Free,0.0,10657,188.71470950835828,0
TXN_103517,635,Premium,0.0,5729,56.812584027407425,0
TXN_103518,326,Enterprise,499.0,9500,90.40404698773354,0
TXN_103519,253,Premium,0.0,15425,70.07670408821804,0
TXN_103520,904,Free,499.0,10731,57.02471531044509,0
TXN_103521,841,Free,0.0,12114,93.55102229303662,0
TXN_103522,568,Free,0.0,9900,107.91473632933045,0
TXN_103523,921,Free,29.99,9672,172.02980706212415,0
TXN_103524,970,Free,0.0,5823,96.66477113559267,0
TXN_103525,504,Enterprise,29.99,12457,142.6756362574011,1
TXN_103526,301,Free,29.99,12036,196.7951237785456,0
TXN_103527,137,Enterprise,29.99,10076,208.78426044802202,0
TXN_103528,1041,Free,29.99,4326,93.0400672048865,0
TXN_103529,871,Unknown,0.0,10442,190.7833727119667,1
TXN_103530,287,Premium,0.0,9480,145.4835811262865,0
TXN_103531,156,Premium,0.0,8356,176.03510439904733,0
TXN_103532,1040,Free,0.0,12005,-999.0,0
TXN_103533,119,Enterprise,499.0,6615,103.42457540747151,0
TXN_103534,372,Enterprise,29.99,11467,138.41859303925565,0
TXN_103535,218,Premium,29.99,6000,52.8640491255438,0
TXN_103536,682,Premium,29.99,11600,89.7638456047765,0
TXN_103537,615,Premium,0.0,5991,64.4533533066863,0
TXN_103538,320,Free,29.99,16598,102.37736830704475,0
TXN_103539,625,Premium,499.0,9908,109.39156097327381,0
TXN_103540,614,Enterprise,0.0,5726,245.71705322899567,0
TXN_103541,827,Free,499.0,12677,131.94563918721036,0
TXN_103542,840,Free,29.99,8795,54.823873045062,0
TXN_103543,435,Free,0.0,12927,127.20213423908952,0
TXN_103544,797,Premium,29.99,6459,5.531758471651671,0
TXN_103545,154,Free,0.0,4249,155.11544166973033,0
TXN_103546,599,Free,0.0,11351,158.46155335128554,0
TXN_103547,999,Free,499.0,8730,55.24397894032664,0
TXN_103548,987,Premium,499.0,8160,139.44465201003192,0
TXN_103549,865,Free,499.0,14943,107.59216155930591,0
TXN_103550,635,Premium,499.0,8408,84.51202248486655,0
TXN_103551,261,Free,499.0,11242,185.96101624886495,0
TXN_103552,769,Premium,499.0,7678,97.96597831070007,0
TXN_103553,693,Unknown,0.0,12088,134.0542841498728,0
TXN_103554,1014,Free,29.99,9107,104.39192080501323,0
TXN_103555,258,Free,0.0,7666,182.08775270147308,0
TXN_103556,287,Enterprise,29.99,10765,108.17924699102623,0
TXN_103557,159,Free,499.0,5762,90.32738033728239,0
TXN_103558,1014,Free,0.0,13290,119.65065825449946,0
TXN_103559,916,Enterprise,29.99,10192,61.693235443934284,0
TXN_103560,418,Unknown,29.99,8485,206.5587331957621,0
TXN_103561,977,Premium,0.0,5433,186.68324110427352,0
TXN_103562,310,Free,0.0,5200,110.39661990860519,0
TXN_103563,505,Free,29.99,9366,85.05425615139588,0
TXN_103564,763,Free,0.0,11572,98.3319998881878,0
TXN_103565,208,Premium,29.99,7927,69.05488543997073,0
TXN_103566,175,Premium,29.99,6109,92.74860933396931,0
TXN_103567,641,Enterprise,29.99,8232,94.56275276649112,0
TXN_103568,413,Free,0.0,12356,65.73026879024215,0
TXN_103569,216,Premium,29.99,8261,169.90201226346025,0
TXN_103570,1026,Free,0.0,9907,114.97500331440214,0
TXN_103571,967,Free,499.0,13346,142.7320986791981,0
TXN_103572,803,Premium,0.0,12556,105.80958646005698,0
TXN_103573,118,Free,499.0,9998,70.39831484389744,0
TXN_103574,531,Premium,29.99,4965,96.87723152810209,0
TXN_103575,784,Premium,499.0,16984,91.77390349475282,0
TXN_103576,839,Unknown,0.0,12996,163.0463356615216,0
TXN_103577,449,Premium,0.0,7957,179.16130356013778,0
TXN_103578,282,Enterprise,0.0,9595,62.46336763429527,0
TXN_103579,212,Premium,0.0,7893,113.55264285249916,0
TXN_103580,282,Free,499.0,6234,118.45082426538372,0
TXN_103581,580,Free,0.0,7996,-999.0,0
TXN_103582,245,Premium,,14931,102.66294984489446,0
TXN_103583,930,Premium,499.0,9740,120.31962983389799,0
TXN_103584,727,Premium,0.0,9790,64.54457765229418,0
TXN_103585,212,Free,29.99,11930,-999.0,0
TXN_103586,862,Free,0.0,7668,135.75344229449382,0
TXN_103587,575,Free,0.0,7537,64.62710145230602,0
TXN_103588,862,Premium,0.0,13993,182.99347285641636,0
TXN_103589,402,Premium,499.0,5840,114.79875559607399,0
TXN_103590,924,Premium,29.99,9479,181.11552047985944,0
TXN_103591,217,Free,29.99,9724,127.69580886849297,0
TXN_103592,912,Free,0.0,11222,119.33891690337231,0
TXN_103593,260,Premium,29.99,10656,164.34782410315344,0
TXN_103594,500,Premium,0.0,9995,133.122571937864,0
TXN_103595,297,Free,0.0,12075,64.0771473631672,0
TXN_103596,359,Premium,0.0,12947,124.0618225614171,0
TXN_103597,759,Free,0.0,10049,140.39584023837577,0
TXN_103598,851,Premium,29.99,7804,90.1505770709438,0
TXN_103599,146,Enterprise,0.0,10648,177.40693309368763,0
TXN_103600,498,Premium,,8403,-999.0,0
TXN_103601,809,Premium,0.0,10788,127.79287741076192,0
TXN_103602,658,Free,29.99,5950,116.07246580050199,1
TXN_103603,177,Premium,0.0,9780,162.09519868529935,0
TXN_103604,223,Premium,0.0,4517,157.1265704516021,0
TXN_103605,174,Premium,499.0,12812,114.30096395356493,0
TXN_103606,970,Premium,499.0,10254,82.42180475166316,0
TXN_103607,236,Free,29.99,11046,64.77900370472071,0
TXN_103608,701,Unknown,499.0,18949,102.89679538341662,0
TXN_103609,499,Premium,499.0,11695,123.38911406145245,0
TXN_103610,936,Free,29.99,9387,111.94529170279823,0
TXN_103611,604,Premium,499.0,5174,107.72101895158549,0
TXN_103612,599,Free,0.0,12137,84.31181068734291,0
TXN_103613,672,Free,29.99,4472,52.14249361496715,0
TXN_103614,237,Free,499.0,7145,114.91980077290363,0
TXN_103615,149,Premium,0.0,9269,71.85013970066913,0
TXN_103616,870,Enterprise,499.0,4752,120.42845522166347,0
TXN_103617,718,Premium,0.0,14830,132.04944223538172,1
TXN_103618,724,Premium,499.0,10025,173.96843130331445,0
TXN_103619,961,Free,0.0,9242,96.04867182036855,0
TXN_103620,353,Free,0.0,6744,58.325880497426404,0
TXN_103621,729,Free,0.0,6232,104.43621541136737,0
TXN_103622,809,Premium,499.0,8863,124.20501574057641,0
TXN_103623,948,Enterprise,0.0,8722,173.00084286868372,0
TXN_103624,976,Free,29.99,7029,168.03294815659422,0
TXN_103625,662,Premium,29.99,7734,109.57165834146004,0
TXN_103626,856,Enterprise,0.0,12158,104.47776140690755,0
TXN_103627,1014,Free,,7841,62.458866742904526,0
TXN_103628,525,Premium,0.0,12010,-999.0,0
TXN_103629,646,Premium,29.99,12015,139.05871578546635,0
TXN_103630,401,Premium,29.99,7980,175.40841267951782,0
TXN_103631,1021,Free,0.0,7922,147.27366574285418,0
TXN_103632,680,Premium,0.0,10315,89.47842031832627,0
TXN_103633,448,Premium,29.99,6870,55.24575074801409,0
TXN_103634,931,Free,499.0,10474,129.02554140417428,0
TXN_103635,1032,Premium,0.0,12015,100.94940065804228,0
TXN_103636,148,Free,0.0,6525,142.51986691894865,0
TXN_103637,1016,Enterprise,,8383,-999.0,0
TXN_103638,173,Premium,0.0,19091,193.14199412917264,0
TXN_103639,803,Enterprise,29.99,11680,98.71125677640211,0
TXN_103640,360,Free,29.99,9863,189.38594079540565,0
TXN_103641,455,Free,0.0,11225,149.9980574896487,1
TXN_103642,681,Free,29.99,5919,143.6874824466722,0
TXN_103643,701,Free,499.0,9714,71.52596349420534,0
TXN_103644,359,Free,29.99,9783,60.34815062964948,0
TXN_103645,737,Premium,29.99,10568,110.73109717077318,0
TXN_103646,842,Free,29.99,10568,63.052487458183165,0
TXN_103647,394,Premium,29.99,7229,162.6985693080785,0
TXN_103648,1030,Free,0.0,8603,160.31761787750247,0
TXN_103649,740,Premium,29.99,10698,136.504605851957,0
TXN_103650,891,Premium,0.0,11425,91.57174735938449,0
TXN_103651,412,Premium,0.0,16493,160.5655846621553,0
TXN_103652,711,Unknown,499.0,7657,115.56855382949556,0
TXN_103653,937,Free,499.0,8862,84.17184651275751,0
TXN_103654,908,Free,,5993,107.96216679648867,0
TXN_103655,281,Free,0.0,9669,116.12279308843566,0
TXN_103656,785,Free,499.0,10641,138.29263552386453,0
TXN_103657,927,Premium,29.99,6727,172.17589376393582,0
TXN_103658,463,Free,,8413,42.24888051715408,0
TXN_103659,287,Premium,499.0,8756,199.0965121571703,0
TXN_103660,668,Free,,3758,128.36966836270093,0
TXN_103661,642,Unknown,,15849,134.12622194669402,0
TXN_103662,695,Enterprise,0.0,10045,140.9240189680305,0
TXN_103663,763,Free,29.99,8581,129.6393442852898,0
TXN_103664,647,Free,0.0,9209,151.06476977490053,0
TXN_103665,824,Enterprise,29.99,9007,258.84779195657404,0
TXN_103666,1025,Unknown,,9718,204.37347598585433,0
TXN_103667,507,Free,0.0,10507,114.51450074971025,0
TXN_103668,975,Free,29.99,11746,197.83744815334148,0
TXN_103669,717,Enterprise,29.99,11849,152.65028912053086,0
TXN_103670,513,Premium,0.0,12972,66.0572251259949,0
TXN_103671,441,Free,0.0,15139,64.27348040407733,0
TXN_103672,319,Premium,0.0,12426,117.45011575806589,0
TXN_103673,1002,Enterprise,0.0,8351,171.62663466760105,0
TXN_103674,262,Enterprise,29.99,12794,122.70893856682825,0
TXN_103675,319,Premium,29.99,12895,171.04226169354996,0
TXN_103676,369,Premium,0.0,7091,161.88089728317567,0
TXN_103677,731,Free,,16604,141.2888764741841,0
TXN_103678,1005,Enterprise,29.99,7006,109.59448068114827,0
TXN_103679,947,Free,29.99,8458,98.32960167758532,0
TXN_103680,499,Enterprise,0.0,12302,102.72706791162021,0
TXN_103681,281,Free,29.99,9310,154.35774125964738,0
TXN_103682,717,Enterprise,0.0,13677,124.40599433310715,0
TXN_103683,828,Free,29.99,10868,121.90043907946765,0
TXN_103684,304,Premium,29.99,7668,89.78100168649377,0
TXN_103685,681,Free,0.0,7009,171.43003036720376,0
TXN_103686,655,Premium,499.0,16152,157.4075124103493,0
TXN_103687,940,Enterprise,29.99,17012,243.78961579755088,0
TXN_103688,912,Premium,0.0,11494,126.4762360653636,0
TXN_103689,327,Premium,,10395,198.08746076739345,0
TXN_103690,795,Free,0.0,10269,103.79931710052284,0
TXN_103691,718,Enterprise,29.99,10655,54.459223565933584,0
TXN_103692,695,Premium,29.99,10444,-999.0,0
TXN_103693,949,Premium,0.0,12991,156.9230563766174,0
TXN_103694,349,Premium,,9284,62.893101932081485,0
TXN_103695,974,Premium,29.99,5731,111.70153439960444,0
TXN_103696,540,Free,0.0,11529,135.56588347254927,0
TXN_103697,632,Premium,499.0,9445,157.83960161801195,0
TXN_103698,295,Premium,29.99,8569,76.10632930789522,0
TXN_103699,789,Enterprise,29.99,7002,156.13055144624934,0
TXN_103700,1028,Enterprise,499.0,6979,109.14156772635106,0
TXN_103701,618,Free,0.0,5798,162.11289912906278,0
TXN_103702,169,Free,0.0,7315,150.00390042261347,0
TXN_103703,738,Free,0.0,11561,99.9531119533526,0
TXN_103704,498,Free,499.0,9004,71.46902356066816,0
TXN_103705,771,Premium,0.0,11889,163.9605503565674,0
TXN_103706,859,Enterprise,0.0,6679,75.15510375248962,0
TXN_103707,302,Free,0.0,16652,122.78364120836702,0
TXN_103708,247,Free,0.0,8354,108.85735903987387,0
TXN_103709,571,Enterprise,29.99,9593,77.94954817236476,0
TXN_103710,754,Enterprise,,11351,89.863484380074,0
TXN_103711,1043,Premium,0.0,11391,109.7797052223628,0
TXN_103712,298,Premium,0.0,16490,107.42081416534134,0
TXN_103713,1016,Premium,499.0,9926,122.39567888866662,0
TXN_103714,525,Free,0.0,7193,102.74458858929263,0
TXN_103715,765,Free,499.0,5354,169.0580213904128,0
TXN_103716,591,Free,29.99,6055,179.0073556192937,0
TXN_103717,987,Free,0.0,12665,83.62885371349093,0
TXN_103718,995,Enterprise,,14895,90.57885441580649,0
TXN_103719,241,Premium,0.0,9827,127.07539406704589,0
TXN_103720,412,Free,0.0,8726,96.30571147397464,0
TXN_103721,264,Free,0.0,11572,106.04815144617457,0
TXN_103722,413,Free,,9819,111.36666621224532,0
TXN_103723,120,Premium,499.0,4889,76.52925622371222,0
TXN_103724,181,Enterprise,0.0,13721,102.00884272712396,0
TXN_103725,680,Free,499.0,11125,66.46030253019224,0
TXN_103726,230,Free,29.99,6358,120.95264734932812,0
TXN_103727,698,Premium,0.0,18544,230.56165506370476,0
TXN_103728,829,Premium,29.99,13750,91.2759048575238,0
TXN_103729,1032,Free,29.99,7984,71.25664745512088,0
TXN_103730,404,Premium,29.99,10945,35.192448297080304,0
TXN_103731,1014,Premium,0.0,8068,-999.0,0
TXN_103732,470,Free,0.0,11773,102.44201504502166,0
TXN_103733,956,Free,499.0,18368,97.9122201975276,0
TXN_103734,952,Free,499.0,10130,195.83574139583413,1
TXN_103735,483,Enterprise,29.99,10016,124.67876451871973,1
TXN_103736,1007,Unknown,499.0,7577,174.9441361206418,0
TXN_103737,544,Enterprise,29.99,11226,163.38571646891768,0
TXN_103738,524,Premium,499.0,9809,67.4222782020855,0
TXN_103739,260,Premium,0.0,9833,164.4812970984912,0
TXN_103740,277,Premium,0.0,9301,116.8954188321167,0
TXN_103741,728,Enterprise,29.99,9144,58.654286499756864,1
TXN_103742,807,Free,0.0,10638,87.95287064097232,0
TXN_103743,994,Premium,29.99,13794,172.05121096706222,0
TXN_103744,589,Premium,499.0,7660,110.96906597851537,0
TXN_103745,426,Premium,0.0,10022,100.26723406070387,0
TXN_103746,697,Free,499.0,9408,160.6174895459182,0
TXN_103747,388,Premium,29.99,11842,179.62646038332127,0
TXN_103748,692,Premium,29.99,8400,138.66129388692673,0
TXN_103749,763,Free,29.99,14786,105.22657110929686,0
TXN_103750,672,Premium,0.0,5718,170.99410733944322,0
TXN_103751,672,Free,0.0,9084,36.298123604193506,0
TXN_103752,453,Enterprise,29.99,7455,125.43489328022783,0
TXN_103753,127,Premium,499.0,7944,167.44095696013795,0
TXN_103754,142,Premium,29.99,7441,174.61058272697903,0
TXN_103755,780,Free,0.0,5396,199.16962768970674,0
TXN_103756,522,Free,0.0,11376,176.20910986861074,0
TXN_103757,697,Premium,,7305,134.99746252901662,0
TXN_103758,276,Free,29.99,11551,80.58043893269004,0
TXN_103759,628,Premium,499.0,10640,109.89347683340912,0
TXN_103760,709,Free,29.99,13206,110.27279476579449,0
TXN_103761,593,Enterprise,29.99,20313,83.05038083309077,1
TXN_103762,297,Premium,29.99,6500,-9.79315824086271,0
TXN_103763,709,Free,0.0,9035,121.29557994248384,1
TXN_103764,676,Premium,29.99,8830,76.57447751513845,0
TXN_103765,941,Enterprise,29.99,10435,129.05637807350763,0
TXN_103766,952,Premium,29.99,14246,62.149626918790645,0
TXN_103767,616,Free,499.0,15586,-999.0,0
TXN_103768,613,Premium,0.0,4013,96.10141800416409,0
TXN_103769,121,Free,29.99,6229,161.6435277413727,0
TXN_103770,211,Free,0.0,19340,127.8998793839357,0
TXN_103771,156,Free,0.0,11433,147.01511033737208,0
TXN_103772,165,Premium,29.99,8775,73.61314235409826,0
TXN_103773,941,Free,0.0,10277,124.49854147155065,0
TXN_103774,197,Enterprise,29.99,6765,80.030118198443,0
TXN_103775,243,Free,0.0,13296,172.885366574409,0
TXN_103776,979,Free,0.0,11268,174.48839438302008,0
TXN_103777,534,Free,0.0,6805,95.60130521869138,0
TXN_103778,736,Free,0.0,13529,190.35137134991584,0
TXN_103779,778,Premium,499.0,8898,112.48609404882451,0
TXN_103780,185,Free,29.99,16302,192.08162424481648,0
TXN_103781,687,Free,499.0,10017,67.04345705222568,0
TXN_103782,443,Free,0.0,5553,67.33010081095104,0
TXN_103783,1035,Free,499.0,8132,144.93758113495178,0
TXN_103784,393,Free,29.99,11049,83.3325457641035,0
TXN_103785,670,Premium,0.0,9162,138.3811780966839,0
TXN_103786,749,Premium,29.99,9058,73.79866365296098,0
TXN_103787,710,Premium,29.99,6787,64.14974255621235,0
TXN_103788,803,Premium,29.99,8438,163.28483857806185,0
TXN_103789,342,Premium,29.99,7499,212.9429681816746,0
TXN_103790,930,Enterprise,0.0,4591,113.81695548934272,0
TXN_103791,660,Free,0.0,11843,148.91417977155328,0
TXN_103792,131,Free,29.99,7380,111.92260309496723,0
TXN_103793,490,Free,499.0,10506,147.91212105840248,0
TXN_103794,376,Free,0.0,9474,-22.9498149500196,0
TXN_103795,631,Free,0.0,5385,93.58484847497905,0
TXN_103796,253,Premium,29.99,11057,209.36630093335623,0
TXN_103797,482,Free,499.0,9389,138.37828990240288,0
TXN_103798,167,Unknown,29.99,7329,117.38045516616843,0
TXN_103799,977,Free,0.0,5755,146.57855455629755,0
TXN_103800,983,Free,29.99,11379,161.1426559861569,0
TXN_103801,313,Unknown,29.99,6247,23.350578557419965,0
TXN_103802,754,Enterprise,29.99,7645,107.7609130862183,0
TXN_103803,475,Free,29.99,10946,63.46338398173008,0
TXN_103804,843,Premium,29.99,8427,216.5974846153572,0
TXN_103805,312,Enterprise,499.0,13485,52.03972087936893,0
TXN_103806,178,Free,29.99,10447,111.84413534768035,0
TXN_103807,825,Free,29.99,11363,148.0286750875487,0
TXN_103808,727,Enterprise,0.0,13541,148.04769672365407,0
TXN_103809,703,Premium,0.0,8564,71.69866115559248,0
TXN_103810,881,Free,,11261,74.40179220869288,0
TXN_103811,1022,Premium,29.99,13639,85.2472250172682,0
TXN_103812,480,Free,29.99,10270,97.1356046902856,1
TXN_103813,779,Enterprise,499.0,11962,100.58301730416048,0
TXN_103814,157,Free,0.0,12360,149.67170194293928,0
TXN_103815,895,Enterprise,499.0,12233,92.99117748882496,0
TXN_103816,125,Premium,499.0,10427,133.40229160365826,0
TXN_103817,980,Free,499.0,7497,89.60887243844965,0
TXN_103818,546,Free,0.0,12081,140.28251096087877,0
TXN_103819,165,Premium,29.99,8205,133.98856677881892,0
TXN_103820,1020,Enterprise,0.0,10209,105.60382957267629,0
TXN_103821,859,Free,29.99,11591,81.9198042820357,0
TXN_103822,353,Free,29.99,2506,-999.0,0
TXN_103823,998,Premium,0.0,11694,84.31056917119201,0
TXN_103824,143,Premium,29.99,9255,123.09704306189161,0
TXN_103825,196,Free,0.0,21365,155.9891323928686,0
TXN_103826,653,Premium,499.0,9744,142.18553345329005,0
TXN_103827,326,Premium,29.99,9774,157.16130107583382,0
TXN_103828,873,Free,0.0,7595,72.77901779098929,0
TXN_103829,778,Free,0.0,9821,118.514276564266,0
TXN_103830,535,Free,499.0,8584,89.83465374042899,0
TXN_103831,890,Premium,29.99,13339,122.35847172192493,0
TXN_103832,700,Premium,0.0,16827,148.00437308873228,0
TXN_103833,478,Premium,0.0,13635,99.19383624408567,0
TXN_103834,277,Free,0.0,11263,48.99096590638264,0
TXN_103835,526,Free,499.0,6915,74.34144925887261,1
TXN_103836,1014,Enterprise,499.0,7449,28.31692343558244,0
TXN_103837,808,Free,0.0,10914,121.26750113662355,0
TXN_103838,406,Premium,0.0,14022,100.67453278346117,0
TXN_103839,878,Premium,0.0,5234,93.60152503323832,0
TXN_103840,603,Free,,11319,53.962541037770634,0
TXN_103841,367,Free,29.99,15397,93.84045532628875,0
TXN_103842,685,Free,499.0,10872,114.01461986523839,0
TXN_103843,107,Free,29.99,16947,109.42066235078188,0
TXN_103844,1019,Premium,499.0,11526,160.73235514704456,0
TXN_103845,607,Free,499.0,10318,81.15011934873978,0
TXN_103846,575,Free,0.0,7962,118.08210534369708,0
TXN_103847,396,Premium,,14496,169.73391723061133,0
TXN_103848,263,Free,499.0,8936,165.1432656027086,0
TXN_103849,584,Premium,0.0,8151,161.5125314894683,0
TXN_103850,696,Free,499.0,14966,110.25038357048064,0
TXN_103851,171,Free,29.99,12898,115.15916372243504,0
TXN_103852,666,Free,499.0,12466,108.64701859650958,0
TXN_103853,1004,Free,0.0,11797,149.62844026071915,0
TXN_103854,658,Enterprise,29.99,6993,76.11300021129915,0
TXN_103855,1010,Premium,0.0,6261,149.41275911106766,0
TXN_103856,1043,Free,499.0,8476,77.15121902004218,0
TXN_103857,337,Free,,7654,147.67687575390528,0
TXN_103858,203,Free,29.99,9887,148.978483544783,0
TXN_103859,309,Free,29.99,10098,158.99693400378627,1
TXN_103860,653,Free,29.99,6236,146.75987962733447,0
TXN_103861,927,Premium,0.0,12732,139.42426478404056,0
TXN_103862,567,Enterprise,29.99,12257,217.20786348802807,0
TXN_103863,553,Free,29.99,9279,60.32181792459119,0
TXN_103864,367,Premium,0.0,7161,181.7309589496017,0
TXN_103865,485,Enterprise,0.0,10250,200.74525557363376,0
TXN_103866,874,Free,29.99,9947,103.96551888707208,0
TXN_103867,947,Enterprise,0.0,8468,162.90282524923364,0
TXN_103868,486,Premium,499.0,9648,196.89687946169374,0
TXN_103869,976,Free,0.0,10925,117.72137430059676,0
TXN_103870,358,Unknown,0.0,12546,115.15954495235533,0
TXN_103871,382,Free,29.99,11850,83.23111804493533,0
TXN_103872,725,Free,29.99,11709,224.57678541767905,0
TXN_103873,974,Premium,29.99,8114,176.49343603688536,0
TXN_103874,139,Free,29.99,7743,77.85157468051221,0
TXN_103875,585,Free,29.99,10587,155.2843107351045,0
TXN_103876,1028,Free,29.99,7100,110.24012637984036,0
TXN_103877,319,Premium,0.0,9649,52.52048671831625,0
TXN_103878,228,Premium,0.0,11280,249.69112643468165,0
TXN_103879,619,Premium,0.0,8950,81.2387745347184,0
TXN_103880,712,Unknown,0.0,15070,102.74731806705194,0
TXN_103881,1027,Free,0.0,7178,111.42929930161716,0
TXN_103882,991,Free,0.0,10122,98.7094694007753,0
TXN_103883,787,Premium,,13302,117.20500801953983,0
TXN_103884,718,Premium,0.0,11394,167.90555889862785,0
TXN_103885,712,Free,0.0,8252,108.68075976089051,0
TXN_103886,359,Free,499.0,8643,148.63895535655496,0
TXN_103887,465,Enterprise,0.0,12305,127.2745922516898,1
TXN_103888,857,Unknown,0.0,10871,65.81580402505881,0
TXN_103889,886,Premium,0.0,12733,143.0096719755523,0
TXN_103890,643,Free,0.0,13747,115.3490965532383,0
TXN_103891,748,Unknown,0.0,7483,38.16596737600747,0
TXN_103892,623,Enterprise,0.0,13384,66.95864460699823,0
TXN_103893,1006,Premium,499.0,12452,155.7573885756175,0
TXN_103894,913,Enterprise,0.0,10908,231.84846793009666,0
TXN_103895,986,Enterprise,0.0,7070,127.44383328013183,0
TXN_103896,115,Enterprise,29.99,11051,-17.60796406827879,0
TXN_103897,228,Enterprise,0.0,5160,139.72539245614385,0
TXN_103898,674,Premium,0.0,2954,49.79073345191975,0
TXN_103899,208,Premium,499.0,13962,100.67183898738702,0
TXN_103900,986,Free,499.0,8941,205.54376495123302,0
TXN_103901,632,Premium,499.0,11810,87.5668256309385,0
TXN_103902,769,Premium,0.0,9038,141.66364212164606,0
TXN_103903,368,Unknown,,7488,118.66526452447204,0
TXN_103904,261,Free,0.0,11863,132.00280101422848,0
TXN_103905,359,Premium,0.0,13123,45.04832300653945,0
TXN_103906,1023,Free,29.99,8071,131.99294637229238,1
TXN_103907,201,Premium,29.99,7755,176.02357136647927,0
TXN_103908,605,Premium,0.0,11174,61.70613472391384,0
TXN_103909,834,Free,29.99,10971,177.24636075843932,0
TXN_103910,670,Premium,499.0,11211,78.54199861265627,1
TXN_103911,346,Free,0.0,9973,163.32519585963405,0
TXN_103912,739,Free,29.99,7706,85.05032235600368,0
TXN_103913,894,Premium,0.0,8826,71.6720600081147,0
TXN_103914,936,Free,0.0,11156,149.36992104618736,0
TXN_103915,636,Free,0.0,10157,139.4238138504305,0
TXN_103916,230,Free,29.99,12871,53.36066039719957,0
TXN_103917,452,Free,0.0,7730,165.29102555147307,0
TXN_103918,295,Premium,499.0,13327,62.12701741265322,0
TXN_103919,892,Free,,11204,100.0647998705943,0
TXN_103920,1015,Enterprise,499.0,13914,129.42459981119802,0
TXN_103921,1029,Free,0.0,10293,85.53395588278963,1
TXN_103922,765,Free,0.0,6300,158.7493906222744,0
TXN_103923,481,Free,0.0,6882,146.63313095998404,0
TXN_103924,744,Premium,29.99,11556,119.4987003459937,1
TXN_103925,326,Premium,,8890,17.066851185168503,0
TXN_103926,800,Enterprise,499.0,15198,175.9396509466268,0
TXN_103927,575,Premium,29.99,12912,124.02821136629412,0
TXN_103928,576,Free,0.0,10028,98.02911850208707,0
TXN_103929,364,Premium,499.0,8832,-999.0,0
TXN_103930,471,Enterprise,0.0,9096,165.940647563714,0
TXN_103931,585,Free,0.0,10509,135.45889074264466,0
TXN_103932,533,Free,499.0,11106,131.28567012737304,0
TXN_103933,745,Premium,29.99,10348,47.50227984968933,0
TXN_103934,310,Free,0.0,6218,44.00571110644694,0
TXN_103935,671,Unknown,0.0,10606,109.72230055536836,0
TXN_103936,1039,Free,0.0,9150,147.1729817434811,0
TXN_103937,476,Free,29.99,8049,171.19140939648696,0
TXN_103938,494,Unknown,0.0,10523,188.95723699697487,0
TXN_103939,549,Enterprise,499.0,10611,220.2185263921002,0
TXN_103940,1042,Free,0.0,6604,109.53339838179946,0
TXN_103941,463,Enterprise,29.99,9831,139.88826426340214,0
TXN_103942,975,Free,0.0,6031,129.5103928631382,0
TXN_103943,556,Free,0.0,7837,95.4697054933022,0
TXN_103944,824,Enterprise,29.99,9460,171.96839038240478,0
TXN_103945,827,Premium,29.99,6723,159.7032722659092,0
TXN_103946,325,Free,0.0,14892,113.3254925029988,0
TXN_103947,230,Free,29.99,9147,79.44493303170458,0
TXN_103948,687,Premium,499.0,7690,66.95897088427009,0
TXN_103949,575,Free,0.0,8009,89.23023777730702,0
TXN_103950,897,Premium,0.0,6710,134.9509703613981,0
TXN_103951,376,Premium,0.0,14028,92.6145334559394,0
TXN_103952,255,Free,29.99,4991,129.16500486669779,0
TXN_103953,859,Premium,0.0,7557,104.73863995165982,0
TXN_103954,317,Enterprise,0.0,6710,110.08551021585176,0
TXN_103955,289,Free,29.99,11635,137.0095513728872,0
TXN_103956,516,Free,,5560,112.61253325586843,0
TXN_103957,774,Free,0.0,11822,70.0517096742798,0
TXN_103958,791,Premium,0.0,7746,97.71985808207295,0
TXN_103959,645,Enterprise,29.99,11771,152.13593969334505,0
TXN_103960,140,Free,0.0,10162,132.9918055456742,0
TXN_103961,406,Free,0.0,18926,123.05856115391177,0
TXN_103962,1042,Free,29.99,8671,111.54622159414872,0
TXN_103963,437,Premium,499.0,6768,81.10325695069557,0
TXN_103964,413,Free,499.0,7564,54.854802910310426,0
TXN_103965,174,Enterprise,0.0,11138,133.76325115005292,0
TXN_103966,378,Free,499.0,8734,111.09472842564692,0
TXN_103967,275,Premium,0.0,11388,131.13923103523123,0
TXN_103968,995,Premium,0.0,13987,161.03014955603098,0
TXN_103969,761,Premium,499.0,9963,72.68688396761027,0
TXN_103970,372,Free,499.0,8538,-19.42191026544961,0
TXN_103971,936,Premium,0.0,15258,145.08418542128697,0
TXN_103972,719,Free,0.0,4321,180.21408284726988,0
TXN_103973,750,Free,0.0,16398,112.85846894444832,0
TXN_103974,961,Premium,29.99,13521,115.87786555838304,0
TXN_103975,882,Premium,499.0,10743,101.59677466073035,0
TXN_103976,958,Free,0.0,8488,145.0483776924931,0
TXN_103977,1030,Free,0.0,6487,63.69133012740273,0
TXN_103978,388,Enterprise,0.0,14139,177.32581649641241,0
TXN_103979,823,Enterprise,0.0,13155,125.93681010641838,0
TXN_103980,992,Free,499.0,4624,108.85118628191496,0
TXN_103981,371,Premium,499.0,7961,92.71293613459845,0
TXN_103982,1029,Free,0.0,22517,161.74114202271335,0
TXN_103983,165,Premium,0.0,7223,110.11615565281171,0
TXN_103984,582,Enterprise,0.0,9831,186.16723885233205,0
TXN_103985,1035,Free,29.99,10026,157.60471494756763,0
TXN_103986,347,Premium,0.0,7622,179.39944206708168,0
TXN_103987,255,Free,29.99,8560,110.73038765796227,0
TXN_103988,146,Premium,0.0,8678,143.16661629473268,0
TXN_103989,1034,Premium,0.0,11150,129.35501357903155,0
TXN_103990,553,Enterprise,499.0,7769,107.34541694477211,0
TXN_103991,300,Free,0.0,8803,73.14190211280959,1
TXN_103992,759,Free,499.0,8964,219.93502601424666,0
TXN_103993,223,Free,29.99,11531,95.97413866495926,0
TXN_103994,100,Unknown,499.0,13245,150.90357078767164,0
TXN_103995,858,Premium,0.0,7735,169.78734734237224,0
TXN_103996,954,Premium,29.99,11223,88.12345384358385,0
TXN_103997,739,Free,0.0,9242,59.69203668343528,0
TXN_103998,290,Enterprise,,13643,138.8283554002358,0
TXN_103999,678,Enterprise,29.99,9840,100.02853181088415,0
TXN_104000,615,Premium,0.0,6618,85.11328108439585,0
TXN_104001,541,Free,0.0,7551,96.08097671256422,0
TXN_104002,1020,Free,499.0,14600,135.84662921110188,0
TXN_104003,914,Premium,499.0,11548,52.79821481834094,0
TXN_104004,905,Premium,499.0,13196,111.5437594518489,0
TXN_104005,242,Free,499.0,10822,66.50140675009729,0
TXN_104006,290,Premium,499.0,10637,182.72335262925114,0
TXN_104007,632,Free,29.99,9285,113.62013409267794,0
TXN_104008,326,Premium,0.0,12197,173.2279478991718,0
TXN_104009,412,Premium,0.0,7372,164.5020277672795,0
TXN_104010,728,Free,29.99,6327,124.17736816329518,0
TXN_104011,1048,Premium,0.0,13254,150.38573122463887,1
TXN_104012,401,Free,29.99,7908,146.4239495074313,0
TXN_104013,753,Free,0.0,10470,165.78535206404933,0
TXN_104014,559,Enterprise,29.99,9500,115.93672183815099,0
TXN_104015,500,Free,0.0,13702,131.74604065645494,0
TXN_104016,650,Free,29.99,11006,73.38514358753707,0
TXN_104017,492,Free,29.99,12358,81.88053466606345,0
TXN_104018,966,Free,0.0,9903,148.55067710092598,0
TXN_104019,863,Free,499.0,17120,142.63414771632446,0
TXN_104020,944,Free,29.99,9909,78.61409025236483,0
TXN_104021,306,Premium,499.0,9677,122.24565847197044,0
TXN_104022,309,Free,0.0,6023,62.67199229550751,0
TXN_104023,214,Premium,0.0,13080,54.812482743061295,0
TXN_104024,836,Free,0.0,18172,130.22349995685624,0
TXN_104025,745,Free,0.0,15358,90.10836345521408,0
TXN_104026,350,Free,0.0,19747,131.61367693616933,0
TXN_104027,318,Enterprise,0.0,9756,100.20667945182734,0
TXN_104028,506,Premium,499.0,14397,88.21852610277176,1
TXN_104029,542,Premium,499.0,11766,176.02744718813847,0
TXN_104030,702,Free,499.0,12694,152.6858514849185,0
TXN_104031,453,Enterprise,,7308,93.63372602168309,0
TXN_104032,987,Free,29.99,9009,180.2714129666278,0
TXN_104033,657,Free,29.99,10675,74.12624553015246,0
TXN_104034,649,Premium,0.0,7413,73.63900946446782,0
TXN_104035,241,Free,0.0,9858,76.70669640682314,0
TXN_104036,711,Unknown,499.0,15773,94.14643600087452,0
TXN_104037,600,Free,499.0,11060,79.9937466642275,0
TXN_104038,939,Unknown,499.0,9658,109.03627965195759,0
TXN_104039,801,Premium,499.0,12197,80.5836958543093,0
TXN_104040,646,Premium,0.0,11279,95.38541503109462,0
TXN_104041,758,Free,29.99,10220,116.57764380038574,0
TXN_104042,641,Free,29.99,10175,157.05878268320026,0
TXN_104043,945,Enterprise,,12000,135.0878805786633,0
TXN_104044,606,Free,499.0,8947,175.02799770778455,0
TXN_104045,695,Premium,29.99,10244,115.54446484944981,0
TXN_104046,980,Unknown,0.0,9267,111.18228943369382,0
TXN_104047,380,Free,0.0,7584,187.1228291561222,0
TXN_104048,523,Premium,0.0,11190,157.87554970129378,0
TXN_104049,955,Premium,499.0,7559,166.23840128012506,0
TXN_104050,369,Free,0.0,13169,215.42343310626853,0
TXN_104051,253,Free,0.0,7291,78.46402524745417,0
TXN_104052,713,Free,0.0,4066,44.96787767064269,0
TXN_104053,826,Free,499.0,11846,135.14837385797387,0
TXN_104054,761,Premium,29.99,7692,124.01137946971575,0
TXN_104055,1043,Free,29.99,8995,79.1976762303299,0
TXN_104056,182,Unknown,0.0,8324,132.27231468257855,0
TXN_104057,721,Free,0.0,12237,111.22558890480497,0
TXN_104058,1046,Premium,0.0,12944,133.0656604838918,0
TXN_104059,998,Premium,499.0,5811,150.30979117131997,0
TXN_104060,525,Free,499.0,8951,155.5755122699986,0
TXN_104061,374,Free,29.99,11673,150.01318031472837,0
TXN_104062,812,Premium,0.0,9090,5.146090673350997,0
TXN_104063,383,Enterprise,499.0,5110,153.6053350536945,0
TXN_104064,272,Free,29.99,8527,74.98362796156837,0
TXN_104065,426,Free,0.0,9375,117.62185663440322,0
TXN_104066,817,Free,0.0,9530,135.6504782393487,0
TXN_104067,162,Free,29.99,6315,164.54501924752878,0
TXN_104068,172,Premium,29.99,9843,-999.0,0
TXN_104069,862,Enterprise,,13555,123.74408589367992,0
TXN_104070,735,Free,499.0,4367,106.2481700798861,0
TXN_104071,474,Unknown,0.0,13204,120.06634179909284,0
TXN_104072,732,Free,29.99,7176,112.68325633320123,0
TXN_104073,607,Premium,0.0,15502,152.64672852756922,0
TXN_104074,886,Free,29.99,3987,183.64100193764588,0
TXN_104075,1042,Free,29.99,4934,53.46944378308075,0
TXN_104076,497,Free,29.99,16895,168.97263012850172,0
TXN_104077,219,Free,499.0,7523,164.30074171742615,0
TXN_104078,1033,Premium,29.99,9454,136.70003113525792,1
TXN_104079,536,Premium,499.0,16555,261.29761072291274,0
TXN_104080,928,Free,0.0,10548,108.62678132522834,0
TXN_104081,775,Enterprise,0.0,12247,92.36631315299286,0
TXN_104082,1035,Free,29.99,9169,229.24317932749778,0
TXN_104083,564,Premium,,10935,40.83810905144381,0
TXN_104084,385,Free,0.0,8705,49.09214623873385,0
TXN_104085,364,Free,0.0,10789,155.838410713982,0
TXN_104086,419,Free,0.0,20413,131.97577703517575,0
TXN_104087,772,Premium,29.99,11405,62.08066343182376,0
TXN_104088,475,Premium,499.0,9552,156.88556542594708,0
TXN_104089,919,Free,29.99,7450,105.29197068141679,0
TXN_104090,188,Free,,8262,-999.0,0
TXN_104091,753,Free,499.0,6855,149.51651061373727,0
TXN_104092,302,Premium,0.0,7462,164.43736727606148,0
TXN_104093,920,Premium,29.99,7945,61.83539526131741,0
TXN_104094,838,Free,29.99,10449,53.75030102078708,0
TXN_104095,433,Free,,14269,5.232210930196402,0
TXN_104096,321,Premium,0.0,10338,115.32603295434518,0
TXN_104097,140,Free,0.0,15840,97.464666822726,0
TXN_104098,807,Free,0.0,10955,92.2210323344953,0
TXN_104099,167,Free,29.99,10321,166.59512990512192,0
TXN_104100,875,Free,0.0,4138,96.96255878697411,0
TXN_104101,613,Premium,29.99,12330,59.29813501250208,0
TXN_104102,972,Premium,499.0,8921,114.06257000964267,0
TXN_104103,736,Free,0.0,7814,132.18151107287048,0
TXN_104104,721,Premium,29.99,10730,68.77127423622761,0
TXN_104105,697,Free,499.0,8811,65.58596142731358,0
TXN_104106,1036,Enterprise,29.99,19979,165.70222264754156,0
TXN_104107,731,Premium,0.0,7569,46.175327030613104,0
TXN_104108,226,Premium,0.0,9126,75.86588440487289,0
TXN_104109,354,Free,29.99,10693,80.32842835709084,0
TXN_104110,794,Free,0.0,10980,113.90000571550448,0
TXN_104111,115,Free,29.99,12522,144.80212828460833,0
TXN_104112,576,Premium,,7580,133.5694173849533,0
TXN_104113,161,Free,29.99,8730,118.6262514170559,0
TXN_104114,980,Unknown,0.0,10210,210.86117241679062,0
TXN_104115,531,Unknown,0.0,7267,104.80402944202406,0
TXN_104116,769,Premium,499.0,12246,48.65909546882682,0
TXN_104117,367,Unknown,499.0,8030,142.39209800599994,0
TXN_104118,134,Free,29.99,11924,116.23669429206373,0
TXN_104119,878,Free,0.0,9938,115.22410717448099,1
TXN_104120,675,Free,29.99,9649,103.65979939098268,0
TXN_104121,593,Premium,0.0,10205,134.0085306050819,0
TXN_104122,661,Free,0.0,12876,183.58934322557016,0
TXN_104123,568,Unknown,0.0,5753,187.56268924668603,0
TXN_104124,866,Free,0.0,11996,214.9194756673138,0
TXN_104125,760,Free,0.0,13567,151.94959634624374,0
TXN_104126,424,Enterprise,0.0,8688,185.8792144357947,0
TXN_104127,403,Free,0.0,5832,146.41929309431373,0
TXN_104128,375,Free,29.99,10033,102.94497559712035,0
TXN_104129,968,Premium,29.99,7409,203.49410092504996,0
TXN_104130,783,Free,0.0,8924,99.14496862649708,0
TXN_104131,1028,Free,499.0,6613,106.64677786580208,0
TXN_104132,300,Free,0.0,13246,145.62822709709343,0
TXN_104133,544,Free,0.0,7664,125.53824492726575,0
TXN_104134,1004,Unknown,0.0,8459,70.14240190929223,0
TXN_104135,423,Enterprise,29.99,6051,176.5170663055074,0
TXN_104136,134,Free,0.0,9575,98.86124138137515,0
TXN_104137,581,Free,0.0,7312,173.67612642357534,0
TXN_104138,827,Free,29.99,9510,122.44560449857032,0
TXN_104139,579,Unknown,29.99,7501,120.15856504301912,0
TXN_104140,164,Free,499.0,4411,98.99019435898293,0
TXN_104141,107,Free,499.0,10344,146.17630199913776,0
TXN_104142,400,Premium,,8937,97.48885033297486,0
TXN_104143,442,Unknown,0.0,8080,263.16387378062586,0
TXN_104144,530,Free,0.0,6433,165.88367070315024,0
TXN_104145,523,Free,,6368,169.72713505957321,0
TXN_104146,431,Free,29.99,14898,68.2210102311294,0
TXN_104147,537,Free,29.99,10437,159.15474894999565,0
TXN_104148,687,Premium,0.0,13112,138.75422182579538,0
TXN_104149,273,Premium,0.0,6731,93.78696718306406,0
TXN_104150,658,Premium,0.0,7788,213.74412154162897,0
TXN_104151,626,Free,0.0,10321,65.68435539315244,0
TXN_104152,972,Free,0.0,8840,83.56176784626321,0
TXN_104153,758,Free,0.0,8782,119.4713525759335,0
TXN_104154,125,Free,29.99,9125,185.86265788569045,0
TXN_104155,919,Premium,0.0,14001,97.86085356562211,0
TXN_104156,704,Free,0.0,17217,70.24225458840014,0
TXN_104157,505,Free,0.0,16770,92.86936748745984,0
TXN_104158,331,Free,0.0,12126,92.35116607111574,0
TXN_104159,632,Free,0.0,13199,129.6218826373608,0
TXN_104160,918,Free,0.0,6912,91.88710379760386,0
TXN_104161,649,Enterprise,0.0,10256,94.7038704423058,0
TXN_104162,887,Free,29.99,14170,112.60730089132363,0
TXN_104163,604,Premium,0.0,13973,60.40189301317556,0
TXN_104164,768,Free,29.99,10712,164.29523006824087,0
TXN_104165,278,Free,499.0,6050,111.71771437382819,0
TXN_104166,231,Enterprise,29.99,12645,88.92557440821076,0
TXN_104167,922,Free,0.0,9545,132.71792450666638,0
TXN_104168,554,Premium,0.0,13592,137.35129192658877,0
TXN_104169,447,Free,29.99,12243,106.25482125291326,0
TXN_104170,639,Premium,,12522,93.88478434582655,0
TXN_104171,871,Premium,,8722,131.69345137376834,0
TXN_104172,505,Enterprise,0.0,14012,41.8794353543055,0
TXN_104173,175,Enterprise,29.99,13329,126.10001536583557,1
TXN_104174,1040,Premium,499.0,10264,112.66998515694227,0
TXN_104175,678,Free,499.0,9478,157.0103429272526,0
TXN_104176,953,Premium,29.99,9925,138.67339594773452,0
TXN_104177,591,Premium,0.0,15180,145.42430537272458,0
TXN_104178,293,Free,0.0,10777,61.463406217896285,0
TXN_104179,261,Free,29.99,6546,196.81053320508113,0
TXN_104180,446,Enterprise,29.99,9201,137.1020256284475,0
TXN_104181,460,Free,,7920,54.29864234788374,0
TXN_104182,868,Free,499.0,6943,62.38887714002397,0
TXN_104183,683,Enterprise,0.0,9665,119.48920676253617,0
TXN_104184,186,Free,29.99,4404,96.79060482039802,0
TXN_104185,1033,Free,0.0,11350,187.76426633448125,0
TXN_104186,361,Premium,29.99,7039,147.14788733602666,0
TXN_104187,313,Free,29.99,13824,112.67886187478283,0
TXN_104188,764,Premium,0.0,6909,83.65970865348493,0
TXN_104189,821,Free,0.0,13620,83.74008461417978,0
TXN_104190,1012,Free,0.0,8732,90.00721121245688,0
TXN_104191,672,Free,0.0,7247,88.07445685950262,0
TXN_104192,879,Unknown,499.0,11594,61.76323016171946,0
TXN_104193,361,Free,0.0,7994,99.55562448598864,0
TXN_104194,829,Free,0.0,8702,194.00376933601137,0
TXN_104195,382,Free,0.0,11057,111.73697691773813,0
TXN_104196,747,Free,499.0,5640,96.34790264262578,0
TXN_104197,566,Free,0.0,4580,110.71109437633176,0
TXN_104198,479,Free,0.0,10224,107.416481337888,0
TXN_104199,461,Premium,29.99,8575,133.2696268064737,0
TXN_104200,548,Free,0.0,11070,160.3658828434866,0
TXN_104201,540,Premium,0.0,12759,88.21918704740432,0
TXN_104202,192,Premium,29.99,12177,95.66137461982372,0
TXN_104203,720,Free,0.0,9374,70.39115615677851,0
TXN_104204,852,Free,499.0,10887,-999.0,0
TXN_104205,966,Premium,29.99,7671,199.46137642947528,0
TXN_104206,523,Premium,29.99,5850,116.39126941880944,0
TXN_104207,241,Free,0.0,9490,149.05480659509527,0
TXN_104208,390,Enterprise,499.0,16255,130.18595323058875,0
TXN_104209,531,Free,29.99,13266,90.29983894447025,0
TXN_104210,848,Free,0.0,8154,99.49224569007478,0
TXN_104211,951,Free,0.0,15093,126.52394677711882,0
TXN_104212,923,Enterprise,29.99,10185,153.984231280333,0
TXN_104213,788,Premium,499.0,14436,95.43884668388719,0
TXN_104214,752,Premium,499.0,5355,209.37004832954153,0
TXN_104215,800,Free,29.99,4638,83.20067463942908,1
TXN_104216,148,Free,29.99,13575,106.25517588086453,0
TXN_104217,401,Free,0.0,14248,140.079725595077,0
TXN_104218,980,Enterprise,29.99,9548,56.67029072103,0
TXN_104219,289,Free,,7169,86.62910749387561,0
TXN_104220,235,Free,29.99,9889,103.9300948962215,0
TXN_104221,654,Free,0.0,8397,131.25741128124218,0
TXN_104222,503,Enterprise,0.0,7930,202.7025562648515,0
TXN_104223,991,Free,0.0,10614,124.43862337843093,0
TXN_104224,964,Free,29.99,14791,108.1934264561678,0
TXN_104225,701,Free,499.0,10077,136.82999116892964,0
TXN_104226,906,Unknown,0.0,7665,142.06598221096897,0
TXN_104227,440,Enterprise,0.0,7725,110.0943017763277,0
TXN_104228,856,Premium,29.99,4921,145.95095403043112,0
TXN_104229,1044,Free,499.0,999999,131.30634326421662,0
TXN_104230,803,Free,0.0,7070,98.24982314450241,0
TXN_104231,417,Enterprise,0.0,16431,106.88686705797475,0
TXN_104232,717,Free,0.0,10077,149.121324212386,0
TXN_104233,462,Free,29.99,10175,160.86653477937966,0
TXN_104234,921,Free,499.0,10234,75.37096140977306,0
TXN_104235,481,Enterprise,0.0,5149,154.7855594184785,0
TXN_104236,332,Free,29.99,13415,144.08790711517972,0
TXN_104237,876,Premium,29.99,13541,93.10543631139757,0
TXN_104238,443,Enterprise,29.99,8803,186.41514637163846,0
TXN_104239,648,Free,0.0,11681,179.47089921646554,0
TXN_104240,916,Free,499.0,7206,104.96925115893872,0
TXN_104241,652,Unknown,29.99,6786,96.32864954035225,0
TXN_104242,628,Unknown,29.99,9338,105.91176730038724,0
TXN_104243,955,Enterprise,29.99,8069,121.28888698749927,0
TXN_104244,888,Premium,,15653,51.92444585256759,0
TXN_104245,918,Free,29.99,8908,86.89626488664524,0
TXN_104246,670,Enterprise,0.0,11381,125.43376685655056,1
TXN_104247,1034,Free,0.0,11914,167.6177813822483,0
TXN_104248,282,Enterprise,0.0,8977,82.44011639537851,1
TXN_104249,140,Enterprise,0.0,7253,66.48978075839034,0
TXN_104250,650,Premium,,7544,122.85936376884929,0
TXN_104251,496,Enterprise,499.0,9901,86.05658453063685,0
TXN_104252,803,Premium,0.0,6920,141.9741102428735,1
TXN_104253,878,Free,0.0,11041,114.08680416045725,0
TXN_104254,593,Premium,0.0,12157,79.7658716635525,0
TXN_104255,758,Free,499.0,13934,122.10256987890483,0
TXN_104256,1006,Premium,0.0,12681,178.59967794612686,0
TXN_104257,432,Free,29.99,12730,72.5266281041933,0
TXN_104258,226,Free,499.0,13362,129.3632498547506,0
TXN_104259,657,Enterprise,0.0,11461,92.25716884922355,0
TXN_104260,656,Unknown,499.0,8001,103.6502620985793,0
TXN_104261,100,Free,0.0,12339,98.04338912733107,0
TXN_104262,267,Premium,29.99,8139,60.53942506594254,0
TXN_104263,719,Premium,0.0,6168,171.66352596566722,0
TXN_104264,118,Unknown,0.0,6372,161.21173001494518,0
TXN_104265,431,Free,,14173,39.98459387340242,0
TXN_104266,683,Premium,29.99,8079,98.53140496727485,0
TXN_104267,555,Enterprise,0.0,12468,107.9447459898903,0
TXN_104268,208,Free,0.0,10806,179.78884281632227,0
TXN_104269,367,Enterprise,0.0,7676,45.57341584310511,0
TXN_104270,544,Enterprise,29.99,11831,139.31012660978305,0
TXN_104271,339,Enterprise,0.0,5124,74.78609360193573,0
TXN_104272,1028,Free,499.0,10649,163.12463583371996,0
TXN_104273,400,Free,0.0,7905,135.13242446669506,0
TXN_104274,701,Enterprise,0.0,13704,80.19322319913493,0
TXN_104275,202,Free,499.0,11241,100.61083735187371,0
TXN_104276,349,Premium,29.99,3023,119.10536018400305,0
TXN_104277,552,Free,499.0,18464,55.74109607121977,0
TXN_104278,619,Free,29.99,8483,165.9165842476932,0
TXN_104279,252,Free,0.0,10188,76.88238196707673,0
TXN_104280,958,Premium,29.99,8824,118.73278443676216,0
TXN_104281,273,Free,0.0,5650,96.73957890080148,0
TXN_104282,442,Premium,0.0,9230,79.15313605024,0
TXN_104283,769,Premium,0.0,8533,97.9828859927755,0
TXN_104284,530,Premium,29.99,6536,149.8545119078061,0
TXN_104285,826,Premium,0.0,7457,76.90913197641274,0
TXN_104286,788,Free,0.0,9356,96.57504808881022,0
TXN_104287,786,Free,0.0,10680,193.44160873805328,0
TXN_104288,951,Free,0.0,10359,84.43388602026431,0
TXN_104289,949,Premium,0.0,14499,122.61365923544682,0
TXN_104290,757,Premium,0.0,9846,150.0095301543653,0
TXN_104291,423,Free,0.0,9267,124.24796564772299,0
TXN_104292,772,Free,0.0,13154,33.958071275753596,0
TXN_104293,738,Premium,0.0,12775,136.97672579450733,0
TXN_104294,519,Free,499.0,7753,84.31519501212289,0
TXN_104295,693,Enterprise,29.99,6439,138.31091481131367,0
TXN_104296,584,Free,29.99,12448,112.93955342854098,0
TXN_104297,758,Unknown,499.0,8711,105.71376950922982,0
TXN_104298,850,Free,0.0,9372,214.91456455700774,0
TXN_104299,511,Free,0.0,7535,108.78793951319051,0
TXN_104300,1035,Free,499.0,13402,112.59727277862102,0
TXN_104301,183,Free,29.99,15577,133.19376443207034,0
TXN_104302,212,Free,,11266,-999.0,0
TXN_104303,836,Free,499.0,9171,107.83330316052499,0
TXN_104304,431,Premium,0.0,8663,120.48600364672814,0
TXN_104305,477,Free,,9608,129.66047267106916,0
TXN_104306,854,Premium,499.0,10878,100.76141648003345,0
TXN_104307,754,Free,0.0,7622,66.49277359246203,0
TXN_104308,140,Enterprise,,16132,147.4714042257158,0
TXN_104309,1034,Premium,0.0,13356,162.24060031125083,0
TXN_104310,869,Free,29.99,9719,83.88403939527927,0
TXN_104311,896,Free,0.0,8188,172.217406638012,0
TXN_104312,204,Free,0.0,20577,116.28531580449162,0
TXN_104313,301,Free,29.99,11003,77.21697032114734,0
TXN_104314,549,Premium,0.0,6237,118.51428010383039,0
TXN_104315,918,Premium,29.99,10164,64.16861923994028,0
TXN_104316,942,Enterprise,29.99,7365,147.52992196821427,0
TXN_104317,365,Premium,0.0,14925,133.70396865190776,0
TXN_104318,1009,Unknown,0.0,10313,72.15940352794595,0
TXN_104319,309,Enterprise,29.99,11447,65.20379954501992,0
TXN_104320,662,Enterprise,499.0,12393,21.406330747376984,0
TXN_104321,217,Free,29.99,8244,102.23726164024386,0
TXN_104322,812,Free,29.99,11671,93.65789971565306,0
TXN_104323,476,Free,29.99,11406,107.0724523197189,0
TXN_104324,650,Premium,0.0,9267,88.58944001560286,0
TXN_104325,639,Free,29.99,12734,166.5055552456143,0
TXN_104326,870,Free,,12701,87.94033706052332,0
TXN_104327,183,Free,29.99,3775,177.1075643833652,0
TXN_104328,553,Free,0.0,7128,97.7771421728438,0
TXN_104329,766,Premium,29.99,6948,87.996364301053,0
TXN_104330,728,Free,29.99,11894,100.19850191957312,0
TXN_104331,613,Premium,29.99,9340,103.54811233595996,0
TXN_104332,704,Premium,29.99,15195,219.6702417164222,0
TXN_104333,777,Free,29.99,9362,42.0219505709005,0
TXN_104334,486,Premium,0.0,10721,174.64060346833963,0
TXN_104335,1011,Premium,0.0,10914,139.83451124919787,0
TXN_104336,449,Free,499.0,13165,110.82210631888124,0
TXN_104337,395,Free,0.0,7919,62.54572781828452,0
TXN_104338,357,Free,,10390,181.5646456154757,0
TXN_104339,180,Premium,0.0,18083,57.42062167109811,1
TXN_104340,1036,Premium,0.0,9051,-999.0,0
TXN_104341,367,Free,29.99,9740,77.45645780358984,0
TXN_104342,518,Free,499.0,20794,170.02675357738622,0
TXN_104343,334,Free,29.99,14035,83.16211503118758,0
TXN_104344,932,Enterprise,0.0,4692,139.46667089672437,0
TXN_104345,410,Free,0.0,13934,103.37760089868416,0
TXN_104346,912,Enterprise,29.99,7272,80.02465089819104,0
TXN_104347,456,Free,0.0,6727,52.219126341598596,1
TXN_104348,312,Premium,0.0,6717,162.8232301975136,0
TXN_104349,673,Premium,29.99,10442,142.80033115544947,0
TXN_104350,148,Premium,29.99,5806,88.59543208738262,0
TXN_104351,226,Free,0.0,7146,102.08368590356655,0
TXN_104352,322,Premium,0.0,7303,60.15349906902685,1
TXN_104353,1020,Free,0.0,4952,79.64141657202865,0
TXN_104354,378,Free,0.0,12647,122.89170879217714,0
TXN_104355,507,Premium,29.99,9141,69.4537015903389,0
TXN_104356,604,Enterprise,499.0,14923,117.87827660205694,0
TXN_104357,393,Premium,0.0,8139,150.2147345318476,0
TXN_104358,895,Free,0.0,4345,127.57104570837384,0
TXN_104359,376,Premium,0.0,12077,58.4971149880508,0
TXN_104360,537,Premium,499.0,9329,118.73849879977548,0
TXN_104361,206,Enterprise,0.0,9813,193.85156444523932,0
TXN_104362,757,Enterprise,,4685,185.08886632943683,0
TXN_104363,519,Premium,0.0,7111,106.15338039073313,0
TXN_104364,710,Free,0.0,9112,98.12893754601228,0
TXN_104365,528,Premium,0.0,24019,155.77640630255803,0
TXN_104366,474,Premium,29.99,8105,100.83352540150219,0
TXN_104367,172,Unknown,29.99,5503,52.69458505360869,0
TXN_104368,1048,Free,29.99,9285,141.9322454564214,0
TXN_104369,733,Free,0.0,12339,82.92119049998165,0
TXN_104370,129,Free,0.0,9631,-999.0,0
TXN_104371,287,Premium,0.0,9000,120.58505696805514,0
TXN_104372,463,Enterprise,0.0,13455,92.63865395253464,0
TXN_104373,965,Free,0.0,7690,152.19170616252774,0
TXN_104374,899,Premium,29.99,7389,151.55053134167412,0
TXN_104375,550,Premium,0.0,7993,152.10519919916533,0
TXN_104376,294,Premium,0.0,10188,177.90690328273595,0
TXN_104377,255,Free,0.0,7833,116.5039096114808,0
TXN_104378,271,Enterprise,0.0,7823,85.84309179738457,0
TXN_104379,946,Free,29.99,8606,76.53173633364108,0
TXN_104380,140,Premium,0.0,7007,72.3811445699909,0
TXN_104381,162,Free,0.0,10018,54.04928389760052,0
TXN_104382,122,Free,499.0,5306,72.45361121160438,0
TXN_104383,459,Enterprise,0.0,14456,143.51432641287246,0
TXN_104384,174,Free,0.0,10893,112.9249001034109,1
TXN_104385,659,Free,499.0,9426,151.5729304896149,0
TXN_104386,771,Premium,0.0,6941,56.99348079523237,0
TXN_104387,924,Premium,499.0,8545,97.21846952345535,0
TXN_104388,217,Premium,0.0,10379,248.3466257923028,0
TXN_104389,711,Free,29.99,10420,181.16779797389322,0
TXN_104390,479,Free,29.99,14315,226.54575989894443,0
TXN_104391,1028,Free,499.0,7112,204.635114487551,0
TXN_104392,1019,Free,29.99,9081,116.52640292144923,0
TXN_104393,778,Enterprise,29.99,7269,131.40275053794554,0
TXN_104394,389,Free,29.99,5975,124.55887083938634,0
TXN_104395,539,Free,0.0,13201,94.71456339715118,1
TXN_104396,767,Free,29.99,9352,191.90201009058597,0
TXN_104397,1032,Free,0.0,4709,169.43230618513337,0
TXN_104398,106,Premium,29.99,12647,176.01797921963734,0
TXN_104399,295,Premium,29.99,4584,65.10416751796515,0
TXN_104400,520,Free,499.0,15688,86.82381738635621,0
TXN_104401,667,Free,29.99,4199,131.62320291875085,0
TXN_104402,932,Free,499.0,13505,66.14033539801963,0
TXN_104403,292,Premium,0.0,11555,118.98232846876022,0
TXN_104404,658,Premium,0.0,9071,60.25902555639696,0
TXN_104405,247,Free,29.99,11443,63.031075926676095,0
TXN_104406,886,Free,29.99,17726,192.04207716792476,0
TXN_104407,768,Premium,29.99,5416,231.4962371350446,0
TXN_104408,301,Enterprise,29.99,10016,162.58491838752832,0
TXN_104409,543,Enterprise,0.0,11202,92.19560372203713,0
TXN_104410,1013,Free,29.99,7540,114.83035494623537,0
TXN_104411,518,Free,0.0,14461,142.80833641925383,0
TXN_104412,526,Free,0.0,11000,153.45267566601171,0
TXN_104413,578,Premium,0.0,7307,120.15026789386489,0
TXN_104414,574,Unknown,29.99,9485,157.12871350622078,0
TXN_104415,225,Free,29.99,10888,128.53027423801407,1
TXN_104416,494,Free,0.0,13420,79.70499872210632,0
TXN_104417,916,Free,29.99,9404,140.56330463955172,0
TXN_104418,980,Free,0.0,6884,172.37695687502438,0
TXN_104419,905,Free,499.0,6328,136.8156481014454,0
TXN_104420,675,Premium,29.99,8708,81.14365330340408,0
TXN_104421,424,Free,0.0,10718,125.50012277738811,1
TXN_104422,491,Free,,6452,91.19448592274253,0
TXN_104423,1029,Premium,0.0,6288,74.5461539342369,0
TXN_104424,787,Free,29.99,10289,74.39265224054236,0
TXN_104425,727,Free,0.0,11866,84.00764468052643,0
TXN_104426,539,Free,0.0,13903,133.51662999545127,0
TXN_104427,303,Enterprise,29.99,9357,184.22817936040576,0
TXN_104428,585,Premium,0.0,9783,163.2320994435431,0
TXN_104429,932,Free,499.0,11642,138.751401880762,0
TXN_104430,130,Premium,0.0,10531,159.09454528328098,0
TXN_104431,487,Free,0.0,10753,178.37006487883914,0
TXN_104432,724,Premium,29.99,11701,177.19903459407584,0
TXN_104433,976,Premium,0.0,12134,116.83571300761639,0
TXN_104434,533,Enterprise,29.99,12464,95.08071046157286,0
TXN_104435,936,Free,499.0,14045,208.59885047992208,0
TXN_104436,1025,Unknown,29.99,9422,147.4643006790908,0
TXN_104437,475,Unknown,0.0,9855,165.22804971345366,0
TXN_104438,443,Enterprise,29.99,9515,66.92240503344931,0
TXN_104439,542,Premium,499.0,7885,189.57211300130675,0
TXN_104440,678,Free,0.0,6443,86.35050679891027,0
TXN_104441,174,Free,29.99,6859,94.04295733813825,0
TXN_104442,656,Free,0.0,13244,78.14305424684255,0
TXN_104443,871,Free,499.0,5857,117.33128841948019,0
TXN_104444,765,Premium,29.99,16531,123.54831374108171,0
TXN_104445,254,Premium,499.0,14215,111.67593995053534,0
TXN_104446,529,Enterprise,499.0,9180,121.54722121449561,0
TXN_104447,462,Free,0.0,11178,70.4876050575933,0
TXN_104448,547,Free,0.0,10819,149.21894791791422,1
TXN_104449,333,Premium,0.0,9736,208.2905066221857,0
TXN_104450,662,Free,0.0,5574,86.76853453283648,0
TXN_104451,917,Free,29.99,10605,82.72027571250467,0
TXN_104452,361,Unknown,499.0,12130,110.94071258750358,0
TXN_104453,926,Premium,0.0,10866,108.2913325666949,0
TXN_104454,224,Free,29.99,8434,66.30090548246383,0
TXN_104455,1010,Enterprise,499.0,9372,53.203306501887354,0
TXN_104456,344,Premium,0.0,13164,174.22473486078414,0
TXN_104457,641,Premium,0.0,12696,37.79615738469576,1
TXN_104458,1037,Enterprise,29.99,6765,120.10040384982214,0
TXN_104459,584,Free,0.0,11374,69.47744389604114,0
TXN_104460,221,Premium,499.0,5253,176.56684672404435,0
TXN_104461,224,Free,0.0,14821,58.53604211615314,0
TXN_104462,648,Free,499.0,12439,81.78074149344644,0
TXN_104463,269,Enterprise,29.99,10090,59.9977183992359,0
TXN_104464,223,Premium,0.0,13324,84.8873996694845,0
TXN_104465,968,Premium,0.0,12799,69.79175025479054,1
TXN_104466,134,Enterprise,0.0,6693,143.98498169808886,0
TXN_104467,186,Enterprise,0.0,9376,140.55890140551324,0
TXN_104468,745,Enterprise,0.0,9976,250.75391569359093,1
TXN_104469,807,Free,29.99,13233,28.346030210871007,0
TXN_104470,885,Free,29.99,8037,154.28147689884372,0
TXN_104471,300,Free,29.99,10681,102.29739674856833,0
TXN_104472,468,Free,0.0,6578,152.47552644824987,0
TXN_104473,896,Free,29.99,11903,108.63717509327205,0
TXN_104474,176,Premium,0.0,7000,165.0549548377612,0
TXN_104475,158,Premium,499.0,11995,209.15596183898816,0
TXN_104476,530,Unknown,499.0,6175,84.83730806427414,0
TXN_104477,737,Premium,499.0,13818,73.24666399715514,0
TXN_104478,599,Premium,29.99,6719,67.00676381039686,0
TXN_104479,1012,Free,0.0,9878,52.12999448018695,0
TXN_104480,208,Free,0.0,12260,89.72325357969136,0
TXN_104481,835,Free,499.0,7622,95.49133577226776,0
TXN_104482,377,Premium,0.0,15850,125.60330932433044,0
TXN_104483,167,Free,29.99,10532,98.29331039626136,0
TXN_104484,168,Premium,499.0,11203,93.5973359695506,0
TXN_104485,264,Premium,29.99,12674,127.29139953010524,0
TXN_104486,588,Free,0.0,7521,110.21232627799925,0
TXN_104487,404,Free,0.0,14470,172.87703396202718,0
TXN_104488,1008,Free,0.0,7420,172.22834670522352,0
TXN_104489,773,Free,29.99,14786,93.42964083923687,0
TXN_104490,464,Premium,29.99,13471,61.464879840964976,0
TXN_104491,953,Premium,499.0,12393,107.24234190081191,0
TXN_104492,920,Premium,29.99,7068,107.1566012360259,0
TXN_104493,478,Enterprise,0.0,7240,212.74862373030646,0
TXN_104494,442,Premium,0.0,13544,117.68136478459542,0
TXN_104495,1046,Unknown,29.99,8845,107.64679196813368,0
TXN_104496,998,Free,499.0,4894,30.113763160556374,0
TXN_104497,653,Premium,0.0,13336,149.78102273067492,0
TXN_104498,453,Free,499.0,14078,109.1121654543875,0
TXN_104499,515,Free,0.0,11623,160.5398350155966,0
TXN_104500,208,Free,0.0,10724,185.88882368458147,0
TXN_104501,662,Premium,499.0,11672,78.36632679748186,0
TXN_104502,861,Free,0.0,5916,161.32430029932326,0
TXN_104503,596,Free,29.99,8194,150.28719560193178,0
TXN_104504,440,Unknown,0.0,12399,99.12645586063202,0
TXN_104505,1041,Enterprise,499.0,9202,72.42763244188151,0
TXN_104506,482,Premium,499.0,11856,73.16479802779136,0
TXN_104507,632,Premium,499.0,8017,97.52168337642682,1
TXN_104508,399,Unknown,0.0,7789,123.47648995341729,0
TXN_104509,238,Premium,0.0,8717,170.2133690728317,0
TXN_104510,458,Free,29.99,10014,174.71528719286408,0
TXN_104511,935,Enterprise,0.0,7922,106.90024046708274,0
TXN_104512,598,Premium,29.99,5999,54.31400918301476,0
TXN_104513,484,Free,29.99,6951,81.48161216746098,0
TXN_104514,703,Free,0.0,6599,-999.0,0
TXN_104515,379,Free,29.99,7112,94.17265762262042,0
TXN_104516,736,Enterprise,499.0,7808,181.87229103923391,0
TXN_104517,582,Free,,4286,95.05809312927974,0
TXN_104518,1008,Unknown,0.0,9306,30.878658255306576,0
TXN_104519,210,Enterprise,0.0,10011,167.2729171683399,0
TXN_104520,965,Premium,0.0,8874,149.75357542429953,0
TXN_104521,238,Premium,0.0,15283,76.97046472141362,0
TXN_104522,534,Free,0.0,8064,115.37692658315112,0
TXN_104523,608,Free,,8336,81.23552876162168,0
TXN_104524,372,Free,0.0,15498,201.90439169345856,0
TXN_104525,198,Premium,0.0,16975,43.00451751258821,0
TXN_104526,863,Free,0.0,11266,75.20013127491202,0
TXN_104527,949,Free,0.0,9664,99.0952840398594,0
TXN_104528,203,Free,0.0,9281,141.1605127183471,0
TXN_104529,313,Enterprise,29.99,7232,167.90489099343742,0
TXN_104530,860,Free,0.0,6056,162.21680271608642,0
TXN_104531,763,Enterprise,0.0,12688,144.0919792007611,0
TXN_104532,861,Free,0.0,8509,37.45513439329305,0
TXN_104533,886,Premium,29.99,10544,87.9699960175761,0
TXN_104534,264,Free,0.0,10299,138.51884016987884,0
TXN_104535,952,Premium,0.0,9125,143.9147120577498,0
TXN_104536,619,Premium,499.0,11467,83.65429373387533,0
TXN_104537,383,Free,0.0,6841,94.59226216389919,0
TXN_104538,616,Premium,29.99,10456,105.76104747415434,0
TXN_104539,756,Premium,499.0,11486,182.7127454706994,0
TXN_104540,712,Premium,0.0,10546,124.14375567868485,0
TXN_104541,263,Premium,499.0,5011,71.32105496192655,0
TXN_104542,985,Free,499.0,6585,80.59698453116809,0
TXN_104543,758,Premium,0.0,7987,114.77050940780352,1
TXN_104544,163,Unknown,499.0,6023,54.44741716446808,0
TXN_104545,190,Enterprise,0.0,14868,72.13317913553266,0
TXN_104546,216,Unknown,0.0,5328,129.53069911404117,0
TXN_104547,965,Free,499.0,16071,126.32489122472502,0
TXN_104548,366,Premium,499.0,17384,183.3952383297046,0
TXN_104549,921,Premium,29.99,8966,-999.0,0
TXN_104550,784,Free,0.0,8412,127.35622509031482,0
TXN_104551,658,Enterprise,29.99,10282,187.68625418179514,0
TXN_104552,239,Premium,29.99,12855,166.78134695048476,0
TXN_104553,345,Free,0.0,16359,193.2788589083235,0
TXN_104554,760,Free,,9250,48.957862123029074,0
TXN_104555,857,Enterprise,0.0,7062,149.7121071968431,0
TXN_104556,494,Free,0.0,11695,63.13179897496323,0
TXN_104557,586,Free,0.0,9867,229.77707239763689,0
TXN_104558,575,Free,0.0,10166,163.77787832022312,0
TXN_104559,616,Free,29.99,12858,155.57906350870638,0
TXN_104560,283,Enterprise,0.0,6955,89.44285924111227,0
TXN_104561,119,Free,499.0,12720,135.6729186286942,0
TXN_104562,1036,Premium,0.0,15943,140.88409500878095,0
TXN_104563,657,Enterprise,0.0,6971,90.40926523939774,0
TXN_104564,623,Premium,29.99,6288,123.5411900536904,1
TXN_104565,681,Free,0.0,8411,4.539805852209028,0
TXN_104566,628,Premium,29.99,12605,205.5171490349043,0
TXN_104567,982,Free,499.0,9866,146.22351519506296,0
TXN_104568,246,Free,29.99,14796,98.25776904546808,0
TXN_104569,765,Premium,29.99,17483,155.4987898447637,0
TXN_104570,403,Enterprise,499.0,19475,40.61998833801461,0
TXN_104571,719,Premium,,8088,166.37237158471348,0
TXN_104572,847,Unknown,0.0,8259,113.94193297543657,0
TXN_104573,919,Premium,29.99,12683,38.90528612297258,0
TXN_104574,963,Premium,0.0,7989,120.35362857573342,0
TXN_104575,681,Enterprise,0.0,19669,161.7354006746033,0
TXN_104576,794,Free,0.0,11717,154.6725905548364,0
TXN_104577,861,Free,,9373,121.33667389288236,0
TXN_104578,327,Premium,29.99,11003,122.35964195766805,0
TXN_104579,201,Premium,0.0,10386,67.2286067643031,0
TXN_104580,686,Free,0.0,11235,117.36351352945685,0
TXN_104581,516,Free,499.0,9487,141.70049311642856,0
TXN_104582,315,Free,0.0,7423,182.15787059216348,0
TXN_104583,506,Premium,0.0,6548,61.7877117284075,0
TXN_104584,498,Enterprise,499.0,9348,96.88921520492795,0
TXN_104585,1022,Enterprise,29.99,6883,139.9515777216277,0
TXN_104586,814,Premium,0.0,5888,26.791240435103063,0
TXN_104587,803,Enterprise,0.0,10695,99.66133592211796,0
TXN_104588,860,Free,499.0,4008,193.9930822804256,0
TXN_104589,598,Free,499.0,8252,60.324145472034,1
TXN_104590,853,Free,0.0,10793,145.1204360846797,0
TXN_104591,564,Premium,0.0,8510,123.81901629700306,0
TXN_104592,790,Free,0.0,8871,124.55680309585344,0
TXN_104593,1048,Premium,29.99,6457,141.72180555545057,0
TXN_104594,830,Premium,29.99,6018,95.0073946765611,0
TXN_104595,181,Free,0.0,11310,110.18756972046421,0
TXN_104596,703,Unknown,499.0,9510,117.21547330769187,1
TXN_104597,1046,Premium,29.99,12980,155.3101772117338,0
TXN_104598,786,Free,29.99,7809,144.52178286367933,0
TXN_104599,850,Free,499.0,15212,125.48196309116082,0
TXN_104600,871,Premium,0.0,6823,86.04382772037826,0
TXN_104601,1002,Free,0.0,999999,80.95443206937158,0
TXN_104602,464,Free,29.99,6163,63.39516302858337,0
TXN_104603,262,Premium,499.0,9026,87.0756414042165,0
TXN_104604,147,Enterprise,0.0,7182,134.86338171580775,0
TXN_104605,610,Free,499.0,10602,180.22669464583473,0
TXN_104606,428,Enterprise,0.0,11282,126.5371156672366,0
TXN_104607,939,Enterprise,0.0,6489,87.52536928779635,0
TXN_104608,215,Free,0.0,6922,119.71837869963852,0
TXN_104609,1040,Premium,,6733,92.5373995991755,0
TXN_104610,948,Free,29.99,8701,152.2576595152066,0
TXN_104611,436,Free,0.0,4575,63.543657718937375,0
TXN_104612,980,Premium,,13385,159.53182818567726,0
TXN_104613,836,Premium,29.99,9093,148.1026246497116,0
TXN_104614,963,Free,499.0,6962,87.56642003578732,0
TXN_104615,939,Enterprise,0.0,7263,86.31210687899285,0
TXN_104616,246,Premium,0.0,6738,100.10753687853202,0
TXN_104617,674,Enterprise,29.99,8856,143.01844230488248,0
TXN_104618,905,Free,499.0,16102,77.26514192588209,0
TXN_104619,422,Enterprise,29.99,7777,55.19933106462243,0
TXN_104620,542,Free,29.99,9039,110.53801240703152,0
TXN_104621,936,Free,499.0,9417,153.09447589114052,0
TXN_104622,112,Premium,0.0,10089,42.91728959196844,0
TXN_104623,1042,Premium,29.99,5393,7.098547108318073,0
TXN_104624,593,Premium,0.0,10941,151.06172890609736,0
TXN_104625,800,Free,0.0,17073,125.84765184309846,0
TXN_104626,386,Free,0.0,13988,118.31363678717778,0
TXN_104627,819,Premium,499.0,7752,107.96360760776187,0
TXN_104628,213,Free,499.0,7948,-999.0,0
TXN_104629,579,Premium,0.0,8362,151.78853488093398,1
TXN_104630,121,Free,0.0,10740,196.0962822128991,0
TXN_104631,448,Unknown,0.0,11787,142.08997253197327,0
TXN_104632,825,Premium,499.0,10119,83.75879737383354,0
TXN_104633,782,Premium,29.99,11082,106.85125589072236,0
TXN_104634,934,Enterprise,,5335,120.30654532197511,1
TXN_104635,665,Premium,499.0,6449,135.8220077038453,0
TXN_104636,1005,Free,0.0,11067,136.46714048079082,0
TXN_104637,909,Free,0.0,11772,130.1933193753811,0
TXN_104638,419,Premium,29.99,2749,190.75150673483137,0
TXN_104639,225,Free,0.0,8920,147.28940367019442,0
TXN_104640,376,Premium,0.0,14684,65.1145103644891,0
TXN_104641,303,Free,0.0,13768,118.91421489190044,0
TXN_104642,293,Free,29.99,9482,174.15848176740914,0
TXN_104643,780,Premium,29.99,15966,96.1852166468641,0
TXN_104644,763,Unknown,0.0,6604,94.868685988402,0
TXN_104645,646,Premium,29.99,4992,113.91587587663402,0
TXN_104646,795,Enterprise,0.0,7284,111.60475505197817,0
TXN_104647,385,Unknown,499.0,12521,105.76971242948372,0
TXN_104648,156,Free,29.99,14505,95.44360688227727,0
TXN_104649,833,Free,0.0,8996,176.3241710644484,0
TXN_104650,402,Premium,29.99,7350,134.16448905919896,0
TXN_104651,262,Enterprise,29.99,12649,76.77914450841797,0
TXN_104652,118,Premium,0.0,7138,62.015788402940906,0
TXN_104653,469,Unknown,0.0,11309,108.4147187811673,0
TXN_104654,363,Free,,9396,136.5023743583206,0
TXN_104655,893,Free,0.0,999999,131.59420109937025,0
TXN_104656,212,Premium,29.99,9427,135.55605973345212,0
TXN_104657,587,Free,499.0,8083,153.71195980088342,0
TXN_104658,426,Free,0.0,6966,110.31024465532197,0
TXN_104659,641,Free,0.0,13274,183.42975116871952,0
TXN_104660,746,Free,499.0,13705,106.80154650196793,0
TXN_104661,678,Premium,0.0,8869,85.8705100647567,0
TXN_104662,164,Enterprise,29.99,6538,-2.6681265375978427,0
TXN_104663,391,Enterprise,29.99,12485,158.1751878565285,0
TXN_104664,124,Premium,499.0,11707,60.03009561074517,0
TXN_104665,648,Free,,6163,180.1949140022276,0
TXN_104666,100,Premium,499.0,9189,-10.277274486723314,0
TXN_104667,1010,Free,29.99,10359,126.98328615586131,0
TXN_104668,648,Free,499.0,10913,72.85577496808332,0
TXN_104669,240,Free,499.0,11145,141.48221688056614,0
TXN_104670,843,Enterprise,,4869,87.13019499257535,0
TXN_104671,747,Enterprise,499.0,8447,183.71303017161975,0
TXN_104672,1000,Premium,0.0,7761,65.91735740769622,0
TXN_104673,287,Premium,29.99,8411,127.3493208362848,0
TXN_104674,227,Free,0.0,7077,129.9423862275969,0
TXN_104675,300,Premium,0.0,12668,90.51506128788287,0
TXN_104676,226,Premium,0.0,14571,159.8725852152064,0
TXN_104677,356,Free,499.0,9164,63.35165466142996,0
TXN_104678,775,Free,0.0,12559,136.51473397071956,0
TXN_104679,646,Enterprise,29.99,11137,152.38102205571167,0
TXN_104680,293,Premium,29.99,9713,76.53276346625715,0
TXN_104681,802,Enterprise,0.0,5807,161.44599141310414,0
TXN_104682,203,Enterprise,29.99,5787,110.06587209883565,0
TXN_104683,634,Unknown,29.99,8652,85.39070583133042,0
TXN_104684,364,Free,499.0,7378,118.97038024351109,0
TXN_104685,901,Free,0.0,10373,73.16877523856655,0
TXN_104686,1041,Free,0.0,14790,109.08942384227609,0
TXN_104687,483,Free,29.99,7523,29.861005225728576,0
TXN_104688,359,Premium,0.0,8612,161.02467131770618,0
TXN_104689,513,Premium,0.0,6948,157.60609071370456,0
TXN_104690,457,Premium,0.0,17236,222.83590736711736,0
TXN_104691,174,Free,29.99,8862,111.24972490095755,0
TXN_104692,454,Enterprise,0.0,20732,146.07577898508427,0
TXN_104693,683,Free,29.99,11021,114.48470884856789,0
TXN_104694,870,Free,,15584,136.01388186603927,0
TXN_104695,1009,Premium,499.0,9143,199.6611250107449,0
TXN_104696,287,Premium,0.0,11243,160.32756549945734,0
TXN_104697,784,Free,29.99,9866,138.38149642724474,0
TXN_104698,389,Free,0.0,8303,38.317741172923675,0
TXN_104699,144,Premium,0.0,7820,137.57840318982872,0
TXN_104700,672,Free,0.0,9984,57.32620653519982,0
TXN_104701,182,Free,0.0,12377,137.9533618992089,0
TXN_104702,222,Premium,29.99,10663,133.16800334462846,0
TXN_104703,457,Free,499.0,10943,-999.0,0
TXN_104704,627,Free,499.0,7498,97.5250882531248,0
TXN_104705,165,Free,0.0,10185,171.08861387715814,0
TXN_104706,1035,Unknown,29.99,5229,170.86468798853315,0
TXN_104707,756,Unknown,0.0,10251,211.64064337322492,0
TXN_104708,474,Free,29.99,13631,59.20511748275995,0
TXN_104709,261,Free,0.0,13024,149.18805045382558,1
TXN_104710,845,Free,499.0,9847,157.3593158780231,0
TXN_104711,479,Free,499.0,5647,173.16466285364083,0
TXN_104712,755,Premium,0.0,15510,176.79299716152127,0
TXN_104713,457,Premium,499.0,10409,152.51832726899246,0
TXN_104714,287,Free,29.99,12339,187.83190151179477,0
TXN_104715,421,Free,29.99,10897,127.1649049895505,0
TXN_104716,549,Free,29.99,16764,84.08514524152186,0
TXN_104717,573,Free,29.99,11876,47.577047002072845,0
TXN_104718,112,Free,499.0,12565,51.7229103137652,0
TXN_104719,283,Premium,499.0,13168,141.29138721946987,0
TXN_104720,210,Premium,29.99,13879,49.72946104798453,0
TXN_104721,1026,Premium,499.0,12832,119.66192570509776,0
TXN_104722,607,Free,,10873,106.29034053932345,0
TXN_104723,389,Premium,0.0,9577,92.18919493565045,0
TXN_104724,394,Free,0.0,10492,150.21705535508488,0
TXN_104725,550,Free,29.99,12480,104.37127618276895,0
TXN_104726,1003,Premium,,14354,100.3543218549884,0
TXN_104727,314,Free,0.0,8754,116.30347558031693,0
TXN_104728,731,Premium,0.0,10022,114.07463637657902,0
TXN_104729,993,Premium,0.0,12928,127.19575098537118,0
TXN_104730,666,Enterprise,499.0,6876,171.8617919880463,0
TXN_104731,126,Unknown,499.0,8056,109.75928849968932,0
TXN_104732,729,Free,29.99,9408,148.7194676450879,0
TXN_104733,832,Unknown,0.0,6839,95.00956053732168,0
TXN_104734,330,Premium,499.0,8944,78.98510635862604,0
TXN_104735,664,Premium,0.0,9921,125.55670961968168,0
TXN_104736,906,Free,499.0,8926,113.51300230167168,1
TXN_104737,420,Enterprise,0.0,9693,88.36338104838758,0
TXN_104738,1012,Free,29.99,16042,146.55858855232077,0
TXN_104739,332,Enterprise,29.99,11976,41.04230474526358,0
TXN_104740,769,Free,29.99,3909,136.38292146234974,0
TXN_104741,536,Premium,499.0,5746,103.09561329146825,0
TXN_104742,880,Free,,14836,95.51719084973239,0
TXN_104743,632,Free,499.0,6977,195.67895326836395,0
TXN_104744,502,Free,0.0,9187,170.14523606901446,0
TXN_104745,152,Free,0.0,11908,145.41227017644152,0
TXN_104746,886,Free,29.99,10045,90.9377722096871,0
TXN_104747,412,Free,499.0,9495,42.33808501234603,0
TXN_104748,380,Premium,29.99,9789,202.23891494183835,0
TXN_104749,825,Enterprise,,11059,59.004960662639384,0
TXN_104750,130,Premium,,15321,173.51689728233683,0
TXN_104751,436,Free,29.99,9350,132.59682331595522,0
TXN_104752,282,Free,499.0,10684,113.02131841650423,0
TXN_104753,122,Free,,5792,117.36754367012183,0
TXN_104754,643,Enterprise,499.0,15514,162.44025753097617,0
TXN_104755,545,Enterprise,29.99,8355,194.1809029041468,0
TXN_104756,173,Free,499.0,8555,169.103329233775,0
TXN_104757,109,Free,0.0,6433,137.19325158604275,0
TXN_104758,583,Enterprise,29.99,12493,215.01769411979154,0
TXN_104759,555,Enterprise,0.0,10143,150.95467252480972,0
TXN_104760,665,Enterprise,0.0,10310,105.1184535850716,0
TXN_104761,663,Enterprise,499.0,8177,159.16160398503152,0
TXN_104762,759,Free,29.99,6645,125.95549448462798,0
TXN_104763,259,Free,0.0,20953,141.30771831883615,0
TXN_104764,981,Free,0.0,8755,166.76431378122948,0
TXN_104765,113,Free,,5513,142.5243910506008,0
TXN_104766,277,Free,499.0,9247,131.5314313009104,0
TXN_104767,511,Premium,0.0,13287,95.84873391068845,0
TXN_104768,977,Free,,11176,220.0913040043642,0
TXN_104769,152,Free,0.0,8114,136.45166014941472,0
TXN_104770,507,Free,29.99,8331,118.02031153524631,0
TXN_104771,946,Free,29.99,10990,155.68032064140905,0
TXN_104772,121,Free,499.0,8362,172.41432051523208,0
TXN_104773,129,Enterprise,499.0,8907,128.3562909687012,0
TXN_104774,802,Enterprise,0.0,13960,81.65599681290942,0
TXN_104775,359,Free,29.99,8272,100.63104634028315,0
TXN_104776,304,Premium,0.0,9938,65.32766681632589,0
TXN_104777,158,Free,29.99,10290,111.36251902996041,0
TXN_104778,570,Premium,29.99,7439,121.00602252097619,0
TXN_104779,875,Free,0.0,7474,111.66562055202188,0
TXN_104780,565,Free,29.99,16028,169.25247696077463,0
TXN_104781,111,Enterprise,0.0,13570,64.85119556673877,0
TXN_104782,730,Free,29.99,12977,142.70126535751078,0
TXN_104783,1026,Free,499.0,7647,72.46310499572233,0
TXN_104784,389,Free,0.0,7637,170.3424820780175,0
TXN_104785,949,Free,,6485,28.785085006358372,0
TXN_104786,859,Free,0.0,7291,128.31785025791962,0
TXN_104787,453,Enterprise,29.99,15633,163.78737890694455,0
TXN_104788,738,Premium,29.99,4049,138.06189611083292,0
TXN_104789,174,Premium,0.0,10306,71.04630323457238,0
TXN_104790,972,Free,0.0,9429,141.46030344883638,0
TXN_104791,815,Free,499.0,9375,126.75185111722331,0
TXN_104792,660,Free,29.99,7293,45.674457340523546,0
TXN_104793,690,Free,0.0,14029,82.45338184140542,0
TXN_104794,540,Premium,0.0,8363,91.80309179653557,0
TXN_104795,340,Free,499.0,8256,59.57703938300149,0
TXN_104796,960,Enterprise,0.0,12373,132.82530398058765,0
TXN_104797,253,Free,499.0,7923,221.01075829737394,0
TXN_104798,885,Free,0.0,15056,118.869124633713,0
TXN_104799,195,Free,29.99,17767,88.75831794374515,0
TXN_104800,825,Free,0.0,7198,97.50280151076568,0
TXN_104801,393,Free,499.0,11016,19.608594671578786,0
TXN_104802,308,Free,29.99,18834,45.15132563682164,0
TXN_104803,442,Free,29.99,9022,147.0644928069563,0
TXN_104804,187,Premium,0.0,13030,103.75325055459497,0
TXN_104805,917,Premium,29.99,15031,46.964637263337025,0
TXN_104806,875,Free,0.0,10540,-999.0,0
TXN_104807,1036,Free,0.0,7941,107.39271258866198,0
TXN_104808,489,Premium,499.0,14078,149.45578769110537,0
TXN_104809,424,Unknown,499.0,13126,86.77712948426588,0
TXN_104810,1039,Premium,0.0,9191,212.78403505042235,0
TXN_104811,988,Free,,12553,59.52045162650664,0
TXN_104812,931,Premium,499.0,9999,78.72699714343054,0
TXN_104813,256,Premium,29.99,10080,42.19557736916882,0
TXN_104814,767,Free,29.99,5625,92.31725993910644,0
TXN_104815,750,Enterprise,499.0,9968,114.91537217589719,0
TXN_104816,732,Free,29.99,6521,154.40421400385048,0
TXN_104817,676,Unknown,29.99,10124,113.05496521468149,0
TXN_104818,718,Premium,29.99,13751,144.02828426838053,0
TXN_104819,758,Premium,0.0,9549,155.17359917945564,0
TXN_104820,236,Premium,499.0,10574,92.68617952910296,0
TXN_104821,1022,Free,29.99,8933,63.74175242512159,0
TXN_104822,773,Premium,29.99,6207,123.41854123394664,0
TXN_104823,527,Enterprise,0.0,9701,167.97625685322285,0
TXN_104824,551,Premium,0.0,11728,187.80823627122513,0
TXN_104825,711,Enterprise,0.0,5695,28.90888363408547,0
TXN_104826,949,Enterprise,0.0,10270,45.21516175279626,0
TXN_104827,1010,Unknown,499.0,11041,51.455540076177314,0
TXN_104828,918,Premium,0.0,7553,174.1888230156099,0
TXN_104829,240,Premium,0.0,11429,172.7375966506135,0
TXN_104830,182,Free,29.99,7955,112.98070104145152,0
TXN_104831,276,Premium,29.99,7475,118.94558529374329,0
TXN_104832,297,Free,0.0,5041,149.74614747324097,0
TXN_104833,723,Free,0.0,12317,138.79858135023656,0
TXN_104834,667,Free,499.0,14356,201.55041709183632,0
TXN_104835,790,Enterprise,0.0,6621,102.19816499327773,0
TXN_104836,520,Enterprise,499.0,5161,147.46577085244226,0
TXN_104837,500,Premium,0.0,12436,122.1052639802246,0
TXN_104838,797,Free,29.99,9046,170.71639204579765,0
TXN_104839,570,Premium,0.0,15116,147.7878695264009,0
TXN_104840,317,Premium,499.0,13929,117.30414364107376,0
TXN_104841,1024,Free,0.0,9992,96.70939777228934,0
TXN_104842,1028,Free,0.0,9004,109.12798635014728,0
TXN_104843,927,Free,0.0,9528,66.70153940849724,0
TXN_104844,828,Premium,499.0,6871,158.6581911855543,0
TXN_104845,731,Premium,499.0,11212,97.28436588832932,0
TXN_104846,1005,Free,0.0,3749,127.25469201436499,0
TXN_104847,274,Unknown,0.0,8780,51.285677242752485,0
TXN_104848,122,Free,499.0,14413,136.28432135601918,0
TXN_104849,824,Free,499.0,14770,97.70925946945704,0
TXN_104850,1016,Free,29.99,10856,238.4228105900334,0
TXN_104851,334,Free,499.0,11325,149.8257012944298,0
TXN_104852,112,Free,0.0,17210,23.990084896019354,0
TXN_104853,200,Free,0.0,8446,174.51302550654694,0
TXN_104854,1028,Premium,0.0,9697,129.64665806521853,0
TXN_104855,635,Free,29.99,9612,49.19012830813331,0
TXN_104856,975,Premium,0.0,15713,-999.0,1
TXN_104857,622,Premium,0.0,9716,72.59678040528547,0
TXN_104858,884,Free,0.0,7813,186.25309686474696,0
TXN_104859,551,Premium,29.99,10258,61.39421469055608,0
TXN_104860,530,Free,0.0,11484,121.97806759235475,1
TXN_104861,892,Enterprise,0.0,7913,79.77094135215121,0
TXN_104862,705,Enterprise,499.0,9881,90.89975285783308,0
TXN_104863,812,Free,0.0,10469,138.6995303215668,0
TXN_104864,632,Enterprise,0.0,12473,141.37615043358085,0
TXN_104865,951,Premium,29.99,8602,68.43018046888693,0
TXN_104866,822,Enterprise,499.0,5688,26.829429853105182,0
TXN_104867,751,Premium,29.99,11824,62.2602140088758,0
TXN_104868,392,Free,0.0,3231,103.20138297050936,0
TXN_104869,909,Enterprise,499.0,8957,145.6272316911325,0
TXN_104870,1012,Free,29.99,11613,142.07477157543542,0
TXN_104871,200,Free,0.0,5544,185.12196145979033,0
TXN_104872,601,Free,29.99,12265,149.5579144852467,0
TXN_104873,403,Free,29.99,7686,86.31027598980228,0
TXN_104874,970,Premium,29.99,17475,132.9418926486757,0
TXN_104875,639,Premium,499.0,7260,29.205522159395628,0
TXN_104876,652,Enterprise,29.99,9905,150.29690592166185,0
TXN_104877,454,Free,499.0,10313,150.0117855811784,0
TXN_104878,402,Unknown,29.99,2758,69.06319952709589,1
TXN_104879,595,Enterprise,0.0,7283,201.01862739422774,0
TXN_104880,757,Free,29.99,7986,156.3246674381079,0
TXN_104881,867,Free,0.0,9145,179.70935068495325,0
TXN_104882,326,Enterprise,0.0,9996,166.36280776467916,0
TXN_104883,335,Premium,499.0,12677,90.84910319452689,0
TXN_104884,972,Premium,29.99,17654,98.28084673089081,0
TXN_104885,991,Premium,0.0,13775,80.36062169319793,0
TXN_104886,554,Free,0.0,8585,12.413608278190011,0
TXN_104887,112,Free,0.0,7238,148.01775249472672,0
TXN_104888,309,Premium,499.0,12826,180.11120742255696,0
TXN_104889,840,Free,0.0,11204,116.09032103828798,0
TXN_104890,496,Premium,29.99,9422,255.17338901137876,0
TXN_104891,199,Enterprise,29.99,8370,93.56641531775983,0
TXN_104892,130,Premium,29.99,7231,62.452344504061976,0
TXN_104893,997,Unknown,0.0,7650,137.37458151356356,0
TXN_104894,627,Free,0.0,8747,123.49736330865038,0
TXN_104895,748,Premium,499.0,6955,159.6856709084519,0
TXN_104896,428,Premium,499.0,7898,138.28655034315267,0
TXN_104897,265,Unknown,29.99,6134,177.4712080510783,0
TXN_104898,558,Premium,29.99,12398,50.43575816708082,0
TXN_104899,921,Free,0.0,13419,119.13695821191918,0
TXN_104900,199,Unknown,0.0,9139,103.58825651289796,0
TXN_104901,720,Premium,499.0,9049,160.1635079130042,0
TXN_104902,954,Free,499.0,8110,83.08666241798724,0
TXN_104903,272,Premium,29.99,7332,75.77960821928644,0
TXN_104904,848,Enterprise,29.99,9296,117.75113364559108,0
TXN_104905,261,Premium,0.0,11687,130.55267847253205,0
TXN_104906,1004,Free,0.0,10825,142.35068037133962,0
TXN_104907,827,Enterprise,29.99,9662,78.7852010513898,0
TXN_104908,875,Premium,499.0,15239,154.3630743208726,0
TXN_104909,362,Premium,0.0,3270,65.56912338844468,0
TXN_104910,903,Free,0.0,15292,88.49445871694832,0
TXN_104911,373,Free,0.0,14066,115.45780254129207,0
TXN_104912,102,Premium,0.0,5168,166.88655484648876,0
TXN_104913,127,Enterprise,29.99,15267,62.78973049752163,0
TXN_104914,425,Free,,10545,157.73103914430592,0
TXN_104915,1039,Free,499.0,9326,118.75881057042237,1
TXN_104916,248,Free,499.0,5689,142.41344029842642,0
TXN_104917,639,Premium,29.99,10455,88.8322895058182,0
TXN_104918,587,Free,29.99,5636,114.58450146002909,0
TXN_104919,921,Free,,10851,136.12926336009235,0
TXN_104920,537,Free,0.0,8960,201.7846074052244,0
TXN_104921,164,Premium,499.0,3855,55.21351845984364,0
TXN_104922,455,Free,499.0,11445,91.30199056260678,0
TXN_104923,632,Free,0.0,11199,95.78113074343737,0
TXN_104924,351,Enterprise,29.99,8374,129.47888102870186,0
TXN_104925,334,Free,0.0,14818,51.94465124842212,0
TXN_104926,326,Free,0.0,11503,58.630820862384134,0
TXN_104927,624,Enterprise,0.0,10133,206.01020551046153,0
TXN_104928,412,Free,499.0,11387,111.5227336901116,0
TXN_104929,148,Premium,499.0,13189,99.90960315235026,0
TXN_104930,217,Free,0.0,6709,235.03126659398345,0
TXN_104931,153,Premium,0.0,8211,97.82800349443227,0
TXN_104932,749,Free,29.99,7234,99.29728799296021,1
TXN_104933,664,Enterprise,0.0,5194,124.66502015113247,0
TXN_104934,143,Free,29.99,9477,157.5547807041622,0
TXN_104935,914,Free,29.99,10042,47.507629151581185,0
TXN_104936,152,Premium,29.99,16892,206.2116894564389,0
TXN_104937,685,Unknown,0.0,5849,161.29528363066595,0
TXN_104938,657,Free,29.99,10437,148.4974209720335,0
TXN_104939,624,Enterprise,0.0,12684,93.23793535642793,0
TXN_104940,776,Free,0.0,4292,114.69038552342985,0
TXN_104941,201,Premium,0.0,7440,152.5679827802857,0
TXN_104942,891,Free,0.0,9537,94.92874597676669,0
TXN_104943,869,Premium,499.0,14578,165.22059064834843,0
TXN_104944,948,Free,29.99,9153,127.14018452955003,0
TXN_104945,967,Free,29.99,7005,51.20796469540342,0
TXN_104946,497,Free,29.99,8393,76.03783524069311,0
TXN_104947,237,Free,0.0,14435,93.2921605546141,0
TXN_104948,774,Enterprise,0.0,9036,109.53142785320945,1
TXN_104949,1020,Unknown,499.0,12996,113.41635181789434,0
TXN_104950,486,Premium,0.0,13624,93.09956713699967,0
TXN_104951,210,Free,29.99,12522,89.11012928382424,0
TXN_104952,713,Free,0.0,13341,112.82507952748443,0
TXN_104953,116,Premium,499.0,10326,111.02565591956665,0
TXN_104954,879,Unknown,499.0,5817,60.13681937225865,0
TXN_104955,281,Free,0.0,9450,123.90788123699672,0
TXN_104956,983,Enterprise,29.99,11533,145.36865312835093,0
TXN_104957,635,Unknown,0.0,9719,132.03587305380933,0
TXN_104958,640,Enterprise,29.99,11027,100.1124272937168,0
TXN_104959,270,Free,0.0,11747,134.15429873651703,0
TXN_104960,508,Free,0.0,9189,136.4098926457036,0
TXN_104961,839,Free,0.0,6272,141.37965229194467,0
TXN_104962,477,Premium,499.0,8019,141.83088806144715,0
TXN_104963,287,Free,499.0,10013,141.178810063756,0
TXN_104964,957,Free,0.0,9272,57.65249268756691,0
TXN_104965,329,Premium,29.99,17783,98.4709659890364,0
TXN_104966,932,Free,0.0,10233,77.68136843337814,0
TXN_104967,951,Free,0.0,5802,49.02079613316822,0
TXN_104968,218,Premium,499.0,8966,33.743201280093956,0
TXN_104969,255,Premium,0.0,6625,184.83710987970858,0
TXN_104970,883,Premium,29.99,5883,105.79387217547728,0
TXN_104971,786,Free,0.0,13780,188.29445797144362,0
TXN_104972,564,Premium,0.0,999999,177.89241288053506,0
TXN_104973,203,Premium,29.99,6399,88.23907231500162,0
TXN_104974,703,Free,499.0,7290,149.11372913765825,0
TXN_104975,797,Premium,499.0,12040,171.9851450698123,0
TXN_104976,894,Free,0.0,11601,114.79324742547666,0
TXN_104977,601,Free,499.0,14605,150.21791739477615,0
TXN_104978,792,Free,499.0,8859,136.35361154009408,0
TXN_104979,781,Free,0.0,10796,189.58683417570288,0
TXN_104980,798,Free,0.0,9654,107.75715539953603,0
TXN_104981,274,Enterprise,0.0,11707,148.11909581683983,0
TXN_104982,833,Free,0.0,5390,102.10860396096987,0
TXN_104983,844,Unknown,29.99,14714,74.87840990190378,0
TXN_104984,773,Premium,0.0,12852,62.44716017418318,0
TXN_104985,520,Free,0.0,10895,163.61712839936425,0
TXN_104986,233,Free,0.0,8496,158.31908454001373,0
TXN_104987,490,Premium,29.99,7040,145.20152088871805,0
TXN_104988,835,Premium,29.99,9505,157.78751979577424,0
TXN_104989,600,Free,29.99,15180,120.6468150754295,0
TXN_104990,764,Free,0.0,8840,121.60132102469723,0
TXN_104991,132,Premium,29.99,10136,148.50246474687876,0
TXN_104992,154,Free,0.0,6586,133.71830340614076,0
TXN_104993,618,Enterprise,499.0,13715,85.07696470280169,0
TXN_104994,855,Premium,0.0,10876,141.8286946597694,0
TXN_104995,924,Free,0.0,10735,158.14626673559104,0
TXN_104996,737,Free,0.0,7603,94.83448942161013,0
TXN_104997,111,Free,0.0,8697,-999.0,0
TXN_104998,627,Enterprise,0.0,7822,188.44879746211404,0
TXN_104999,819,Free,29.99,11552,105.92675257391345,0
TXN_105000,654,Free,499.0,11766,92.39201115612275,0
TXN_105001,472,Premium,0.0,4202,190.50498849503998,0
TXN_105002,583,Free,29.99,9651,-999.0,0
TXN_105003,746,Free,29.99,12859,153.90695538883256,0
TXN_105004,327,Enterprise,0.0,10027,59.35111183038257,0
TXN_105005,722,Free,0.0,10279,120.23718715731222,0
TXN_105006,406,Enterprise,0.0,10939,102.5839740145422,1
TXN_105007,556,Enterprise,499.0,12223,154.09226575794787,0
TXN_105008,259,Free,499.0,6844,157.4247631585595,0
TXN_105009,430,Free,0.0,6926,68.1394076255211,0
TXN_105010,875,Free,0.0,11434,167.17056782871688,0
TXN_105011,324,Premium,499.0,7207,147.719505684469,0
TXN_105012,828,Free,29.99,7166,173.75450846788854,0
TXN_105013,603,Unknown,499.0,15651,156.0609457318925,0
TXN_105014,555,Premium,0.0,4926,170.34005579521096,0
TXN_105015,144,Free,,12178,63.89129040635893,0
TXN_105016,313,Premium,499.0,10034,134.75209542274797,0
TXN_105017,158,Free,0.0,6028,198.0684613316844,0
TXN_105018,743,Enterprise,29.99,9810,109.08318874909389,0
TXN_105019,715,Premium,0.0,9221,133.56299066707584,0
TXN_105020,294,Free,0.0,14472,128.2639962204681,0
TXN_105021,1024,Free,29.99,13198,181.41475723750688,1
TXN_105022,588,Enterprise,0.0,5911,146.4171376866467,0
TXN_105023,256,Premium,29.99,8581,38.341968351465084,0
TXN_105024,709,Unknown,0.0,9972,103.5443621963494,0
TXN_105025,325,Free,29.99,5295,80.18416605191791,0
TXN_105026,511,Free,0.0,11801,119.32576503876392,1
TXN_105027,304,Free,499.0,11178,110.95815222430925,0
TXN_105028,178,Premium,0.0,16496,140.5092832189778,0
TXN_105029,223,Free,0.0,7355,213.5597439728158,0
TXN_105030,570,Free,29.99,7367,96.23021801841564,0
TXN_105031,1039,Premium,0.0,9998,37.85175449388261,0
TXN_105032,317,Premium,0.0,10344,121.69975176951772,0
TXN_105033,615,Free,0.0,12085,107.9992762001843,0
TXN_105034,701,Free,,11036,84.05400947326558,0
TXN_105035,203,Premium,0.0,10600,115.61748119583984,0
TXN_105036,492,Free,499.0,11222,57.1814053916949,0
TXN_105037,730,Free,29.99,10630,90.46575194881868,0
TXN_105038,744,Free,0.0,4720,74.18605492685548,0
TXN_105039,923,Premium,29.99,14328,67.75092822403242,0
TXN_105040,707,Enterprise,499.0,7868,123.06795375381773,0
TXN_105041,533,Free,29.99,8143,103.73331991732142,0
TXN_105042,430,Free,499.0,16205,162.747638339024,1
TXN_105043,242,Enterprise,0.0,3304,142.17386617708124,0
TXN_105044,899,Unknown,29.99,8281,136.5080978689801,0
TXN_105045,639,Premium,0.0,16830,188.7518551546163,0
TXN_105046,377,Unknown,0.0,8001,102.50199681786457,0
TXN_105047,332,Premium,29.99,6737,179.84406630718868,0
TXN_105048,628,Premium,29.99,14434,122.52939612334124,0
TXN_105049,670,Free,0.0,11788,140.13730211049068,0
TXN_105050,189,Free,0.0,6158,191.83104976318168,0
TXN_105051,591,Free,29.99,12733,176.18257165123026,0
TXN_105052,298,Enterprise,29.99,11392,113.82226339387793,0
TXN_105053,461,Enterprise,0.0,7446,143.63073628738104,0
TXN_105054,540,Premium,0.0,10754,102.53623461364019,0
TXN_105055,125,Free,499.0,8145,142.71940631705422,0
TXN_105056,124,Free,499.0,12177,152.31396236111644,0
TXN_105057,493,Free,0.0,12574,83.34895310940215,0
TXN_105058,606,Free,0.0,12102,109.52788928897537,0
TXN_105059,400,Premium,0.0,7694,203.87520008648573,0
TXN_105060,438,Enterprise,499.0,8271,129.38379200703744,0
TXN_105061,366,Free,499.0,11835,143.52193695606726,0
TXN_105062,560,Free,0.0,12719,125.67295913994543,0
TXN_105063,792,Premium,499.0,12298,73.37039188748216,0
TXN_105064,555,Free,0.0,5767,26.508347495320947,0
TXN_105065,459,Enterprise,0.0,13211,140.96145874057746,0
TXN_105066,167,Free,499.0,5085,51.58228467289642,0
TXN_105067,962,Free,499.0,10355,112.08270225191808,0
TXN_105068,511,Free,499.0,11565,142.54626394399747,0
TXN_105069,590,Free,29.99,14291,106.64371767474591,0
TXN_105070,932,Premium,0.0,11165,81.58673344379216,0
TXN_105071,148,Free,499.0,12409,134.62569180997198,0
TXN_105072,786,Free,29.99,11889,99.09847727542723,0
TXN_105073,663,Free,0.0,9705,162.54243725268336,0
TXN_105074,201,Free,29.99,14951,117.3546535458982,0
TXN_105075,315,Free,499.0,4331,125.5750614526007,0
TXN_105076,537,Premium,499.0,10831,172.20077657667179,0
TXN_105077,799,Premium,29.99,7284,107.57362512671511,0
TXN_105078,668,Enterprise,29.99,9151,66.34003698552547,0
TXN_105079,658,Free,0.0,6042,55.533197086922954,0
TXN_105080,258,Free,29.99,9259,131.15686107190854,0
TXN_105081,588,Free,29.99,5000,128.8699694765473,0
TXN_105082,785,Free,0.0,9532,129.53234377820428,0
TXN_105083,341,Premium,499.0,14006,154.86836806744355,0
TXN_105084,893,Enterprise,499.0,7577,114.80850281845632,0
TXN_105085,852,Premium,0.0,5418,224.83795798257194,0
TXN_105086,981,Free,499.0,5289,149.7539336993845,0
TXN_105087,104,Free,29.99,6408,110.15096972859206,0
TXN_105088,695,Enterprise,29.99,8232,50.863777174541525,0
TXN_105089,919,Free,499.0,8776,87.29516965416347,0
TXN_105090,460,Free,0.0,5554,176.27798256330192,0
TXN_105091,558,Unknown,499.0,15764,183.74046318751434,0
TXN_105092,347,Premium,0.0,8655,171.86207354284122,0
TXN_105093,665,Premium,499.0,9557,84.01290698682263,0
TXN_105094,772,Free,29.99,8094,-999.0,0
TXN_105095,1045,Free,0.0,5562,141.94304495446417,0
TXN_105096,521,Free,0.0,9122,181.85914665548333,0
TXN_105097,1022,Premium,0.0,8537,131.00879241323338,0
TXN_105098,837,Free,0.0,12689,99.4651040565916,0
TXN_105099,114,Enterprise,0.0,7980,73.71841582542184,0
TXN_105100,835,Enterprise,499.0,4341,147.27594863407506,0
TXN_105101,672,Premium,499.0,5357,30.935203466689003,0
TXN_105102,221,Free,499.0,8720,122.31304778521941,0
TXN_105103,376,Free,499.0,12029,174.9225353650834,0
TXN_105104,657,Premium,499.0,6099,143.0596646924164,0
TXN_105105,552,Premium,0.0,5758,143.58851137426768,0
TXN_105106,489,Premium,499.0,6890,70.71312450289724,0
TXN_105107,393,Free,499.0,6896,60.00318739227805,0
TXN_105108,673,Premium,0.0,12840,107.18762907173107,0
TXN_105109,697,Premium,29.99,12958,80.9905839304426,0
TXN_105110,545,Free,29.99,12008,109.80107758491155,0
TXN_105111,309,Premium,499.0,16538,150.83851225149795,0
TXN_105112,689,Premium,29.99,8689,140.43697719839872,0
TXN_105113,813,Free,,11395,105.03480595907328,0
TXN_105114,401,Free,0.0,10235,109.57889958957948,0
TXN_105115,1008,Premium,0.0,16488,99.41091677459534,0
TXN_105116,322,Free,,7909,141.39880531405115,0
TXN_105117,833,Premium,0.0,9478,235.02744417009924,0
TXN_105118,102,Premium,0.0,4584,90.62193508578439,1
TXN_105119,617,Enterprise,29.99,13058,85.33530725978835,0
TXN_105120,192,Premium,499.0,5920,126.75636548090274,0
TXN_105121,619,Free,0.0,8872,73.84752115413545,1
TXN_105122,527,Free,0.0,4503,144.38809315002175,0
TXN_105123,592,Enterprise,29.99,8784,223.10512882684242,0
TXN_105124,334,Free,29.99,9621,212.3281362913674,0
TXN_105125,719,Premium,0.0,5144,101.04705872614477,0
TXN_105126,260,Premium,499.0,8270,77.74898666967003,0
TXN_105127,820,Free,29.99,10958,165.77551072729042,0
TXN_105128,851,Free,499.0,5550,155.36038338117135,0
TXN_105129,430,Premium,0.0,20566,141.41796675596066,0
TXN_105130,432,Enterprise,29.99,7968,113.07635912349699,0
TXN_105131,149,Free,,11186,144.1109838191279,0
TXN_105132,622,Enterprise,29.99,8390,109.56453906241113,0
TXN_105133,962,Premium,0.0,9533,149.86699232063611,1
TXN_105134,767,Unknown,,9363,135.32717900420639,0
TXN_105135,591,Free,29.99,5823,115.99847283162934,0
TXN_105136,681,Free,499.0,10255,156.00078173830374,0
TXN_105137,780,Enterprise,0.0,7763,65.97665671016256,0
TXN_105138,371,Enterprise,29.99,14518,157.46857503569245,0
TXN_105139,679,Free,499.0,12529,160.95263941460914,0
TXN_105140,966,Premium,29.99,7094,82.57154769424005,0
TXN_105141,351,Enterprise,0.0,5433,79.54916262084433,0
TXN_105142,659,Free,0.0,10254,42.079632336193626,0
TXN_105143,795,Premium,0.0,9886,159.38302947002683,0
TXN_105144,931,Enterprise,0.0,14514,122.53717799127476,0
TXN_105145,798,Free,29.99,8813,74.35633441676742,0
TXN_105146,189,Free,0.0,6812,166.14755376928926,0
TXN_105147,545,Premium,0.0,7652,101.59795072337619,1
TXN_105148,431,Free,0.0,9246,87.92989809936125,1
TXN_105149,238,Free,29.99,8477,174.69176244002227,0
TXN_105150,456,Unknown,29.99,16021,80.85882397445727,0
TXN_105151,700,Premium,29.99,10439,115.77160237648307,0
TXN_105152,373,Enterprise,499.0,8953,106.49492799378518,0
TXN_105153,118,Enterprise,0.0,7405,109.30618900871401,0
TXN_105154,410,Free,29.99,13564,89.09504222393967,0
TXN_105155,969,Free,0.0,16469,162.68230799411464,0
TXN_105156,985,Free,0.0,9460,112.76679846374347,0
TXN_105157,253,Free,29.99,4432,102.18925613059119,0
TXN_105158,489,Premium,499.0,10567,117.19839147267302,0
TXN_105159,359,Premium,0.0,9182,89.65387688482812,0
TXN_105160,719,Free,0.0,7457,147.7115850022566,0
TXN_105161,982,Free,29.99,5818,108.20605067522908,0
TXN_105162,896,Free,29.99,8594,169.02484217011573,0
TXN_105163,670,Premium,0.0,10931,214.08850610148556,0
TXN_105164,224,Free,29.99,12800,81.50971630317858,0
TXN_105165,453,Free,,7911,25.1903665400458,0
TXN_105166,372,Premium,0.0,10917,112.69495602269434,0
TXN_105167,718,Free,0.0,7831,83.53158517212069,0
TXN_105168,910,Free,0.0,10019,79.8451226619513,0
TXN_105169,344,Premium,29.99,7847,91.71908056951644,0
TXN_105170,947,Free,0.0,8810,134.7144236477514,0
TXN_105171,549,Premium,,9838,28.374206227894675,0
TXN_105172,1029,Free,29.99,11506,166.8172751600759,0
TXN_105173,346,Free,0.0,8171,179.9992127852296,0
TXN_105174,619,Free,0.0,8814,79.10472402066857,0
TXN_105175,240,Enterprise,29.99,10101,-999.0,0
TXN_105176,461,Premium,0.0,15716,120.28131965093954,0
TXN_105177,107,Unknown,499.0,13349,108.65962270186628,0
TXN_105178,577,Premium,0.0,9246,118.2591323013259,0
TXN_105179,451,Premium,0.0,14999,119.38429674035888,0
TXN_105180,594,Free,29.99,5304,87.77852340473916,0
TXN_105181,705,Free,0.0,11766,115.03240890852773,0
TXN_105182,932,Free,29.99,17861,83.37554254903438,0
TXN_105183,526,Free,0.0,7401,143.7735062285761,0
TXN_105184,138,Free,29.99,12129,95.614974059318,1
TXN_105185,692,Free,29.99,10613,58.450979559181,0
TXN_105186,286,Free,29.99,3323,52.92246920537086,0
TXN_105187,695,Free,29.99,10266,121.01486458900078,0
TXN_105188,699,Free,0.0,13446,-999.0,0
TXN_105189,853,Premium,29.99,4490,86.47821062305849,0
TXN_105190,953,Enterprise,0.0,7623,158.75723901993027,0
TXN_105191,192,Free,29.99,8418,189.73582440311867,0
TXN_105192,185,Free,,8537,175.44676746197354,0
TXN_105193,143,Free,0.0,12229,185.09628781457667,0
TXN_105194,236,Enterprise,29.99,7567,162.5640022186449,0
TXN_105195,520,Free,0.0,13292,150.9662070865058,0
TXN_105196,173,Premium,29.99,14672,154.1988037996489,0
TXN_105197,647,Free,499.0,6999,150.2733345621022,1
TXN_105198,712,Free,0.0,5463,125.10672284830409,0
TXN_105199,611,Free,499.0,11259,134.36562683391926,0
TXN_105200,255,Free,0.0,12370,130.3080376458982,0
TXN_105201,1037,Enterprise,29.99,5421,205.93752780192722,0
TXN_105202,354,Free,29.99,10563,123.35470731733398,0
TXN_105203,270,Premium,0.0,15337,125.49199041920208,0
TXN_105204,827,Premium,499.0,5246,170.13383684611466,0
TXN_105205,269,Premium,0.0,11903,137.09449201834926,0
TXN_105206,863,Free,499.0,3808,148.38761569820178,0
TXN_105207,971,Free,29.99,5632,125.98377753389441,0
TXN_105208,421,Free,29.99,10947,123.5535277326752,0
TXN_105209,666,Free,499.0,8784,162.6242878978412,0
TXN_105210,555,Premium,0.0,5822,43.59011180091994,0
TXN_105211,1043,Free,0.0,18126,130.12056348292052,0
TXN_105212,702,Premium,499.0,13715,41.16162513250741,0
TXN_105213,889,Free,0.0,14462,44.09679753401075,1
TXN_105214,712,Enterprise,29.99,9686,19.541455198435756,0
TXN_105215,254,Free,499.0,14501,144.00585097083444,0
TXN_105216,988,Free,29.99,13132,64.25646400645178,0
TXN_105217,448,Enterprise,0.0,13184,90.29564041251376,0
TXN_105218,550,Free,0.0,8618,-999.0,0
TXN_105219,975,Unknown,0.0,9929,103.8435673357061,0
TXN_105220,752,Free,0.0,3921,95.16352750185082,0
TXN_105221,272,Free,0.0,8041,172.28367165095455,0
TXN_105222,109,Premium,499.0,10784,139.25870412767674,0
TXN_105223,839,Enterprise,0.0,7636,101.3829526723453,0
TXN_105224,364,Free,499.0,9256,134.7842795509846,0
TXN_105225,537,Enterprise,499.0,9300,67.40939262325959,0
TXN_105226,859,Premium,499.0,10781,91.59208877976756,0
TXN_105227,346,Enterprise,0.0,12100,186.70487933489312,0
TXN_105228,766,Free,29.99,13176,59.77269978088121,0
TXN_105229,645,Free,0.0,14471,88.79239005609293,0
TXN_105230,598,Enterprise,0.0,11123,102.33225902801624,0
TXN_105231,228,Enterprise,29.99,10187,91.58574625734974,0
TXN_105232,771,Free,499.0,5783,135.8995529038723,0
TXN_105233,700,Free,0.0,7179,126.35646822489518,0
TXN_105234,704,Free,0.0,12541,144.01037952751096,0
TXN_105235,426,Premium,0.0,10808,149.4400976887564,0
TXN_105236,852,Free,499.0,9355,144.00440796733042,0
TXN_105237,934,Free,499.0,12165,181.59676527363487,0
TXN_105238,503,Free,0.0,10823,163.6096476659202,0
TXN_105239,728,Premium,0.0,9024,109.75591067015975,0
TXN_105240,705,Free,499.0,6922,184.78907206820907,0
TXN_105241,774,Free,0.0,12634,92.84922315520055,0
TXN_105242,710,Premium,29.99,8844,100.05968951843994,0
TXN_105243,724,Premium,0.0,11663,123.64780633637956,0
TXN_105244,458,Free,0.0,11030,157.08297767952052,0
TXN_105245,702,Free,29.99,7271,133.1783826740055,0
TXN_105246,957,Premium,499.0,5887,113.15267275586224,0
TXN_105247,817,Enterprise,0.0,22230,113.58368670225765,0
TXN_105248,116,Premium,0.0,7717,171.60021010359986,0
TXN_105249,373,Enterprise,0.0,5858,117.08193861135165,0
TXN_105250,784,Premium,29.99,13725,152.2180596961563,0
TXN_105251,215,Premium,499.0,10197,19.18789122458395,0
TXN_105252,960,Free,499.0,9366,36.70997283217008,0
TXN_105253,792,Free,0.0,7981,177.92362594457265,0
TXN_105254,190,Free,499.0,7660,12.299011814773266,0
TXN_105255,181,Free,0.0,11976,37.6307721295553,0
TXN_105256,423,Premium,0.0,8786,120.0265938294365,0
TXN_105257,213,Free,499.0,8277,159.55463724978435,0
TXN_105258,868,Premium,0.0,8267,21.521956739748234,0
TXN_105259,157,Free,0.0,14108,118.34074660663997,0
TXN_105260,253,Free,0.0,4345,154.67772264037592,0
TXN_105261,976,Unknown,29.99,10781,95.66218117921628,0
TXN_105262,503,Free,29.99,8426,107.21566464646112,0
TXN_105263,727,Free,0.0,8811,155.75028215914955,1
TXN_105264,954,Free,499.0,10237,-999.0,0
TXN_105265,365,Enterprise,499.0,7889,115.28190822744268,0
TXN_105266,414,Free,499.0,9478,83.42296553803762,0
TXN_105267,814,Premium,29.99,10544,88.16134176764865,0
TXN_105268,140,Free,0.0,8332,133.12727708304408,0
TXN_105269,204,Premium,0.0,10013,105.77221380962318,0
TXN_105270,1000,Free,29.99,6280,77.06624614384128,0
TXN_105271,989,Premium,499.0,6368,67.08047000323376,0
TXN_105272,292,Enterprise,,12386,19.41897222255764,0
TXN_105273,500,Premium,0.0,5954,88.35687442269162,0
TXN_105274,377,Premium,0.0,12757,119.36396108116097,0
TXN_105275,453,Premium,0.0,9269,175.36337227784384,0
TXN_105276,848,Premium,0.0,6859,-999.0,0
TXN_105277,1036,Free,29.99,14149,103.1931760751573,0
TXN_105278,832,Premium,,9608,97.6693924431396,0
TXN_105279,679,Free,29.99,7485,92.08873327684984,0
TXN_105280,808,Free,29.99,4469,46.92338833418694,0
TXN_105281,355,Free,29.99,14250,61.05739473609198,0
TXN_105282,750,Free,0.0,10363,100.2869824143449,0
TXN_105283,923,Free,499.0,10133,111.05298075151,0
TXN_105284,1046,Premium,29.99,10891,101.78738266236422,0
TXN_105285,760,Free,0.0,8158,67.8055661542536,0
TXN_105286,198,Free,29.99,8547,97.2606239876528,0
TXN_105287,687,Premium,29.99,7563,76.2618173313403,0
TXN_105288,381,Free,0.0,14466,175.14469347314576,0
TXN_105289,982,Premium,0.0,10671,154.05220425243482,0
TXN_105290,502,Premium,0.0,6009,111.61376403596489,0
TXN_105291,208,Unknown,0.0,11677,172.38121943411105,0
TXN_105292,799,Premium,0.0,9321,137.98727772181255,0
TXN_105293,298,Free,29.99,7572,127.68943151136554,0
TXN_105294,402,Free,29.99,8740,123.09097665391528,0
TXN_105295,426,Free,29.99,7537,50.054051361107426,0
TXN_105296,253,Enterprise,,6439,140.01755203086168,0
TXN_105297,651,Free,29.99,17400,161.3397966939421,0
TXN_105298,744,Free,29.99,9073,145.08890597299782,0
TXN_105299,504,Free,499.0,13462,124.18723913062723,0
TXN_105300,561,Enterprise,29.99,10762,136.62725956820856,0
TXN_105301,231,Free,0.0,10021,145.2212817499572,0
TXN_105302,890,Unknown,0.0,12653,158.55530011221725,0
TXN_105303,973,Free,29.99,13279,142.1153027827984,0
TXN_105304,183,Free,29.99,9832,182.21225893623009,0
TXN_105305,498,Free,,21489,97.52273429811083,0
TXN_105306,853,Enterprise,29.99,8982,108.61231668728598,0
TXN_105307,727,Enterprise,499.0,14049,156.1188852615301,0
TXN_105308,208,Free,0.0,9585,144.105120401231,0
TXN_105309,320,Free,29.99,7035,137.84640070512975,1
TXN_105310,1003,Premium,499.0,12724,172.33851297785972,0
TXN_105311,652,Free,0.0,8899,58.68577006382524,0
TXN_105312,467,Free,0.0,12776,139.18653182682286,0
TXN_105313,246,Free,0.0,13157,96.08441327807785,0
TXN_105314,211,Free,499.0,3365,151.5867539329614,0
TXN_105315,714,Free,0.0,12921,96.06425578148331,0
TXN_105316,657,Free,29.99,3917,161.711023658446,0
TXN_105317,1023,Free,0.0,6221,173.63128413133416,0
TXN_105318,593,Enterprise,0.0,10431,89.20515264706286,0
TXN_105319,604,Free,,10808,66.26074796899967,0
TXN_105320,574,Premium,0.0,12142,136.67552880654188,0
TXN_105321,935,Free,0.0,10247,176.36867408464218,0
TXN_105322,989,Premium,0.0,10810,187.51401468355948,0
TXN_105323,370,Free,29.99,6563,197.3585800229653,0
TXN_105324,520,Premium,0.0,8582,77.23421159010668,0
TXN_105325,996,Free,29.99,11825,105.09011382858277,0
TXN_105326,806,Enterprise,,6299,87.5904347206098,0
TXN_105327,466,Free,0.0,14175,113.13006337247738,0
TXN_105328,379,Free,0.0,15562,129.11949856715725,0
TXN_105329,382,Unknown,29.99,9496,160.1023114177958,0
TXN_105330,139,Premium,29.99,15753,146.60008789483288,0
TXN_105331,288,Free,0.0,12528,175.62675305311853,0
TXN_105332,263,Enterprise,29.99,6534,103.71344690642792,0
TXN_105333,635,Free,,15272,184.8698526294665,0
TXN_105334,635,Free,0.0,7049,118.34009925459121,0
TXN_105335,103,Unknown,29.99,13319,136.78765691089663,0
TXN_105336,934,Free,0.0,9119,189.78613700139005,0
TXN_105337,389,Enterprise,29.99,12234,35.616464758993615,0
TXN_105338,532,Free,0.0,13454,122.9962976109562,0
TXN_105339,570,Premium,29.99,6419,41.38196394827811,0
TXN_105340,280,Premium,29.99,5142,55.676905242623974,0
TXN_105341,347,Unknown,0.0,8393,122.61176850471759,0
TXN_105342,727,Premium,499.0,9557,76.96463376469569,1
TXN_105343,378,Free,29.99,8271,139.74314035936925,0
TXN_105344,976,Premium,0.0,12116,123.38087406838874,0
TXN_105345,680,Free,499.0,11047,87.53246765739482,0
TXN_105346,962,Premium,0.0,7793,49.88710800747951,1
TXN_105347,353,Enterprise,29.99,5198,171.71901010670052,0
TXN_105348,280,Free,0.0,11128,127.59971556479591,0
TXN_105349,929,Premium,29.99,10869,81.77110553701476,0
TXN_105350,780,Free,0.0,9193,85.17480578010336,0
TXN_105351,924,Free,0.0,4497,71.41529106667583,0
TXN_105352,608,Free,0.0,8378,124.17036235177869,0
TXN_105353,860,Premium,29.99,11531,155.2086715471769,0
TXN_105354,799,Free,29.99,11671,139.22238475860587,0
TXN_105355,665,Premium,29.99,9701,174.9098340054669,0
TXN_105356,425,Free,499.0,7127,133.25352859670565,0
TXN_105357,456,Premium,499.0,9735,187.53586207513945,0
TXN_105358,924,Free,29.99,7486,117.64275779826953,0
TXN_105359,749,Enterprise,29.99,13981,35.69988088390477,0
TXN_105360,779,Free,0.0,7492,61.72200442825859,0
TXN_105361,490,Premium,499.0,8707,104.03384857129498,0
TXN_105362,714,Free,499.0,11032,105.41133628270433,0
TXN_105363,1033,Premium,0.0,9070,88.13334653117437,0
TXN_105364,184,Free,29.99,15287,143.63909728727072,0
TXN_105365,416,Premium,499.0,6612,169.6466004502602,0
TXN_105366,311,Free,0.0,5749,18.21692439950654,0
TXN_105367,614,Premium,0.0,13853,153.22384629343037,0
TXN_105368,483,Free,0.0,4103,96.4510745725581,0
TXN_105369,790,Free,0.0,7016,43.086817589484866,0
TXN_105370,441,Free,0.0,10761,60.57922368076167,0
TXN_105371,914,Free,0.0,4898,96.4716305429564,0
TXN_105372,943,Free,0.0,10038,92.97676733373308,0
TXN_105373,137,Enterprise,499.0,12263,77.07840354697616,0
TXN_105374,610,Unknown,0.0,14127,60.541885890120675,0
TXN_105375,519,Premium,0.0,12444,204.83237410632435,0
TXN_105376,850,Free,0.0,13306,122.70925294325465,0
TXN_105377,268,Free,0.0,13368,146.26366107525865,0
TXN_105378,1008,Premium,,8982,164.04669077830005,0
TXN_105379,442,Free,499.0,5634,95.69090099375519,0
TXN_105380,925,Enterprise,29.99,8418,109.15801955452956,0
TXN_105381,405,Free,29.99,13644,127.06454617049776,0
TXN_105382,641,Unknown,29.99,8767,-999.0,0
TXN_105383,801,Free,0.0,11723,71.84315545884525,0
TXN_105384,968,Premium,0.0,8226,214.53588283874802,0
TXN_105385,636,Free,0.0,6930,234.43646939837447,0
TXN_105386,211,Enterprise,,11407,49.73687210046093,0
TXN_105387,510,Free,0.0,9508,144.40693846835921,0
TXN_105388,1046,Premium,29.99,8187,143.60946129283775,0
TXN_105389,305,Enterprise,0.0,9555,131.26442851772032,0
TXN_105390,284,Free,0.0,9433,80.28275097843296,0
TXN_105391,481,Free,29.99,8560,74.94262078781773,0
TXN_105392,595,Free,0.0,3842,177.38170791384732,0
TXN_105393,478,Free,499.0,13154,200.54114179182108,0
TXN_105394,146,Free,0.0,8622,117.53272872972792,0
TXN_105395,985,Free,0.0,9173,57.280699173503315,0
TXN_105396,839,Free,29.99,10809,110.19859500000796,1
TXN_105397,650,Premium,499.0,6041,97.70911846398552,0
TXN_105398,627,Premium,0.0,12330,83.84651002245502,0
TXN_105399,603,Free,29.99,15108,108.3445533383333,0
TXN_105400,121,Enterprise,499.0,10743,157.11699045819606,0
TXN_105401,312,Enterprise,0.0,6991,158.34596395471237,0
TXN_105402,409,Premium,499.0,2889,130.31594644064415,0
TXN_105403,760,Free,0.0,10581,136.8019719625883,0
TXN_105404,852,Free,0.0,9274,130.37648184966827,0
TXN_105405,371,Premium,29.99,5377,90.77590152161012,1
TXN_105406,670,Premium,0.0,16051,177.6281037469676,0
TXN_105407,898,Free,29.99,17278,58.892235107829215,0
TXN_105408,1037,Premium,29.99,16486,138.00440128398128,0
TXN_105409,301,Free,0.0,10664,135.58583721838679,0
TXN_105410,131,Free,499.0,7400,208.59942814478933,0
TXN_105411,542,Premium,29.99,12607,65.41798398452934,0
TXN_105412,261,Premium,29.99,10303,109.88692907354888,0
TXN_105413,866,Free,0.0,14020,78.88660290448837,0
TXN_105414,353,Premium,0.0,14498,179.2348351790581,0
TXN_105415,620,Enterprise,29.99,14944,84.340057378881,0
TXN_105416,750,Premium,499.0,10119,99.29340984351701,0
TXN_105417,579,Premium,0.0,6397,186.4148858752663,0
TXN_105418,109,Free,29.99,13943,73.54745930294561,0
TXN_105419,825,Free,29.99,9813,101.06956982831562,0
TXN_105420,604,Free,0.0,3796,166.08481042526927,0
TXN_105421,884,Premium,499.0,13704,190.11527842402975,0
TXN_105422,935,Premium,0.0,10161,91.24090096499098,0
TXN_105423,659,Free,0.0,19108,171.91864899170378,0
TXN_105424,535,Free,0.0,12861,125.94606648035587,0
TXN_105425,210,Free,0.0,11645,106.00053438510186,0
TXN_105426,252,Free,0.0,6155,162.65642122668922,0
TXN_105427,734,Enterprise,499.0,12691,98.27532505008405,0
TXN_105428,1016,Premium,29.99,7206,57.19936291343965,0
TXN_105429,968,Free,0.0,8092,29.42737156533653,0
TXN_105430,201,Premium,29.99,8877,133.19173362818165,0
TXN_105431,852,Premium,29.99,14726,133.28802862857043,0
TXN_105432,932,Premium,0.0,7749,128.80181865605178,0
TXN_105433,290,Free,0.0,8786,79.38989710193131,0
TXN_105434,828,Free,0.0,12779,156.61975786417116,0
TXN_105435,662,Free,0.0,9566,-999.0,1
TXN_105436,903,Enterprise,499.0,10968,169.09252159012254,0
TXN_105437,180,Premium,29.99,11805,113.02896948555549,0
TXN_105438,588,Premium,499.0,11999,135.9051081851754,0
TXN_105439,994,Free,499.0,7655,119.22991043405312,0
TXN_105440,187,Free,0.0,10574,65.92807276084957,0
TXN_105441,293,Free,499.0,6991,133.26512791922192,0
TXN_105442,203,Unknown,0.0,5945,108.05861949224064,0
TXN_105443,882,Free,0.0,11705,87.86892035844271,0
TXN_105444,195,Free,29.99,12223,199.71594180176572,0
TXN_105445,522,Unknown,0.0,13463,43.85475761261698,0
TXN_105446,990,Premium,0.0,11012,118.02241649011428,0
TXN_105447,297,Premium,29.99,9059,115.56085678018636,0
TXN_105448,100,Free,499.0,10882,133.07816905829387,0
TXN_105449,506,Premium,0.0,15969,93.50469802987344,0
TXN_105450,477,Free,0.0,15208,17.09841053871159,0
TXN_105451,266,Premium,29.99,8231,92.15949895147402,0
TXN_105452,608,Free,29.99,13931,93.7336753805066,0
TXN_105453,737,Free,0.0,10314,181.86681397710467,0
TXN_105454,412,Premium,499.0,7785,142.66587279545675,0
TXN_105455,692,Premium,29.99,4545,138.29570701304837,0
TXN_105456,517,Premium,29.99,14806,190.31688510617175,0
TXN_105457,862,Free,499.0,16095,160.83630814440892,0
TXN_105458,780,Free,499.0,13768,209.06969048145513,0
TXN_105459,576,Premium,0.0,10258,107.1977919148695,0
TXN_105460,172,Premium,0.0,11939,162.6424682304343,0
TXN_105461,240,Unknown,499.0,8425,112.12620032771441,0
TXN_105462,681,Premium,,15196,74.01706227301634,0
TXN_105463,361,Free,29.99,8170,90.42936556591792,0
TXN_105464,439,Enterprise,0.0,8961,126.04486412912783,0
TXN_105465,407,Free,29.99,11768,-999.0,0
TXN_105466,344,Free,0.0,10262,178.2059501360704,0
TXN_105467,614,Free,,12304,64.76782959371397,1
TXN_105468,436,Free,0.0,14316,112.08206902341726,1
TXN_105469,674,Premium,499.0,7059,101.72527385412951,0
TXN_105470,660,Premium,0.0,6437,229.9296933985515,0
TXN_105471,175,Premium,499.0,4871,113.4758391431036,0
TXN_105472,979,Free,0.0,15773,91.93700968493928,0
TXN_105473,274,Free,499.0,10770,114.07312859235353,0
TXN_105474,208,Free,,13293,149.37229449751672,0
TXN_105475,282,Premium,29.99,14059,194.14405202822252,0
TXN_105476,291,Free,29.99,7671,28.87973960273868,0
TXN_105477,164,Enterprise,0.0,6456,100.58306650565214,0
TXN_105478,948,Free,29.99,7528,110.7631299024441,0
TXN_105479,573,Free,499.0,7594,114.47362551087949,0
TXN_105480,882,Premium,0.0,14235,233.553944633015,0
TXN_105481,199,Enterprise,499.0,6812,108.53506995922137,0
TXN_105482,643,Free,29.99,11744,209.06616625857026,0
TXN_105483,963,Premium,0.0,11190,91.29504111276233,0
TXN_105484,227,Unknown,0.0,7779,57.27398405249903,0
TXN_105485,551,Unknown,0.0,9212,148.37579511773663,0
TXN_105486,1013,Premium,0.0,9801,111.04633355223282,0
TXN_105487,468,Premium,499.0,15545,57.693697636930494,0
TXN_105488,950,Free,29.99,19536,158.44796040151965,0
TXN_105489,142,Enterprise,0.0,6882,176.42724464579697,0
TXN_105490,983,Free,0.0,13942,138.2686403663332,0
TXN_105491,518,Unknown,29.99,7132,134.7512486836533,0
TXN_105492,587,Free,0.0,12834,130.94930772653856,0
TXN_105493,177,Free,0.0,5517,150.56165820606196,0
TXN_105494,925,Premium,0.0,13002,164.88452670666274,0
TXN_105495,900,Free,499.0,6243,67.6103578808771,0
TXN_105496,369,Free,0.0,10722,100.97547569789897,0
TXN_105497,773,Premium,0.0,9818,123.75961368690534,0
TXN_105498,800,Premium,,11606,115.34250484300067,0
TXN_105499,858,Premium,0.0,14912,136.4792877064964,0
TXN_105500,999,Free,499.0,10872,-999.0,1
TXN_105501,827,Premium,0.0,5041,128.76522750182068,0
TXN_105502,414,Free,0.0,10567,92.18592359598001,0
TXN_105503,1024,Free,0.0,10851,91.34391172300548,0
TXN_105504,950,Premium,0.0,8803,192.24840170923534,1
TXN_105505,1001,Enterprise,0.0,5937,103.7087349124668,0
TXN_105506,988,Free,0.0,8632,268.6591617287597,0
TXN_105507,1044,Premium,0.0,13090,41.96503826112968,0
TXN_105508,267,Free,0.0,10710,95.75400034250126,0
TXN_105509,438,Free,29.99,7668,143.29635442352685,0
TXN_105510,292,Free,499.0,8859,139.5284691229481,0
TXN_105511,552,Unknown,499.0,10966,75.59181889323145,0
TXN_105512,382,Enterprise,29.99,6016,233.32352617971583,0
TXN_105513,435,Premium,499.0,13435,91.33661025821417,0
TXN_105514,489,Premium,0.0,14741,83.83766032365837,0
TXN_105515,624,Premium,0.0,12609,116.16480746132432,0
TXN_105516,339,Free,0.0,11900,68.49163839411335,0
TXN_105517,931,Free,499.0,10678,83.4923493156108,0
TXN_105518,582,Free,499.0,9588,89.05419487632413,0
TXN_105519,758,Premium,29.99,8092,54.81008404500068,0
TXN_105520,815,Enterprise,0.0,999999,131.05130694083556,0
TXN_105521,691,Free,29.99,13341,69.22083552443729,0
TXN_105522,990,Free,0.0,8516,133.21074353115785,0
TXN_105523,654,Free,29.99,9446,73.28910898167098,0
TXN_105524,557,Enterprise,29.99,11505,168.80527630123086,0
TXN_105525,188,Free,0.0,11956,152.38492518428404,0
TXN_105526,759,Free,0.0,12308,148.7673820807692,0
TXN_105527,194,Premium,499.0,6070,116.3749709130191,1
TXN_105528,551,Premium,29.99,14353,182.03054189891014,0
TXN_105529,527,Free,0.0,6658,135.24419021983988,0
TXN_105530,250,Free,0.0,12935,97.68274378345285,0
TXN_105531,613,Premium,,4309,68.2307956231253,0
TXN_105532,475,Free,0.0,10841,142.01321982912032,0
TXN_105533,121,Unknown,0.0,8357,78.31953159347394,0
TXN_105534,982,Premium,29.99,9320,142.6613162373303,0
TXN_105535,412,Free,29.99,14988,116.71944253874946,0
TXN_105536,939,Free,0.0,10822,120.43351412456732,0
TXN_105537,618,Free,0.0,10729,157.71796180283908,0
TXN_105538,305,Free,0.0,14584,165.9609135616581,0
TXN_105539,474,Enterprise,29.99,10750,105.16596721995623,0
TXN_105540,550,Enterprise,0.0,7096,124.87822373992825,0
TXN_105541,725,Free,29.99,7015,171.68560197228936,0
TXN_105542,883,Free,499.0,7260,191.24633271509276,0
TXN_105543,694,Free,499.0,14187,148.31786162729728,0
TXN_105544,278,Free,29.99,6785,218.09575875049478,0
TXN_105545,309,Premium,29.99,14855,68.47600200968995,0
TXN_105546,599,Free,499.0,10997,87.13892884422671,0
TXN_105547,563,Unknown,499.0,15021,20.383370901153043,0
TXN_105548,939,Free,499.0,9977,82.1888876104462,0
TXN_105549,223,Premium,0.0,10208,69.63353249385105,0
TXN_105550,212,Enterprise,0.0,9143,161.2275994596619,0
TXN_105551,111,Free,,11485,125.35136346922428,0
TXN_105552,225,Free,,12523,206.23607099634583,0
TXN_105553,664,Free,29.99,12044,142.3789939413875,0
TXN_105554,430,Free,,6945,45.60877777856287,0
TXN_105555,1000,Unknown,499.0,12542,58.08319468680303,0
TXN_105556,382,Enterprise,29.99,8471,108.16003346136432,0
TXN_105557,239,Enterprise,0.0,14882,103.31712529596969,0
TXN_105558,500,Enterprise,29.99,9446,132.25928301581195,0
TXN_105559,1001,Free,29.99,10637,56.89203615617573,0
TXN_105560,196,Enterprise,,11812,104.65668350555109,0
TXN_105561,616,Unknown,29.99,13329,170.19466333387697,0
TXN_105562,668,Free,499.0,10357,126.89788942779457,0
TXN_105563,1023,Free,499.0,6316,123.4546990158552,0
TXN_105564,945,Premium,0.0,5590,164.2661277665821,0
TXN_105565,168,Free,0.0,13115,92.12220369577616,0
TXN_105566,217,Free,29.99,11799,58.189912526135956,0
TXN_105567,987,Enterprise,0.0,8916,69.4269252623035,0
TXN_105568,158,Enterprise,29.99,9133,164.99214190950025,0
TXN_105569,132,Free,0.0,8224,98.57900622657911,0
TXN_105570,417,Free,0.0,8051,86.51994683394379,0
TXN_105571,149,Enterprise,0.0,11148,103.57007227778684,0
TXN_105572,979,Premium,0.0,13312,92.15719889343113,0
TXN_105573,588,Free,0.0,6674,108.37987210188672,0
TXN_105574,118,Premium,,9008,132.94519544664334,0
TXN_105575,825,Enterprise,0.0,13503,73.90992259872768,0
TXN_105576,296,Enterprise,499.0,15979,23.325483041330017,0
TXN_105577,990,Free,,10619,91.1663413887678,0
TXN_105578,549,Free,499.0,7923,103.79428576677648,0
TXN_105579,658,Enterprise,29.99,9885,165.13346628034958,0
TXN_105580,778,Free,499.0,11853,137.7521788539255,0
TXN_105581,551,Premium,0.0,16117,86.90550272568615,0
TXN_105582,388,Free,0.0,16241,134.34972989982134,0
TXN_105583,240,Free,499.0,7816,-999.0,0
TXN_105584,183,Free,0.0,7305,176.00656463023367,0
TXN_105585,793,Free,,6550,99.68575135257561,1
TXN_105586,490,Enterprise,29.99,10050,128.9532898578455,0
TXN_105587,690,Free,0.0,15690,157.66254296329816,0
TXN_105588,314,Enterprise,0.0,11061,191.30029074446756,0
TXN_105589,625,Enterprise,29.99,10456,115.82612480891322,0
TXN_105590,314,Free,29.99,5217,124.58854043408988,0
TXN_105591,502,Premium,29.99,7296,108.75492589648566,0
TXN_105592,227,Free,0.0,9719,82.74937239017592,0
TXN_105593,921,Premium,0.0,10190,102.05361980460152,0
TXN_105594,576,Premium,0.0,7379,149.86000090471026,0
TXN_105595,859,Free,0.0,6348,213.5061536496102,0
TXN_105596,503,Free,0.0,7865,72.25384908709846,0
TXN_105597,128,Premium,0.0,17444,172.6539680949003,0
TXN_105598,891,Enterprise,0.0,12837,197.86559574909307,0
TXN_105599,437,Free,29.99,15347,111.76231744625113,0
TXN_105600,930,Premium,29.99,8072,126.14059113642887,0
TXN_105601,813,Free,0.0,7198,121.25467336972575,0
TXN_105602,460,Enterprise,29.99,10217,197.1633478202432,0
TXN_105603,668,Free,29.99,13034,72.0777833777617,0
TXN_105604,491,Premium,29.99,6390,114.96956923266228,0
TXN_105605,317,Free,29.99,7017,144.31224955991692,0
TXN_105606,673,Premium,0.0,11028,89.42652965199478,0
TXN_105607,768,Enterprise,0.0,4442,45.27954955274079,0
TXN_105608,301,Premium,0.0,11176,79.54358314889213,0
TXN_105609,116,Premium,0.0,10253,61.53897969621748,0
TXN_105610,421,Premium,29.99,10307,136.6469976808474,0
TXN_105611,617,Enterprise,499.0,9313,174.2643190036576,0
TXN_105612,669,Premium,0.0,6912,132.94794676201874,0
TXN_105613,424,Enterprise,29.99,10759,68.6201801889537,0
TXN_105614,511,Premium,499.0,8963,143.71615113609778,0
TXN_105615,417,Premium,0.0,11150,108.24581555674139,0
TXN_105616,780,Free,499.0,9261,193.53111296499998,0
TXN_105617,181,Premium,0.0,14893,105.08932667662316,0
TXN_105618,573,Free,499.0,7294,86.61312940745262,0
TXN_105619,567,Enterprise,0.0,12652,147.950202543822,0
TXN_105620,524,Premium,0.0,8882,98.9590113775803,0
TXN_105621,1044,Unknown,29.99,9292,123.04673228069107,0
TXN_105622,830,Free,499.0,7683,50.12209906735529,0
TXN_105623,788,Free,0.0,5446,98.49924302930448,0
TXN_105624,303,Enterprise,499.0,12792,127.38087417511757,0
TXN_105625,682,Free,29.99,13770,136.28562498459118,0
TXN_105626,486,Free,0.0,10955,99.6324530314428,0
TXN_105627,877,Enterprise,29.99,6013,178.38522130018737,0
TXN_105628,197,Premium,29.99,8280,74.88281174083463,0
TXN_105629,444,Free,0.0,10099,151.42483091595363,0
TXN_105630,902,Enterprise,499.0,9061,177.10211786399668,0
TXN_105631,307,Free,499.0,11733,112.62131281772086,0
TXN_105632,613,Enterprise,29.99,7437,240.8409237189636,0
TXN_105633,735,Free,,8081,72.03035095524358,0
TXN_105634,891,Premium,0.0,14121,105.35134203171872,0
TXN_105635,685,Free,0.0,13314,122.91184214881281,0
TXN_105636,265,Premium,499.0,12612,129.70221076704397,0
TXN_105637,121,Free,499.0,6626,140.54059656609235,0
TXN_105638,253,Enterprise,0.0,10596,101.33606388605357,0
TXN_105639,1038,Free,0.0,5787,144.77322655112852,0
TXN_105640,538,Free,499.0,7930,151.57491954108198,0
TXN_105641,394,Premium,0.0,9520,78.0995922375147,0
TXN_105642,318,Free,0.0,6453,149.52555823930123,0
TXN_105643,768,Free,29.99,9661,141.1106680341351,0
TXN_105644,594,Free,,10528,161.6453644071984,0
TXN_105645,329,Free,499.0,6825,109.5498456097159,0
TXN_105646,119,Free,499.0,8637,14.921215543207438,0
TXN_105647,652,Free,0.0,18798,12.858273554421245,0
TXN_105648,1049,Free,29.99,7471,122.42324258305118,0
TXN_105649,247,Premium,0.0,12575,90.51417565014279,0
TXN_105650,207,Premium,,6098,141.38749526767725,0
TXN_105651,502,Free,29.99,10040,116.10418117945949,0
TXN_105652,695,Unknown,29.99,13223,108.35199751241554,0
TXN_105653,582,Enterprise,499.0,9345,151.55859443750842,0
TXN_105654,466,Free,0.0,14441,123.92362115596241,0
TXN_105655,933,Free,,6150,112.16030071039192,0
TXN_105656,513,Enterprise,0.0,10493,71.78718297795248,0
TXN_105657,408,Free,0.0,14274,80.90784169766232,0
TXN_105658,901,Free,0.0,9268,129.9986110040104,0
TXN_105659,1017,Free,499.0,11016,138.90802117938435,0
TXN_105660,934,Premium,499.0,16752,197.80127003008226,0
TXN_105661,233,Free,0.0,17991,151.8516585281077,0
TXN_105662,818,Premium,0.0,15486,91.07008937732745,0
TXN_105663,382,Premium,499.0,6441,161.66886756234715,0
TXN_105664,877,Premium,0.0,11874,185.8629168115806,0
TXN_105665,172,Enterprise,29.99,8631,151.09168219773937,0
TXN_105666,580,Free,29.99,8710,76.92153683624333,0
TXN_105667,451,Premium,499.0,12112,206.91488305802181,0
TXN_105668,659,Free,29.99,8773,222.95275027804416,0
TXN_105669,425,Free,0.0,7558,18.89847380078973,0
TXN_105670,844,Free,,15062,115.27206348863797,0
TXN_105671,542,Free,0.0,10389,88.58497674539093,0
TXN_105672,199,Free,0.0,10288,192.30955474663745,0
TXN_105673,158,Free,0.0,8587,131.7799791246309,0
TXN_105674,607,Free,,7359,98.66748519824071,0
TXN_105675,357,Premium,29.99,5420,94.59889708370261,0
TXN_105676,512,Free,0.0,8474,76.62733270521201,0
TXN_105677,551,Premium,29.99,7098,254.1645283971421,0
TXN_105678,164,Free,0.0,10865,121.53252085148058,0
TXN_105679,694,Free,,14808,104.17107513848164,0
TXN_105680,253,Free,0.0,6848,37.39250898000479,0
TXN_105681,365,Free,29.99,9995,140.94092257382363,0
TXN_105682,920,Premium,29.99,7943,68.43512791602413,0
TXN_105683,178,Free,0.0,13809,149.59036929075023,0
TXN_105684,414,Unknown,499.0,13582,95.08025202247912,0
TXN_105685,761,Unknown,0.0,13744,188.98806550379655,0
TXN_105686,1046,Free,29.99,10716,85.3801574282942,0
TXN_105687,659,Premium,499.0,11141,113.9754531310426,0
TXN_105688,1016,Free,29.99,9025,164.79600099862895,0
TXN_105689,990,Premium,0.0,15275,160.90657646903858,0
TXN_105690,347,Premium,,10998,140.84895709977516,0
TXN_105691,889,Free,0.0,9195,141.3517137184119,0
TXN_105692,967,Free,29.99,12855,105.93997848002438,0
TXN_105693,709,Free,499.0,15693,75.24517894724713,0
TXN_105694,513,Free,499.0,12899,116.6679067202997,0
TXN_105695,124,Premium,29.99,7212,106.5933553604408,0
TXN_105696,383,Free,0.0,11093,139.88377457550925,1
TXN_105697,548,Free,499.0,12985,146.02014318401862,0
TXN_105698,980,Free,0.0,9582,112.33469207765812,0
TXN_105699,400,Premium,0.0,5465,154.17134889628431,0
TXN_105700,167,Free,499.0,9488,124.96647283447366,0
TXN_105701,106,Premium,29.99,5998,136.02257093897052,1
TXN_105702,916,Premium,0.0,7915,118.72513989783091,0
TXN_105703,236,Premium,29.99,9140,145.56221287076028,0
TXN_105704,263,Premium,0.0,5857,114.6690313972446,0
TXN_105705,182,Free,0.0,13074,95.71142890335462,0
TXN_105706,996,Free,0.0,9964,146.50259946812153,0
TXN_105707,749,Premium,499.0,12780,111.065427442261,0
TXN_105708,519,Unknown,499.0,14404,131.52433672850026,0
TXN_105709,172,Premium,29.99,8124,136.18808191857556,0
TXN_105710,336,Free,0.0,11070,53.42069574377412,0
TXN_105711,145,Free,29.99,11390,100.6642032901558,0
TXN_105712,717,Unknown,0.0,9951,65.53704665297178,0
TXN_105713,1027,Free,29.99,7560,129.7529074579826,0
TXN_105714,899,Free,499.0,11595,64.11786951154552,0
TXN_105715,361,Free,29.99,11021,60.35666069669647,0
TXN_105716,275,Unknown,29.99,8975,143.66735179153207,0
TXN_105717,265,Free,,15919,165.8010702781573,0
TXN_105718,756,Free,29.99,10029,79.90757583632228,1
TXN_105719,941,Premium,29.99,7828,115.63341844324137,0
TXN_105720,469,Free,29.99,7610,81.67101817669743,1
TXN_105721,894,Enterprise,0.0,11950,89.22537448961147,0
TXN_105722,153,Premium,29.99,7078,-999.0,0
TXN_105723,789,Free,29.99,12935,134.0146726248796,0
TXN_105724,518,Enterprise,0.0,10039,108.5997570167617,0
TXN_105725,855,Unknown,0.0,10700,103.58326246851121,1
TXN_105726,606,Free,,9230,149.211259718573,0
TXN_105727,440,Free,29.99,11580,174.07132527293166,0
TXN_105728,226,Enterprise,0.0,4960,63.90052730633052,0
TXN_105729,508,Free,0.0,11724,151.54336555910044,0
TXN_105730,1023,Enterprise,29.99,11920,107.64751975883239,0
TXN_105731,466,Enterprise,0.0,5050,95.49160932391194,0
TXN_105732,370,Free,0.0,8491,171.89366000387844,0
TXN_105733,743,Unknown,499.0,10547,95.60333174076015,0
TXN_105734,704,Free,29.99,8293,116.31164188138773,0
TXN_105735,478,Premium,0.0,12176,118.68200478565853,0
TXN_105736,172,Free,0.0,13659,143.51810860087213,0
TXN_105737,1022,Enterprise,29.99,8277,100.96565378974036,0
TXN_105738,1021,Premium,0.0,13783,99.01052459895736,0
TXN_105739,1014,Premium,0.0,9589,210.56442708679873,0
TXN_105740,347,Enterprise,0.0,5639,106.19203115529835,0
TXN_105741,959,Premium,0.0,7101,15.176724127910035,0
TXN_105742,884,Free,0.0,13227,85.33831116027001,0
TXN_105743,142,Enterprise,,11179,124.52788191152213,0
TXN_105744,476,Premium,0.0,7092,134.20742254191654,0
TXN_105745,140,Enterprise,0.0,9577,195.07779053694202,0
TXN_105746,269,Enterprise,0.0,13255,83.36159832725308,0
TXN_105747,1045,Free,29.99,10495,95.16252683040227,0
TXN_105748,311,Free,499.0,12938,174.64230323210455,1
TXN_105749,592,Free,0.0,10358,218.88877059452471,0
TXN_105750,779,Premium,499.0,3467,102.63419012095326,0
TXN_105751,138,Free,0.0,8467,71.0049942366106,0
TXN_105752,468,Premium,499.0,12615,140.77372360942712,0
TXN_105753,856,Free,0.0,9569,43.09738966940691,1
TXN_105754,250,Free,0.0,6796,119.03195041349733,0
TXN_105755,210,Free,0.0,8044,119.66547514853701,0
TXN_105756,579,Free,0.0,10364,159.1968287514166,0
TXN_105757,535,Premium,29.99,7825,71.50644556051103,0
TXN_105758,146,Free,0.0,11643,103.17400440872692,0
TXN_105759,674,Free,29.99,11210,177.73688810186115,0
TXN_105760,836,Free,0.0,4528,99.05754556260268,0
TXN_105761,465,Premium,29.99,15978,103.82021837726072,0
TXN_105762,168,Enterprise,0.0,14540,88.92984327990797,1
TXN_105763,398,Free,29.99,9526,70.29023387533414,0
TXN_105764,1043,Premium,0.0,15873,146.89133247360687,0
TXN_105765,901,Free,0.0,5644,82.19550492394431,0
TXN_105766,395,Free,0.0,9335,39.5144036863238,0
TXN_105767,302,Premium,499.0,10628,79.13775360901437,0
TXN_105768,160,Free,29.99,9067,66.81141233287434,0
TXN_105769,1045,Premium,0.0,12099,221.9800665171303,0
TXN_105770,929,Free,0.0,11846,116.25858367622912,0
TXN_105771,413,Unknown,0.0,12060,153.1267031639374,0
TXN_105772,260,Free,0.0,8287,77.65764299792272,0
TXN_105773,430,Premium,29.99,17167,131.87611738979828,0
TXN_105774,627,Enterprise,0.0,8796,124.76549634508797,0
TXN_105775,437,Free,0.0,6720,18.89182577211109,0
TXN_105776,705,Free,29.99,12255,85.24489436690399,0
TXN_105777,403,Free,0.0,9549,58.840696151322234,0
TXN_105778,602,Premium,0.0,9774,57.38451941360193,0
TXN_105779,749,Free,29.99,16714,112.8296237584546,0
TXN_105780,437,Free,0.0,8481,96.39372818214648,0
TXN_105781,649,Premium,499.0,9515,148.06917899139077,0
TXN_105782,738,Free,499.0,16514,65.90588577154355,0
TXN_105783,374,Premium,0.0,7035,132.56886356308272,0
TXN_105784,263,Free,0.0,11203,156.2793943007783,0
TXN_105785,542,Free,0.0,10336,53.25517413806669,0
TXN_105786,418,Premium,0.0,9059,106.70377353907124,0
TXN_105787,688,Premium,499.0,20132,173.23510919096,0
TXN_105788,603,Free,0.0,5957,127.44606664257586,0
TXN_105789,785,Free,499.0,9879,62.183554216921515,0
TXN_105790,486,Free,29.99,13627,61.15703201657546,0
TXN_105791,969,Free,499.0,7764,117.38539164609608,0
TXN_105792,932,Free,29.99,3283,147.92307081228364,0
TXN_105793,987,Free,29.99,10663,147.49878735569104,0
TXN_105794,702,Premium,29.99,10102,137.7287975945564,0
TXN_105795,849,Premium,499.0,9717,105.55719122798185,0
TXN_105796,875,Free,0.0,13045,96.39063165231927,0
TXN_105797,790,Free,499.0,13463,34.46840950160647,0
TXN_105798,593,Free,29.99,5505,120.83592626806062,0
TXN_105799,589,Premium,0.0,10523,112.27005915931802,1
TXN_105800,820,Enterprise,,8588,115.47373314598354,0
TXN_105801,172,Premium,499.0,9608,179.44955463674884,0
TXN_105802,608,Premium,499.0,16251,104.83186516206706,0
TXN_105803,489,Enterprise,0.0,10400,109.45001473356992,0
TXN_105804,718,Free,,7876,64.57218501257836,0
TXN_105805,956,Free,29.99,11383,141.3567724176283,0
TXN_105806,394,Premium,29.99,7306,98.8877641525772,0
TXN_105807,468,Free,499.0,7747,236.32247177817877,0
TXN_105808,895,Premium,0.0,10449,153.90013884731198,1
TXN_105809,964,Premium,0.0,12838,219.08481816104108,0
TXN_105810,793,Premium,29.99,9527,101.82529243479974,0
TXN_105811,648,Free,0.0,10027,100.52963502679174,0
TXN_105812,748,Premium,29.99,7101,159.62359277819252,0
TXN_105813,949,Premium,0.0,9933,134.860489819066,0
TXN_105814,667,Enterprise,0.0,8796,161.78594881665262,0
TXN_105815,286,Premium,0.0,11810,138.2548212592645,0
TXN_105816,952,Unknown,29.99,5664,110.39020748293198,0
TXN_105817,869,Free,0.0,7492,125.77721589208758,1
TXN_105818,544,Free,0.0,11411,91.78751485087281,0
TXN_105819,669,Free,0.0,10393,46.598251620532366,0
TXN_105820,462,Free,499.0,7108,137.95453638099002,0
TXN_105821,222,Enterprise,499.0,6116,170.0515902356895,0
TXN_105822,287,Unknown,0.0,9519,103.80742642230636,0
TXN_105823,841,Free,29.99,12571,99.26563047030518,0
TXN_105824,779,Free,0.0,7814,123.10391737465463,0
TXN_105825,519,Free,0.0,11874,125.01610829456082,0
TXN_105826,725,Enterprise,499.0,5907,168.4119168098377,0
TXN_105827,351,Free,0.0,7644,148.25067973270643,0
TXN_105828,718,Free,0.0,10506,80.11872129289583,0
TXN_105829,648,Free,0.0,11246,58.66355221558317,0
TXN_105830,434,Free,,10310,126.69153738968488,0
TXN_105831,191,Enterprise,29.99,9258,178.0830765058609,0
TXN_105832,629,Free,29.99,10565,181.64994879345053,0
TXN_105833,965,Free,29.99,14408,33.45973580723046,0
TXN_105834,162,Free,0.0,11582,143.3878529491628,0
TXN_105835,761,Free,499.0,8433,122.39474572036742,0
TXN_105836,611,Premium,0.0,6737,34.32795645429091,0
TXN_105837,238,Free,29.99,12026,153.8957223667512,0
TXN_105838,797,Free,29.99,13636,189.4834916431376,1
TXN_105839,284,Enterprise,0.0,7086,148.70366899159535,0
TXN_105840,304,Free,0.0,5020,195.53229468473722,0
TXN_105841,871,Premium,29.99,15711,139.83399106571375,0
TXN_105842,313,Free,0.0,10647,110.3177620890382,0
TXN_105843,355,Free,0.0,5512,138.42541964303766,0
TXN_105844,234,Premium,0.0,7996,77.94403963153735,0
TXN_105845,672,Enterprise,499.0,6752,87.83251737162146,0
TXN_105846,974,Premium,499.0,9159,131.420801810776,0
TXN_105847,921,Free,499.0,7842,110.41273284400035,0
TXN_105848,187,Free,29.99,9573,203.5781409212077,0
TXN_105849,935,Free,29.99,18319,110.54304611326472,1
TXN_105850,306,Premium,0.0,5762,120.01445669345952,0
TXN_105851,228,Premium,0.0,11686,130.62070145292876,1
TXN_105852,922,Free,499.0,8426,158.18313972939782,0
TXN_105853,102,Premium,499.0,9595,48.614426790616875,0
TXN_105854,1033,Premium,499.0,9657,187.2941624710989,0
TXN_105855,853,Free,29.99,15076,158.49162273921627,0
TXN_105856,220,Premium,499.0,7203,143.3201594250183,0
TXN_105857,484,Free,499.0,11746,258.5798130192645,0
TXN_105858,713,Free,0.0,18841,104.64928375973517,0
TXN_105859,137,Unknown,0.0,11366,93.58491358598539,0
TXN_105860,440,Free,29.99,999999,67.52032226375528,0
TXN_105861,1024,Free,0.0,10018,213.1250817414844,0
TXN_105862,744,Premium,499.0,14279,101.6150709538834,0
TXN_105863,813,Unknown,0.0,11524,225.64817657004173,1
TXN_105864,959,Unknown,29.99,6958,147.64293397909137,0
TXN_105865,120,Premium,29.99,7969,135.3114594194184,0
TXN_105866,341,Free,29.99,15417,134.50575176529426,0
TXN_105867,554,Enterprise,0.0,8270,71.49656524423033,0
TXN_105868,720,Premium,,10706,145.52267324672889,0
TXN_105869,402,Free,0.0,12903,137.9174248298665,0
TXN_105870,695,Enterprise,499.0,8788,183.8257748288152,0
TXN_105871,694,Free,499.0,9079,150.11444290362644,0
TXN_105872,902,Free,0.0,9580,123.50913479048609,0
TXN_105873,168,Enterprise,499.0,6866,92.3169743501851,0
TXN_105874,228,Premium,29.99,9614,144.09917712911118,0
TXN_105875,295,Free,29.99,5433,117.27780252729593,0
TXN_105876,239,Free,29.99,7237,137.93484817639035,0
TXN_105877,543,Premium,29.99,9630,104.71045387627642,1
TXN_105878,382,Free,0.0,8424,119.09286739699694,1
TXN_105879,411,Free,499.0,12644,64.00676737706182,0
TXN_105880,845,Premium,29.99,11631,83.87730765062685,0
TXN_105881,634,Enterprise,0.0,4191,43.84251777700368,0
TXN_105882,764,Premium,29.99,8777,103.441289795767,0
TXN_105883,376,Premium,29.99,14861,68.19969711129662,0
TXN_105884,160,Premium,29.99,9774,112.25151493161707,0
TXN_105885,418,Premium,0.0,14634,126.06167912946478,0
TXN_105886,989,Free,0.0,7220,136.69435247663262,0
TXN_105887,151,Enterprise,0.0,13063,33.08569271087876,0
TXN_105888,955,Free,29.99,10002,84.44154212351228,0
TXN_105889,252,Free,499.0,7387,-999.0,0
TXN_105890,848,Free,0.0,8279,136.5598007525378,0
TXN_105891,410,Premium,0.0,6141,137.94003221733817,0
TXN_105892,913,Free,499.0,11207,168.67814059584268,0
TXN_105893,643,Free,0.0,7122,72.85078366088294,0
TXN_105894,666,Premium,0.0,11185,76.99790435168697,0
TXN_105895,963,Enterprise,29.99,10631,95.782452970348,0
TXN_105896,488,Premium,499.0,13758,101.41215580457393,0
TXN_105897,647,Free,499.0,11664,166.87643501584813,0
TXN_105898,721,Free,499.0,9942,105.8566336280336,0
TXN_105899,276,Premium,0.0,10957,140.7159180565548,0
TXN_105900,461,Free,499.0,10372,78.9593839847933,0
TXN_105901,413,Premium,0.0,8702,162.8923798370227,0
TXN_105902,906,Free,0.0,7964,75.72661164475844,0
TXN_105903,947,Enterprise,0.0,14690,91.89286772052054,0
TXN_105904,196,Free,0.0,10548,97.93546924496489,0
TXN_105905,980,Free,0.0,10325,184.37971043581564,0
TXN_105906,312,Enterprise,29.99,9895,166.75854340317346,0
TXN_105907,928,Free,29.99,6893,122.32503874558742,0
TXN_105908,236,Free,0.0,12155,58.96436167138618,0
TXN_105909,105,Enterprise,29.99,10269,136.0589450010099,0
TXN_105910,208,Free,29.99,8009,153.0750667390358,0
TXN_105911,646,Free,0.0,5924,173.1234087587562,0
TXN_105912,138,Free,0.0,12191,161.7946600771279,0
TXN_105913,761,Free,0.0,12385,68.33692518538359,0
TXN_105914,524,Free,0.0,7354,93.64999846638709,0
TXN_105915,729,Premium,499.0,9477,155.9782215006081,0
TXN_105916,360,Premium,0.0,12623,146.93131244058344,0
TXN_105917,525,Free,0.0,10129,126.01570662039543,0
TXN_105918,186,Free,0.0,9746,128.06483758156773,0
TXN_105919,564,Enterprise,499.0,7019,99.69995146483501,0
TXN_105920,175,Unknown,0.0,11715,25.399362348587303,0
TXN_105921,570,Free,29.99,5179,129.0545251649713,0
TXN_105922,513,Enterprise,0.0,12172,187.41475074540784,0
TXN_105923,924,Premium,499.0,10647,150.10990468727869,0
TXN_105924,994,Free,499.0,7883,123.88880965009537,0
TXN_105925,825,Free,29.99,6324,92.69343609153671,0
TXN_105926,556,Free,499.0,10632,155.89139650351885,0
TXN_105927,384,Enterprise,29.99,9024,93.55109709362857,0
TXN_105928,338,Premium,499.0,5373,-999.0,0
TXN_105929,776,Premium,499.0,12792,137.39399933947186,0
TXN_105930,698,Free,0.0,18765,111.77016264991482,0
TXN_105931,752,Premium,29.99,16045,170.93715306266995,0
TXN_105932,771,Premium,,9462,142.2101946444118,0
TXN_105933,657,Enterprise,0.0,12273,59.41043164729712,0
TXN_105934,471,Free,,6364,112.00807541255791,0
TXN_105935,594,Premium,29.99,12401,133.62978097739935,0
TXN_105936,723,Free,29.99,6241,138.07092781311752,0
TXN_105937,1018,Premium,29.99,8949,85.35623193842903,0
TXN_105938,144,Premium,499.0,6975,150.7035099936485,0
TXN_105939,500,Free,0.0,5950,29.378168763280414,1
TXN_105940,346,Premium,0.0,15487,131.05995764568868,0
TXN_105941,715,Free,29.99,7374,149.94281603321147,0
TXN_105942,696,Enterprise,,13894,224.13557136199807,0
TXN_105943,549,Free,29.99,4771,139.59090219621936,0
TXN_105944,584,Premium,0.0,14553,68.91803666092521,0
TXN_105945,745,Enterprise,0.0,8123,134.14682638401362,0
TXN_105946,719,Free,499.0,11506,63.05312932570716,0
TXN_105947,117,Premium,0.0,11047,154.1252011860907,0
TXN_105948,705,Free,29.99,12717,-999.0,0
TXN_105949,761,Free,0.0,6250,85.6722362979593,0
TXN_105950,857,Premium,0.0,7725,53.783172750410046,0
TXN_105951,388,Premium,0.0,6297,258.61173380766434,0
TXN_105952,513,Enterprise,0.0,14609,104.79608142429313,0
TXN_105953,820,Enterprise,499.0,14822,127.12162119009314,0
TXN_105954,737,Premium,0.0,7406,134.62402360566816,0
TXN_105955,334,Premium,0.0,8095,113.4053469624126,0
TXN_105956,515,Enterprise,29.99,16883,132.9892163772188,0
TXN_105957,1037,Free,499.0,18427,150.45909123060335,0
TXN_105958,598,Free,29.99,8703,189.60323397407512,0
TXN_105959,733,Free,0.0,7125,76.5967861386676,0
TXN_105960,749,Enterprise,0.0,10262,89.4663851881691,0
TXN_105961,214,Premium,29.99,6857,131.01869162244293,0
TXN_105962,1031,Premium,499.0,4756,188.67563672935609,0
TXN_105963,773,Free,0.0,11483,39.92971616798724,0
TXN_105964,812,Unknown,0.0,12215,136.50360535069805,0
TXN_105965,333,Free,29.99,11106,165.12177119514365,0
TXN_105966,639,Premium,29.99,10609,198.41761379829802,0
TXN_105967,110,Free,29.99,12098,175.90268633988575,0
TXN_105968,305,Free,0.0,9012,99.88091476609672,0
TXN_105969,778,Premium,0.0,5864,169.15527234203103,0
TXN_105970,346,Unknown,0.0,10225,45.83970482278599,0
TXN_105971,658,Free,0.0,9766,181.7336358619375,0
TXN_105972,857,Free,,9681,171.13766454994226,0
TXN_105973,226,Free,0.0,19968,104.71102885533907,0
TXN_105974,246,Free,29.99,6818,136.08176953011295,0
TXN_105975,217,Free,29.99,10749,109.25620671009108,0
TXN_105976,1010,Premium,0.0,14219,104.99548119381755,0
TXN_105977,481,Enterprise,499.0,10796,157.5547136787912,0
TXN_105978,511,Free,29.99,8483,154.0471464995124,0
TXN_105979,763,Premium,,10166,-999.0,0
TXN_105980,683,Free,0.0,12483,137.41033237372568,0
TXN_105981,462,Free,0.0,8969,223.0647308703212,0
TXN_105982,608,Free,0.0,8896,152.98542006536678,0
TXN_105983,236,Premium,0.0,8361,90.56668866415929,0
TXN_105984,274,Free,0.0,8755,129.23409823343871,0
TXN_105985,388,Free,499.0,11401,-7.239195935900554,0
TXN_105986,580,Free,0.0,11159,148.6388083491228,0
TXN_105987,118,Free,499.0,7114,100.80917934419209,0
TXN_105988,294,Free,29.99,6385,45.16630572728583,0
TXN_105989,429,Enterprise,29.99,8347,157.89053421121451,0
TXN_105990,1035,Premium,0.0,10139,142.0307654990432,0
TXN_105991,274,Enterprise,0.0,5973,138.52613094345006,0
TXN_105992,548,Free,499.0,9031,182.19628614180067,0
TXN_105993,1024,Free,0.0,14199,133.89483352617904,0
TXN_105994,1045,Free,499.0,11192,148.4546805985887,0
TXN_105995,453,Free,29.99,18018,104.71639262625554,0
TXN_105996,598,Premium,499.0,8025,170.80149925936718,0
TXN_105997,240,Free,29.99,7810,99.5236589555249,0
TXN_105998,857,Free,0.0,8237,129.54644499715747,0
TXN_105999,996,Premium,29.99,11402,125.53953686289964,0
TXN_106000,1029,Free,0.0,13021,139.58356417404175,0
TXN_106001,192,Unknown,29.99,7966,117.86352332870983,0
TXN_106002,1043,Free,0.0,13039,172.19154408947244,0
TXN_106003,338,Premium,0.0,14389,119.61522112221267,0
TXN_106004,304,Free,0.0,11137,97.31898922299851,0
TXN_106005,659,Unknown,,14146,108.54350251258747,0
TXN_106006,532,Free,29.99,16978,125.9510085193876,1
TXN_106007,344,Premium,499.0,13574,132.4550586001445,0
TXN_106008,931,Free,0.0,8351,78.59406675372954,0
TXN_106009,416,Premium,29.99,9349,116.27130485679955,1
TXN_106010,1024,Free,0.0,10556,168.011416788643,0
TXN_106011,394,Free,0.0,5649,101.56812310934095,0
TXN_106012,739,Enterprise,499.0,11180,176.11846883691064,0
TXN_106013,955,Unknown,,11309,112.82168712337142,0
TXN_106014,381,Free,0.0,12792,127.44727366300918,1
TXN_106015,116,Enterprise,499.0,6237,152.43189143702824,0
TXN_106016,170,Free,29.99,8525,238.91136858509873,0
TXN_106017,368,Enterprise,,9178,-999.0,0
TXN_106018,424,Premium,29.99,7487,103.21353462916348,0
TXN_106019,893,Free,,12192,190.05187499437892,0
TXN_106020,404,Enterprise,499.0,6478,116.03663806643473,0
TXN_106021,550,Enterprise,0.0,9109,131.57571706703644,0
TXN_106022,106,Free,0.0,7902,139.88310503463097,0
TXN_106023,413,Premium,0.0,18004,93.52740042026068,0
TXN_106024,916,Free,29.99,10055,106.20544193272924,0
TXN_106025,202,Enterprise,499.0,15713,24.556547523644014,0
TXN_106026,920,Premium,499.0,7564,135.4655468257183,0
TXN_106027,292,Free,29.99,9585,28.66766913440418,0
TXN_106028,852,Premium,0.0,11985,176.6663291638869,0
TXN_106029,673,Premium,0.0,10909,153.71351098935077,0
TXN_106030,628,Premium,0.0,14231,110.11419139673643,0
TXN_106031,270,Free,29.99,8278,175.10960865785216,0
TXN_106032,636,Free,0.0,11734,174.40462921551236,0
TXN_106033,350,Premium,0.0,5710,106.5668932815262,0
TXN_106034,864,Free,0.0,6475,75.40637197796343,0
TXN_106035,486,Free,0.0,14769,137.38161123749344,0
TXN_106036,306,Premium,0.0,3607,188.2216919069986,0
TXN_106037,640,Free,0.0,12879,140.5531132637239,0
TXN_106038,728,Premium,,7533,118.27680667013934,0
TXN_106039,515,Premium,0.0,7014,115.48494000907999,0
TXN_106040,893,Premium,499.0,12715,115.16028742553858,0
TXN_106041,479,Free,0.0,7765,28.95685543970606,0
TXN_106042,243,Free,499.0,8093,180.7262060166599,0
TXN_106043,124,Free,29.99,9961,245.76578972688912,0
TXN_106044,921,Enterprise,499.0,12990,69.25616450822854,0
TXN_106045,767,Free,499.0,9164,102.76590042935428,0
TXN_106046,172,Unknown,29.99,6279,92.07129078124532,0
TXN_106047,731,Premium,499.0,19701,57.95330447120371,0
TXN_106048,923,Enterprise,29.99,11892,127.52300088507396,0
TXN_106049,932,Free,29.99,9464,140.1844864814329,0
TXN_106050,192,Free,0.0,6753,144.1789621567805,0
TXN_106051,604,Enterprise,499.0,13103,110.5783226206546,0
TXN_106052,697,Free,499.0,17682,246.60540515592612,0
TXN_106053,435,Free,0.0,11439,122.74434650320491,0
TXN_106054,524,Free,29.99,10502,124.67175246925262,0
TXN_106055,598,Unknown,499.0,9160,72.56251243661062,0
TXN_106056,463,Premium,499.0,5321,109.90969823544987,0
TXN_106057,1046,Premium,,15923,102.8507925553043,0
TXN_106058,729,Premium,0.0,11087,77.204029632977,0
TXN_106059,844,Free,0.0,7321,159.65392053959997,0
TXN_106060,298,Premium,29.99,7270,89.36643171923836,0
TXN_106061,817,Free,0.0,16959,104.74052705664506,0
TXN_106062,512,Enterprise,0.0,9130,161.48071907962284,0
TXN_106063,438,Free,29.99,18046,112.6169223636357,0
TXN_106064,758,Free,0.0,7003,159.89000741636278,0
TXN_106065,1036,Premium,0.0,7972,87.45045895109953,0
TXN_106066,528,Free,0.0,8095,47.16974740732152,0
TXN_106067,882,Premium,29.99,11848,130.69683272662292,0
TXN_106068,998,Free,0.0,7852,176.8695689880463,0
TXN_106069,238,Free,0.0,11885,173.85574231542319,0
TXN_106070,792,Free,29.99,6608,138.0227967925921,0
TXN_106071,1041,Premium,0.0,15252,132.13784503085043,0
TXN_106072,641,Free,499.0,7907,133.362661607663,0
TXN_106073,156,Premium,0.0,8600,14.06135774723893,0
TXN_106074,331,Free,499.0,11786,131.63755954274203,0
TXN_106075,757,Free,29.99,6484,100.63044684820778,0
TXN_106076,534,Free,499.0,14794,189.81036640043814,0
TXN_106077,483,Enterprise,0.0,9702,116.70280524258189,0
TXN_106078,659,Premium,0.0,8045,132.38022960288544,0
TXN_106079,293,Free,499.0,10426,68.4007621854432,0
TXN_106080,835,Premium,0.0,9542,166.27879206707047,0
TXN_106081,747,Enterprise,29.99,4485,128.19255291992184,0
TXN_106082,633,Free,0.0,6444,127.63622412641004,0
TXN_106083,617,Enterprise,29.99,15895,248.24038379639268,0
TXN_106084,815,Free,499.0,7602,138.81210204167678,0
TXN_106085,850,Enterprise,,7551,220.63470844085208,0
TXN_106086,284,Premium,0.0,10823,18.68786375035701,0
TXN_106087,971,Free,0.0,15478,-999.0,0
TXN_106088,391,Free,,9935,148.0295584771323,0
TXN_106089,434,Unknown,499.0,10537,70.37800050682526,0
TXN_106090,831,Premium,0.0,11150,134.70602876912602,0
TXN_106091,215,Premium,29.99,6633,83.22580345957908,0
TXN_106092,924,Free,0.0,7424,111.56232879806353,0
TXN_106093,148,Free,,8709,100.87221588833941,1
TXN_106094,784,Free,0.0,6229,95.54601972436394,0
TXN_106095,181,Free,29.99,8566,88.94196604223879,0
TXN_106096,933,Premium,29.99,6387,33.64377106653552,0
TXN_106097,432,Enterprise,499.0,9366,116.43608488577954,0
TXN_106098,656,Premium,499.0,5892,142.04693264916642,0
TXN_106099,434,Free,0.0,14718,144.49268459773333,0
TXN_106100,631,Premium,29.99,7635,9.589990104547852,0
TXN_106101,320,Enterprise,,7899,64.35340762315946,0
TXN_106102,734,Premium,29.99,7075,161.1844864197402,0
TXN_106103,845,Premium,29.99,12041,61.123159684914,0
TXN_106104,832,Unknown,499.0,9740,167.82130726157055,0
TXN_106105,422,Premium,0.0,10761,175.92086669509922,0
TXN_106106,950,Free,29.99,8771,178.84099773710204,0
TXN_106107,102,Free,0.0,8401,22.76890976890361,0
TXN_106108,793,Unknown,0.0,8160,162.86956669568903,0
TXN_106109,305,Free,499.0,8616,132.2571830722665,0
TXN_106110,931,Free,0.0,6822,92.34865662186708,1
TXN_106111,139,Free,0.0,15662,135.6606308712719,0
TXN_106112,158,Premium,0.0,12480,115.25712566653864,0
TXN_106113,673,Unknown,0.0,6931,19.42200404525434,0
TXN_106114,743,Free,499.0,10010,43.856252528218135,1
TXN_106115,606,Premium,29.99,4612,73.9546440848374,0
TXN_106116,671,Enterprise,0.0,10329,162.33890759777563,0
TXN_106117,983,Free,29.99,5083,154.57355427987434,0
TXN_106118,942,Free,29.99,9250,124.2353611291477,0
TXN_106119,221,Enterprise,0.0,21308,66.26388860102459,0
TXN_106120,578,Free,499.0,14831,68.62546392388325,0
TXN_106121,718,Premium,0.0,10930,100.8384981226068,0
TXN_106122,195,Premium,499.0,7448,196.92059268400226,0
TXN_106123,958,Free,0.0,10747,77.49100076179508,0
TXN_106124,513,Enterprise,0.0,5385,70.01361310368047,0
TXN_106125,334,Free,0.0,7465,140.5623547547725,0
TXN_106126,997,Free,0.0,8595,166.49185332892037,0
TXN_106127,161,Free,499.0,11058,101.81285415857751,0
TXN_106128,355,Free,0.0,10434,180.77281565822352,0
TXN_106129,660,Enterprise,0.0,9708,115.38846976507403,0
TXN_106130,1004,Premium,499.0,4365,104.14969530119248,0
TXN_106131,447,Enterprise,29.99,9174,64.01650468352273,0
TXN_106132,770,Free,0.0,25444,150.9200852698449,0
TXN_106133,223,Premium,,6279,61.28940392992828,0
TXN_106134,581,Premium,0.0,14822,37.94872739735226,0
TXN_106135,416,Enterprise,499.0,10296,117.18638240192263,0
TXN_106136,603,Premium,0.0,13901,75.58820416298917,0
TXN_106137,818,Free,29.99,12750,87.33645395156259,0
TXN_106138,147,Free,29.99,13958,165.02834940072677,0
TXN_106139,508,Free,0.0,4098,141.4276335786478,0
TXN_106140,1031,Premium,29.99,9456,166.76718494450841,0
TXN_106141,235,Unknown,29.99,10910,126.54484730170351,0
TXN_106142,300,Free,499.0,8322,0.38436534139394496,0
TXN_106143,349,Free,499.0,8647,108.60608803413582,0
TXN_106144,413,Free,29.99,8905,158.1763048674586,0
TXN_106145,968,Premium,29.99,11755,173.5780894353678,0
TXN_106146,467,Free,29.99,13467,152.18385196561334,0
TXN_106147,528,Free,29.99,6890,144.7211287387334,0
TXN_106148,929,Free,0.0,4741,155.83818468779123,0
TXN_106149,906,Premium,29.99,14008,206.65613861376988,0
TXN_106150,579,Premium,29.99,9428,120.49809203128417,0
TXN_106151,413,Premium,,16040,118.10607965704175,0
TXN_106152,599,Free,29.99,4986,149.66310186390143,1
TXN_106153,820,Free,0.0,12672,76.55001013994772,0
TXN_106154,454,Free,29.99,12008,167.34106482667332,0
TXN_106155,584,Free,499.0,12022,87.4271880157921,0
TXN_106156,310,Free,499.0,13827,126.7295318808108,0
TXN_106157,803,Free,499.0,8331,9.280794494583532,0
TXN_106158,143,Premium,499.0,9291,97.00367194731345,0
TXN_106159,640,Free,0.0,10655,90.89758986239255,0
TXN_106160,670,Free,29.99,8467,-999.0,0
TXN_106161,682,Enterprise,499.0,12228,143.39878729467313,0
TXN_106162,191,Premium,0.0,5999,111.61511942848682,0
TXN_106163,364,Premium,0.0,11139,55.570789080916654,0
TXN_106164,994,Enterprise,499.0,9506,122.95316221283629,0
TXN_106165,319,Free,499.0,8157,96.8768664376301,0
TXN_106166,1001,Premium,,6039,153.63758400537273,0
TXN_106167,1024,Premium,,7537,122.95336195296922,0
TXN_106168,541,Free,0.0,10485,156.21985803388756,0
TXN_106169,500,Free,499.0,9918,85.59619163709863,1
TXN_106170,499,Free,0.0,19092,168.74596144461282,0
TXN_106171,826,Free,29.99,15998,141.10968292787473,1
TXN_106172,998,Free,0.0,10385,158.1119315047148,0
TXN_106173,888,Free,0.0,12458,98.3154397619615,1
TXN_106174,675,Free,499.0,10676,113.27543679564454,0
TXN_106175,957,Free,0.0,8615,114.4918804279858,0
TXN_106176,903,Free,29.99,18151,99.44228899522898,0
TXN_106177,589,Free,0.0,6722,89.60869453971287,0
TXN_106178,584,Free,0.0,11649,65.15730601649099,0
TXN_106179,856,Premium,0.0,16620,84.76797626439159,0
TXN_106180,569,Free,29.99,11949,111.7942629680465,0
TXN_106181,673,Enterprise,0.0,9503,46.43378928069362,0
TXN_106182,1037,Enterprise,0.0,8747,171.23772162829243,0
TXN_106183,943,Premium,29.99,13366,183.56592890365627,0
TXN_106184,781,Premium,0.0,8575,88.87521407107238,0
TXN_106185,544,Free,0.0,14753,160.7816490480433,0
TXN_106186,368,Free,499.0,10666,93.17161957193667,0
TXN_106187,366,Enterprise,0.0,11332,69.81125557905429,0
TXN_106188,153,Free,0.0,7451,156.62352312547813,0
TXN_106189,627,Enterprise,29.99,11356,181.99422486583964,0
TXN_106190,619,Premium,499.0,5840,112.02967407171654,0
TXN_106191,715,Free,499.0,8897,153.17605257325027,0
TXN_106192,158,Free,,4406,-13.877425258832858,1
TXN_106193,924,Premium,0.0,11498,81.25016495422774,0
TXN_106194,139,Free,,10917,145.91259134899346,0
TXN_106195,336,Free,,11417,172.11162750489217,0
TXN_106196,485,Premium,499.0,7256,124.19773079106105,0
TXN_106197,705,Premium,29.99,11697,100.47049106111433,0
TXN_106198,833,Free,499.0,7412,142.9440935721874,0
TXN_106199,815,Free,0.0,11664,127.72359778831651,0
TXN_106200,749,Enterprise,499.0,5664,93.46834060556486,0
TXN_106201,399,Premium,0.0,5286,43.198488263726674,0
TXN_106202,494,Premium,499.0,10418,99.10752198023533,0
TXN_106203,306,Unknown,29.99,8890,136.8072713916174,0
TXN_106204,435,Free,0.0,6154,113.00206518169693,0
TXN_106205,692,Free,499.0,11048,188.33027286240724,0
TXN_106206,829,Enterprise,29.99,9360,157.7354471812506,1
TXN_106207,613,Premium,29.99,12681,64.63867126095266,0
TXN_106208,277,Free,0.0,12001,87.36756855342001,0
TXN_106209,495,Free,499.0,8291,31.15404937705206,0
TXN_106210,470,Premium,29.99,7564,89.58263828778394,0
TXN_106211,957,Free,0.0,11655,35.47309603916328,0
TXN_106212,890,Enterprise,29.99,11410,158.1684702487353,1
TXN_106213,757,Free,29.99,10648,113.06265711802367,0
TXN_106214,417,Free,29.99,4776,200.24075819312878,0
TXN_106215,835,Free,0.0,17779,52.65419231805163,0
TXN_106216,468,Premium,0.0,8956,69.7091637617288,0
TXN_106217,483,Enterprise,29.99,8147,114.41701895840686,0
TXN_106218,161,Premium,499.0,6571,84.1168022797402,0
TXN_106219,905,Enterprise,29.99,6208,86.13940253742697,0
TXN_106220,604,Free,0.0,7305,85.95251608308953,0
TXN_106221,338,Free,0.0,10722,133.19536246483668,0
TXN_106222,294,Enterprise,29.99,11377,114.1402181943479,0
TXN_106223,777,Enterprise,499.0,7622,104.69828116283165,0
TXN_106224,321,Enterprise,0.0,7739,50.61789521824747,0
TXN_106225,160,Premium,29.99,9389,87.64908775465271,0
TXN_106226,228,Free,0.0,4578,51.37535304513807,0
TXN_106227,784,Free,0.0,8375,131.55926572940177,0
TXN_106228,255,Enterprise,0.0,13731,175.16210688511177,0
TXN_106229,1016,Free,499.0,5477,99.08552585102613,0
TXN_106230,477,Free,499.0,5505,0.780771671369962,0
TXN_106231,721,Premium,0.0,3671,80.51473261353331,0
TXN_106232,880,Free,29.99,14754,89.32509239890196,0
TXN_106233,1022,Enterprise,0.0,10208,148.05377166165908,0
TXN_106234,967,Free,499.0,11043,92.97942316763056,0
TXN_106235,1002,Premium,29.99,11426,192.05192697000825,0
TXN_106236,889,Premium,0.0,8668,10.968994833732424,0
TXN_106237,685,Premium,0.0,12350,49.87939038809914,0
TXN_106238,536,Free,499.0,9300,160.16242063327095,0
TXN_106239,306,Free,29.99,14308,130.5811819554604,0
TXN_106240,487,Free,0.0,7606,158.63960224486837,0
TXN_106241,579,Free,29.99,8514,120.79998854864985,0
TXN_106242,890,Premium,499.0,5277,162.6084229824732,0
TXN_106243,986,Free,29.99,5418,157.8135230468734,0
TXN_106244,937,Free,0.0,8331,99.06335043085484,0
TXN_106245,439,Free,29.99,7121,114.78684730070972,0
TXN_106246,968,Premium,29.99,8394,41.766062285741114,0
TXN_106247,439,Free,29.99,11677,148.90478856269493,0
TXN_106248,303,Enterprise,,14269,85.5000160822033,0
TXN_106249,260,Premium,0.0,11652,150.47634640397223,0
TXN_106250,639,Premium,29.99,6928,132.85303869540945,0
TXN_106251,491,Enterprise,0.0,9233,113.65849197844264,0
TXN_106252,868,Free,0.0,9853,166.45212927394712,0
TXN_106253,776,Enterprise,29.99,8509,109.82350169840029,0
TXN_106254,674,Premium,499.0,8223,168.7701580557409,0
TXN_106255,633,Enterprise,0.0,14823,93.66611923321742,0
TXN_106256,169,Enterprise,,16133,174.10800988390974,0
TXN_106257,992,Free,0.0,9332,158.7786739629348,0
TXN_106258,504,Free,0.0,8334,80.06764172217726,0
TXN_106259,707,Premium,0.0,11997,128.46754274227393,0
TXN_106260,774,Premium,29.99,12573,-4.166226781165136,0
TXN_106261,690,Free,29.99,12485,108.22660232439871,1
TXN_106262,616,Free,0.0,13607,60.07284213107079,0
TXN_106263,927,Free,29.99,11875,125.95685908489826,0
TXN_106264,219,Premium,29.99,11937,190.79096902098115,0
TXN_106265,913,Unknown,29.99,11564,264.22282331370894,0
TXN_106266,789,Premium,0.0,7365,154.7653452761066,0
TXN_106267,787,Free,499.0,13008,136.79019050571347,0
TXN_106268,1001,Free,29.99,8562,100.15155323958345,0
TXN_106269,316,Free,0.0,6026,53.00872296067233,0
TXN_106270,155,Free,0.0,7845,83.80236116201536,0
TXN_106271,465,Enterprise,499.0,8112,90.74470643114309,0
TXN_106272,798,Free,0.0,10057,164.90441102340475,0
TXN_106273,603,Premium,499.0,14881,-3.4200296618864883,0
TXN_106274,843,Enterprise,0.0,9175,121.69969542451244,0
TXN_106275,866,Enterprise,29.99,13426,140.12853499309108,0
TXN_106276,1024,Free,0.0,7887,187.7943572891506,0
TXN_106277,554,Free,,9371,75.47265249668237,0
TXN_106278,203,Free,499.0,8645,107.28959252839208,0
TXN_106279,176,Premium,499.0,9563,142.96734135906388,0
TXN_106280,329,Unknown,0.0,9884,85.0879657782601,0
TXN_106281,1013,Free,499.0,8635,117.10105938978008,0
TXN_106282,357,Free,29.99,13187,98.005123407844,0
TXN_106283,363,Enterprise,29.99,8088,83.8395816158502,0
TXN_106284,430,Premium,0.0,10546,181.50290738580372,0
TXN_106285,281,Unknown,29.99,7513,174.60171776513397,0
TXN_106286,992,Free,499.0,10836,150.58619407946503,0
TXN_106287,867,Free,0.0,11377,106.73918986133691,0
TXN_106288,649,Free,0.0,6960,138.28498448326513,0
TXN_106289,787,Free,0.0,8310,143.01821585060122,0
TXN_106290,126,Premium,0.0,14051,199.9971596160741,0
TXN_106291,375,Free,29.99,5624,15.09708617970142,1
TXN_106292,751,Free,499.0,6881,67.2963650140774,0
TXN_106293,398,Enterprise,0.0,10487,112.46224226046016,0
TXN_106294,898,Free,29.99,10840,128.7620942919662,0
TXN_106295,190,Premium,29.99,999999,65.36716938662359,0
TXN_106296,579,Free,0.0,4434,127.68548500197338,0
TXN_106297,672,Enterprise,29.99,9452,64.14300620703082,0
TXN_106298,557,Free,0.0,8442,-8.609925406129605,0
TXN_106299,550,Premium,29.99,9855,81.77032191834836,0
TXN_106300,464,Free,0.0,13351,150.48580894819352,0
TXN_106301,958,Free,29.99,12078,120.39821333582586,0
TXN_106302,774,Premium,0.0,7237,35.01903225845635,0
TXN_106303,450,Free,,12937,132.42446516521963,0
TXN_106304,754,Free,499.0,9963,191.64603570885652,0
TXN_106305,499,Enterprise,0.0,10072,146.78622678207384,0
TXN_106306,352,Enterprise,0.0,14012,170.92626992720275,0
TXN_106307,880,Free,0.0,18494,130.69686618286832,0
TXN_106308,980,Free,499.0,8451,146.5659152138142,0
TXN_106309,902,Free,0.0,11818,86.81193304329966,0
TXN_106310,558,Free,499.0,12066,107.232194391355,0
TXN_106311,798,Unknown,0.0,7740,69.56278380485078,0
TXN_106312,1016,Premium,0.0,8010,118.28848349167542,0
TXN_106313,598,Free,0.0,12494,81.60531076091951,0
TXN_106314,1049,Unknown,0.0,9477,43.09194537781413,0
TXN_106315,1025,Premium,29.99,8427,102.0946791939849,0
TXN_106316,607,Premium,0.0,5274,81.33264682988366,0
TXN_106317,403,Free,499.0,8519,91.979868868734,0
TXN_106318,600,Free,499.0,8306,165.78104814128437,0
TXN_106319,902,Premium,0.0,11077,125.92643631143565,0
TXN_106320,697,Free,29.99,7239,111.7581348893829,0
TXN_106321,265,Free,29.99,13666,157.64498644357406,0
TXN_106322,514,Free,29.99,10251,110.26029683956062,0
TXN_106323,561,Free,0.0,14990,156.1148277800166,0
TXN_106324,1019,Premium,0.0,7665,126.09144135890529,0
TXN_106325,213,Premium,0.0,9122,114.21483382661765,0
TXN_106326,532,Free,29.99,12476,107.28821344157362,0
TXN_106327,455,Free,,7530,120.60442176012174,0
TXN_106328,1027,Premium,499.0,9914,166.42929312649258,0
TXN_106329,794,Free,0.0,15618,100.64202794717036,0
TXN_106330,306,Premium,29.99,21443,117.81006430652057,0
TXN_106331,867,Premium,499.0,14782,127.02112281429888,0
TXN_106332,334,Free,0.0,16089,138.35515543367833,0
TXN_106333,541,Premium,29.99,7368,75.32562850806784,0
TXN_106334,454,Premium,29.99,8653,128.8116596543882,0
TXN_106335,614,Free,29.99,6844,106.75551697613865,0
TXN_106336,307,Free,29.99,13381,97.60427211034008,0
TXN_106337,808,Unknown,,9793,177.04043793849488,0
TXN_106338,952,Free,0.0,12231,50.510209127507096,0
TXN_106339,224,Enterprise,499.0,11463,143.19611131193085,0
TXN_106340,237,Premium,0.0,13977,79.9828577491318,0
TXN_106341,438,Free,0.0,9361,73.22691987436272,0
TXN_106342,636,Free,,8426,110.46124514385436,0
TXN_106343,167,Free,499.0,7765,193.02907340960743,1
TXN_106344,672,Free,0.0,10735,122.71561399091988,0
TXN_106345,640,Premium,29.99,11931,159.5290142138986,0
TXN_106346,482,Enterprise,0.0,7653,65.32827027656455,0
TXN_106347,118,Enterprise,0.0,15260,121.57840910039208,0
TXN_106348,782,Free,29.99,5491,118.91942315309551,0
TXN_106349,549,Enterprise,29.99,14611,21.569327954655222,0
TXN_106350,173,Enterprise,29.99,8503,153.5464376299957,0
TXN_106351,672,Enterprise,29.99,4373,80.45689019791324,1
TXN_106352,1038,Free,0.0,12723,170.18115249121706,0
TXN_106353,764,Premium,0.0,9193,75.7093401969542,0
TXN_106354,375,Premium,0.0,19662,170.82184807482435,0
TXN_106355,147,Free,499.0,14740,142.37583472154097,0
TXN_106356,310,Unknown,499.0,8368,212.8050728928102,0
TXN_106357,954,Free,0.0,7977,154.51593516194276,0
TXN_106358,1019,Free,0.0,7137,116.7745765423739,0
TXN_106359,750,Enterprise,29.99,8312,179.71544383293752,0
TXN_106360,721,Free,29.99,15516,108.01186401738796,0
TXN_106361,794,Enterprise,0.0,8047,53.04871079113501,0
TXN_106362,639,Premium,29.99,7632,85.76619208794571,1
TXN_106363,808,Free,,6781,104.61182209972756,1
TXN_106364,290,Free,29.99,14966,154.94712666454404,0
TXN_106365,414,Premium,0.0,8817,116.92516324490141,0
TXN_106366,1000,Premium,29.99,12383,138.3754323675745,1
TXN_106367,662,Enterprise,0.0,6796,126.80638982194468,0
TXN_106368,760,Enterprise,0.0,10200,139.2521969089246,0
TXN_106369,879,Free,499.0,14336,98.81878474556831,1
TXN_106370,661,Free,0.0,13831,82.22994171160911,0
TXN_106371,999,Enterprise,0.0,9971,115.20196831337647,0
TXN_106372,857,Premium,29.99,9320,149.85725055157226,0
TXN_106373,212,Free,499.0,7598,112.64883132516796,1
TXN_106374,269,Enterprise,499.0,9231,99.56924917186119,0
TXN_106375,567,Enterprise,0.0,11531,118.65359225770892,0
TXN_106376,777,Premium,29.99,6788,98.13701343235874,0
TXN_106377,1020,Free,29.99,4711,148.5540984966332,0
TXN_106378,113,Premium,29.99,13762,112.36168928902215,0
TXN_106379,814,Premium,29.99,6792,159.2591735060256,0
TXN_106380,387,Enterprise,0.0,6215,131.08347037423243,0
TXN_106381,1006,Unknown,,13817,90.7781616463505,0
TXN_106382,288,Premium,29.99,4778,82.85651964466953,0
TXN_106383,1013,Premium,0.0,15121,48.13387975820099,0
TXN_106384,254,Unknown,29.99,7665,129.76895140645183,0
TXN_106385,666,Free,0.0,5581,106.49742292036353,0
TXN_106386,793,Free,29.99,10758,107.2489946826792,0
TXN_106387,821,Enterprise,0.0,8910,94.0157503475811,0
TXN_106388,987,Free,0.0,11486,116.34272644330132,0
TXN_106389,570,Free,29.99,6565,69.2746718300492,0
TXN_106390,174,Free,499.0,12473,156.34679982009632,1
TXN_106391,376,Free,0.0,11211,112.253140696087,0
TXN_106392,1039,Free,29.99,11514,86.55663831162178,0
TXN_106393,744,Free,29.99,7964,144.4296465482465,0
TXN_106394,442,Unknown,0.0,7599,103.13935725378883,0
TXN_106395,524,Premium,0.0,8750,6.97213035495561,0
TXN_106396,670,Premium,29.99,10249,218.8308604582466,0
TXN_106397,610,Free,0.0,13472,149.18291478301302,0
TXN_106398,956,Premium,499.0,9070,173.19907271283327,0
TXN_106399,281,Premium,29.99,13677,-999.0,0
TXN_106400,557,Premium,499.0,9464,144.66021523764564,0
TXN_106401,1017,Free,0.0,13655,102.85244963447721,0
TXN_106402,950,Free,499.0,14821,140.3631256490852,0
TXN_106403,932,Enterprise,0.0,13317,99.20079675302986,0
TXN_106404,163,Premium,499.0,15795,182.30646601493925,0
TXN_106405,938,Premium,0.0,6545,131.18700927504307,0
TXN_106406,359,Premium,29.99,3671,117.58218784782754,0
TXN_106407,292,Free,0.0,11474,122.80892502843919,0
TXN_106408,754,Premium,0.0,8376,100.7792935377781,0
TXN_106409,715,Free,29.99,11348,98.27198364526757,0
TXN_106410,505,Premium,29.99,13120,191.83180568082318,1
TXN_106411,825,Unknown,29.99,10257,62.10620546621583,0
TXN_106412,853,Premium,0.0,20419,167.7138970725013,0
TXN_106413,1042,Free,0.0,7400,78.25611637439809,0
TXN_106414,820,Free,499.0,4505,92.06963035447802,0
TXN_106415,192,Premium,499.0,10789,143.43479643241236,0
TXN_106416,529,Enterprise,0.0,10594,98.1954570647195,0
TXN_106417,753,Premium,29.99,14919,119.83621292386215,0
TXN_106418,533,Premium,499.0,6558,86.2119022251453,0
TXN_106419,503,Free,499.0,13145,144.7308978893776,0
TXN_106420,533,Premium,0.0,11613,70.18683359379924,0
TXN_106421,211,Premium,499.0,9214,132.76508087260214,0
TXN_106422,1028,Unknown,0.0,9049,181.91114253151707,0
TXN_106423,474,Free,29.99,8937,188.69153434172154,0
TXN_106424,158,Premium,0.0,12016,183.91389404033353,0
TXN_106425,142,Free,29.99,13210,55.762878822045195,0
TXN_106426,306,Premium,29.99,7680,136.6936022827628,0
TXN_106427,879,Enterprise,0.0,6642,173.51487990110763,0
TXN_106428,395,Free,29.99,7854,149.9572785403117,0
TXN_106429,217,Free,29.99,14539,45.56761899173698,0
TXN_106430,631,Premium,29.99,10248,61.78291281032473,0
TXN_106431,321,Premium,0.0,4696,130.02180970192143,0
TXN_106432,265,Free,0.0,10063,146.61379969824517,0
TXN_106433,742,Free,29.99,12277,145.78648720862122,0
TXN_106434,255,Premium,499.0,14170,118.4728066880586,0
TXN_106435,283,Enterprise,499.0,10474,-999.0,0
TXN_106436,189,Free,0.0,12155,73.5333424269258,0
TXN_106437,193,Enterprise,29.99,12882,128.1697733339973,0
TXN_106438,112,Free,0.0,12406,224.30042774818298,0
TXN_106439,933,Free,,4519,185.37954032652374,0
TXN_106440,904,Free,0.0,17902,142.633615599825,0
TXN_106441,1044,Enterprise,0.0,12761,166.68161339121798,0
TXN_106442,841,Free,29.99,10687,178.25977126637713,0
TXN_106443,933,Premium,499.0,10087,161.9321793385978,0
TXN_106444,903,Free,0.0,7811,152.07222772407695,0
TXN_106445,537,Unknown,0.0,6377,149.84439496124511,0
TXN_106446,637,Enterprise,29.99,11146,74.08595830229157,0
TXN_106447,686,Premium,29.99,13799,176.29363556612992,0
TXN_106448,975,Enterprise,0.0,5390,165.1648711567899,0
TXN_106449,1035,Premium,29.99,8033,83.15781284487403,0
TXN_106450,910,Enterprise,29.99,9235,76.95863939725973,0
TXN_106451,249,Free,499.0,7864,93.338530430569,0
TXN_106452,759,Free,0.0,7499,179.20359951686407,0
TXN_106453,107,Premium,0.0,12316,-999.0,0
TXN_106454,128,Free,499.0,8375,99.8776666174955,0
TXN_106455,395,Free,29.99,7947,144.52018565645085,0
TXN_106456,1025,Premium,499.0,12616,106.87018705465961,0
TXN_106457,820,Free,499.0,15439,88.76506846132276,0
TXN_106458,739,Premium,0.0,14200,20.097222442512802,0
TXN_106459,439,Free,0.0,11209,179.03505942858308,0
TXN_106460,727,Unknown,0.0,11500,105.14539723760056,0
TXN_106461,538,Enterprise,499.0,9874,169.41376356578974,0
TXN_106462,243,Enterprise,29.99,9647,101.6174574881728,0
TXN_106463,1041,Free,0.0,10665,46.82697196310231,0
TXN_106464,929,Premium,0.0,5248,114.85472554806806,0
TXN_106465,846,Unknown,499.0,11369,31.794057204394647,0
TXN_106466,618,Enterprise,499.0,12755,60.917956819953226,0
TXN_106467,144,Premium,499.0,10910,97.86913682412951,0
TXN_106468,338,Free,0.0,12701,104.85578755075727,0
TXN_106469,1043,Premium,29.99,9746,122.53473834913493,0
TXN_106470,254,Premium,0.0,5732,175.47533665399536,0
TXN_106471,280,Free,0.0,9595,100.35683940846482,0
TXN_106472,314,Premium,0.0,8515,51.60544101950603,0
TXN_106473,187,Enterprise,0.0,8538,188.69473140047643,0
TXN_106474,355,Premium,29.99,9876,153.09511318181796,0
TXN_106475,610,Free,499.0,10470,59.822437318787536,0
TXN_106476,172,Premium,0.0,6969,147.17351138728833,0
TXN_106477,1030,Unknown,499.0,10509,106.35563792463259,0
TXN_106478,278,Premium,0.0,8560,85.32449637837308,0
TXN_106479,311,Premium,0.0,7435,-999.0,0
TXN_106480,904,Premium,0.0,14100,119.37735255898792,0
TXN_106481,333,Premium,0.0,12665,122.31508211661068,0
TXN_106482,564,Premium,0.0,6799,111.64486197878686,0
TXN_106483,850,Free,29.99,12107,67.24679347084165,0
TXN_106484,322,Free,499.0,4435,121.66249617857636,0
TXN_106485,730,Free,499.0,3728,87.64147135329154,0
TXN_106486,924,Free,0.0,8873,76.58491672339841,0
TXN_106487,363,Free,499.0,9848,91.7533475086931,0
TXN_106488,306,Free,29.99,11385,75.77399785474938,0
TXN_106489,706,Enterprise,,9510,86.32085857359701,0
TXN_106490,984,Free,0.0,6964,82.16008268506332,0
TXN_106491,833,Free,,14215,25.29082702978701,0
TXN_106492,465,Free,29.99,13034,129.67324695355768,0
TXN_106493,375,Premium,499.0,9382,97.40358082618913,0
TXN_106494,479,Free,0.0,9176,119.51073826568005,0
TXN_106495,842,Free,29.99,5886,130.16186063438244,0
TXN_106496,408,Free,29.99,14213,125.72981218123111,0
TXN_106497,730,Enterprise,0.0,5573,133.82251052815866,0
TXN_106498,367,Unknown,0.0,11456,116.6155319857347,0
TXN_106499,1044,Unknown,,9179,129.00470040794195,0
TXN_106500,884,Free,0.0,11059,54.30860066379698,0
TXN_106501,163,Premium,0.0,8063,116.55225435528776,0
TXN_106502,909,Premium,29.99,10163,115.51293793518981,0
TXN_106503,449,Free,0.0,13857,105.35341386420795,0
TXN_106504,1024,Free,29.99,12579,118.65734135252188,0
TXN_106505,1014,Free,29.99,6146,66.35564120921813,0
TXN_106506,593,Premium,0.0,10513,109.10694130227226,0
TXN_106507,622,Free,499.0,8386,117.90219156117529,0
TXN_106508,197,Free,0.0,11441,173.70797727206264,0
TXN_106509,1045,Free,499.0,10252,116.99130637217507,0
TXN_106510,170,Premium,,8649,85.28519267321687,0
TXN_106511,463,Enterprise,0.0,10764,34.563687531122056,0
TXN_106512,669,Premium,499.0,11186,111.57502322134376,0
TXN_106513,901,Premium,29.99,7981,133.04328397461654,0
TXN_106514,862,Premium,29.99,3290,116.33475054277585,0
TXN_106515,375,Free,0.0,10125,155.83202162638614,0
TXN_106516,149,Free,0.0,13974,68.70525359189679,0
TXN_106517,457,Unknown,,9466,80.35777617915554,0
TXN_106518,827,Unknown,0.0,15439,202.2076015686521,0
TXN_106519,1005,Premium,0.0,12408,119.44277697740002,0
TXN_106520,1027,Free,0.0,10571,101.44131603075039,0
TXN_106521,663,Free,29.99,12673,104.5767118148327,0
TXN_106522,882,Free,499.0,5440,-999.0,0
TXN_106523,584,Enterprise,29.99,5157,155.22757247667465,0
TXN_106524,183,Premium,0.0,10333,83.98041576992895,0
TXN_106525,998,Enterprise,0.0,6908,109.20356382626413,0
TXN_106526,904,Premium,0.0,14074,74.5828362039812,0
TXN_106527,737,Free,0.0,11296,-5.552730306793521,0
TXN_106528,907,Free,29.99,8917,100.17802201755356,0
TXN_106529,683,Free,0.0,9045,113.03200422629678,0
TXN_106530,395,Premium,499.0,9648,109.66736699890693,0
TXN_106531,335,Free,29.99,11398,184.05828397457424,0
TXN_106532,155,Premium,499.0,10525,124.43625446079635,0
TXN_106533,1018,Premium,,14646,140.14613610101765,0
TXN_106534,459,Free,499.0,9856,205.32518032067264,0
TXN_106535,1006,Free,0.0,8399,151.72009849598527,0
TXN_106536,209,Free,499.0,7603,79.04855498470323,0
TXN_106537,291,Premium,499.0,5727,80.60901779915963,1
TXN_106538,1003,Free,499.0,5016,60.19578762607385,0
TXN_106539,192,Free,0.0,7617,168.5413174453555,0
TXN_106540,961,Enterprise,0.0,7835,223.24108175321743,0
TXN_106541,667,Premium,,12501,137.8600812090079,0
TXN_106542,159,Premium,0.0,8809,106.8301475538224,0
TXN_106543,749,Premium,0.0,15451,186.18901576942548,1
TXN_106544,138,Enterprise,0.0,15333,165.62280573736817,0
TXN_106545,639,Premium,499.0,8029,81.10224005792261,0
TXN_106546,148,Free,29.99,6779,117.55873625247665,0
TXN_106547,519,Free,499.0,6326,128.24460733309553,0
TXN_106548,736,Premium,0.0,10771,104.10036119876102,0
TXN_106549,112,Premium,0.0,10382,97.9393444766773,0
TXN_106550,135,Premium,29.99,12703,154.54509010180465,0
TXN_106551,200,Enterprise,29.99,12611,178.8994140438668,0
TXN_106552,893,Enterprise,0.0,14358,169.14487898494912,0
TXN_106553,185,Free,0.0,4133,151.292389528414,0
TXN_106554,615,Free,0.0,8689,197.29560116194676,0
TXN_106555,322,Free,0.0,11156,98.02683549067794,0
TXN_106556,437,Premium,29.99,12624,101.6605987807973,0
TXN_106557,265,Free,0.0,9672,144.57111922435107,0
TXN_106558,482,Free,0.0,10668,139.69466381246718,0
TXN_106559,955,Free,0.0,9512,91.36424416167795,0
TXN_106560,994,Free,0.0,14191,108.42157499285565,0
TXN_106561,475,Free,499.0,10058,103.74514514452189,0
TXN_106562,570,Free,0.0,10334,109.48412204141272,0
TXN_106563,889,Premium,0.0,8080,144.23108587546645,0
TXN_106564,741,Free,0.0,7264,119.3241410403471,0
TXN_106565,130,Free,29.99,15133,28.37686513167182,0
TXN_106566,474,Enterprise,29.99,4859,129.2188064446004,0
TXN_106567,110,Enterprise,0.0,5954,129.97448334782038,0
TXN_106568,401,Free,29.99,7848,-999.0,0
TXN_106569,195,Free,29.99,9760,127.85481393526962,0
TXN_106570,289,Premium,0.0,7364,137.84604478706112,0
TXN_106571,552,Free,0.0,9453,36.14020791460308,0
TXN_106572,291,Free,29.99,7659,120.73169637953755,0
TXN_106573,585,Free,29.99,12351,123.15733961598129,0
TXN_106574,365,Free,,17938,150.96723027585048,0
TXN_106575,523,Premium,0.0,8686,161.69316433145949,0
TXN_106576,227,Enterprise,499.0,13414,106.53060887243466,0
TXN_106577,337,Premium,0.0,9247,195.22554757627643,0
TXN_106578,1019,Premium,499.0,7068,130.77349755204662,0
TXN_106579,454,Free,29.99,9700,132.93573800911864,0
TXN_106580,1039,Premium,29.99,7664,119.49614863919598,0
TXN_106581,211,Free,0.0,999999,82.71894044144676,0
TXN_106582,927,Free,0.0,11184,110.67305219287486,0
TXN_106583,545,Premium,29.99,8692,138.6528478291681,0
TXN_106584,442,Enterprise,0.0,3900,146.08743905727988,0
TXN_106585,244,Free,0.0,11834,120.62497727106069,0
TXN_106586,164,Enterprise,0.0,12852,71.47427083967054,0
TXN_106587,346,Free,0.0,5591,81.1828889416569,0
TXN_106588,834,Free,29.99,9645,196.8816880335703,0
TXN_106589,589,Free,0.0,15083,124.117514103019,0
TXN_106590,924,Premium,0.0,10203,169.26400870840328,0
TXN_106591,538,Enterprise,0.0,16391,221.18632610595793,0
TXN_106592,205,Premium,499.0,14940,64.737539378934,0
TXN_106593,280,Free,499.0,11353,77.9164914684149,0
TXN_106594,283,Free,29.99,9020,121.78860773906082,0
TXN_106595,325,Premium,29.99,5684,87.41571332561327,0
TXN_106596,876,Free,0.0,6374,119.3042788321694,0
TXN_106597,889,Free,29.99,7279,85.27097293639034,0
TXN_106598,1008,Unknown,29.99,8213,103.6972705440036,0
TXN_106599,188,Premium,29.99,10798,121.96285917435175,0
TXN_106600,787,Free,0.0,10129,82.46496848862174,0
TXN_106601,629,Free,29.99,6744,128.12346738982754,0
TXN_106602,470,Free,499.0,16830,93.6382798222981,0
TXN_106603,1035,Premium,499.0,8778,102.8771312057867,0
TXN_106604,1012,Enterprise,499.0,8547,145.31712794219303,0
TXN_106605,498,Premium,0.0,9616,129.3084491076766,0
TXN_106606,205,Free,0.0,10134,147.2167884447198,0
TXN_106607,370,Free,499.0,13793,139.683007129589,0
TXN_106608,930,Unknown,0.0,7211,74.00600485334452,0
TXN_106609,602,Unknown,29.99,9153,110.60138778034404,0
TXN_106610,778,Premium,0.0,8648,93.31417007980897,0
TXN_106611,624,Free,29.99,9838,118.28659006408903,0
TXN_106612,948,Premium,29.99,12928,105.806391740698,0
TXN_106613,131,Enterprise,499.0,14262,143.36399810405845,0
TXN_106614,492,Premium,0.0,13618,159.3128796677759,0
TXN_106615,139,Premium,499.0,14037,96.15092908916694,0
TXN_106616,759,Free,499.0,9068,97.3609566179632,0
TXN_106617,317,Free,499.0,10386,165.50157438017783,0
TXN_106618,830,Free,29.99,17951,175.89736588276182,0
TXN_106619,181,Enterprise,29.99,6272,138.7367655777169,0
TXN_106620,944,Premium,,13144,81.04723048806885,0
TXN_106621,819,Premium,29.99,10740,151.35577045001716,0
TXN_106622,300,Free,29.99,5248,153.05611594228304,0
TXN_106623,546,Enterprise,0.0,14644,175.960850880117,0
TXN_106624,943,Enterprise,0.0,9405,103.18365073270023,0
TXN_106625,527,Free,0.0,9445,192.0312837339614,0
TXN_106626,137,Enterprise,29.99,13462,65.53011357518268,0
TXN_106627,310,Free,29.99,17914,155.40541342972946,0
TXN_106628,543,Free,0.0,8136,156.07581788089834,0
TXN_106629,426,Free,499.0,4989,159.40384750402228,0
TXN_106630,860,Enterprise,29.99,8356,34.84452919089628,0
TXN_106631,326,Enterprise,29.99,13897,58.70018430385585,1
TXN_106632,147,Free,,8199,146.3420340614761,0
TXN_106633,117,Premium,0.0,9473,157.2503243687305,1
TXN_106634,1011,Premium,499.0,999999,102.28478880354963,0
TXN_106635,538,Enterprise,29.99,7957,111.66722030681868,0
TXN_106636,906,Free,29.99,12833,110.07528919790184,0
TXN_106637,807,Premium,0.0,10139,93.54034266449821,0
TXN_106638,286,Premium,0.0,17594,222.94974588531267,0
TXN_106639,444,Free,29.99,6122,161.87419868425178,0
TXN_106640,323,Free,0.0,8788,76.59041417767364,0
TXN_106641,929,Premium,0.0,12160,152.6193984108783,0
TXN_106642,587,Free,499.0,7348,71.19870327830378,0
TXN_106643,1008,Unknown,29.99,17890,112.67159988236364,0
TXN_106644,976,Free,499.0,13164,79.01519698574447,0
TXN_106645,948,Unknown,29.99,10159,46.09296748546721,1
TXN_106646,328,Free,29.99,10647,136.40129739738083,0
TXN_106647,489,Free,,6140,117.29505207844308,0
TXN_106648,688,Free,,7964,134.47519305499821,0
TXN_106649,287,Premium,0.0,12850,56.23695333540984,0
TXN_106650,957,Premium,499.0,9991,227.98757559331563,0
TXN_106651,369,Free,0.0,12223,104.60723662653778,0
TXN_106652,706,Free,0.0,9691,163.23933395087693,0
TXN_106653,409,Premium,29.99,9474,117.72069904446647,0
TXN_106654,231,Free,,8755,118.47047785562329,0
TXN_106655,650,Premium,,999999,79.11367690107852,0
TXN_106656,171,Free,0.0,7288,215.15609673682448,0
TXN_106657,892,Premium,499.0,11041,225.31691858080444,0
TXN_106658,944,Premium,499.0,13694,-999.0,0
TXN_106659,771,Unknown,0.0,11487,131.7119205207892,0
TXN_106660,286,Premium,29.99,9853,119.96150310241795,0
TXN_106661,585,Free,29.99,15623,176.3320195653437,0
TXN_106662,290,Free,0.0,14349,200.84386420105608,0
TXN_106663,521,Premium,499.0,13631,59.580728292245894,0
TXN_106664,219,Premium,0.0,8760,23.53429311545048,0
TXN_106665,319,Enterprise,0.0,17319,100.3240939370096,0
TXN_106666,152,Premium,0.0,9212,76.8097725527419,0
TXN_106667,833,Premium,29.99,14534,104.26304554552269,0
TXN_106668,550,Free,29.99,6862,146.41507145849394,0
TXN_106669,511,Free,0.0,10306,170.3869024441516,0
TXN_106670,742,Free,29.99,6069,118.82178209274254,0
TXN_106671,336,Free,0.0,13944,159.094031130984,0
TXN_106672,857,Premium,499.0,4274,106.10322318547242,0
TXN_106673,837,Free,29.99,4915,178.5800060813023,0
TXN_106674,819,Free,0.0,7774,63.30586176942133,0
TXN_106675,505,Free,0.0,12972,126.02139172381649,0
TXN_106676,707,Free,0.0,9039,35.67174506016613,0
TXN_106677,521,Free,499.0,14628,133.65897379888082,0
TXN_106678,811,Premium,29.99,5376,132.87118218736498,0
TXN_106679,346,Free,29.99,6743,52.01923086527188,0
TXN_106680,171,Premium,0.0,7270,125.28362370067937,0
TXN_106681,929,Premium,29.99,11893,139.66841581145312,1
TXN_106682,284,Unknown,499.0,13442,168.19207989250629,0
TXN_106683,105,Free,0.0,7993,181.82654807979253,0
TXN_106684,305,Free,29.99,11789,121.58711702199498,0
TXN_106685,643,Free,499.0,10514,136.60978109524302,0
TXN_106686,710,Free,29.99,11891,59.39305697248936,0
TXN_106687,1005,Enterprise,0.0,12349,124.94176894386186,0
TXN_106688,486,Premium,0.0,15198,136.64681472832635,0
TXN_106689,867,Premium,0.0,12619,102.57352112710707,0
TXN_106690,798,Free,499.0,7345,123.65928090342766,0
TXN_106691,175,Premium,29.99,10486,138.86460268078702,0
TXN_106692,276,Free,,13122,66.61626893796137,0
TXN_106693,926,Premium,0.0,9530,146.5325170889649,0
TXN_106694,898,Premium,0.0,11669,133.44875006964122,0
TXN_106695,448,Free,0.0,13699,104.72863865805407,0
TXN_106696,354,Free,0.0,11453,160.46254172733256,0
TXN_106697,936,Enterprise,0.0,8697,103.61766453480699,0
TXN_106698,801,Free,0.0,11776,206.20396285482542,0
TXN_106699,407,Free,499.0,11634,150.40410471737167,0
TXN_106700,444,Free,0.0,5703,118.4322365283721,0
TXN_106701,226,Free,29.99,8367,153.3325936679266,0
TXN_106702,1036,Premium,499.0,12719,160.60777043451515,0
TXN_106703,386,Premium,,11866,78.21928660454707,0
TXN_106704,865,Premium,0.0,8651,112.3115931211519,0
TXN_106705,824,Free,499.0,7246,95.64530873982302,0
TXN_106706,861,Premium,0.0,17098,220.31781164758388,0
TXN_106707,695,Enterprise,0.0,7613,47.94873769861101,0
TXN_106708,586,Free,499.0,7141,149.9798713596051,0
TXN_106709,482,Free,499.0,9904,91.74971920767426,0
TXN_106710,505,Enterprise,499.0,7488,83.4344133022775,0
TXN_106711,487,Free,499.0,4016,137.34716655952946,0
TXN_106712,624,Free,0.0,5316,126.03401637005487,0
TXN_106713,656,Free,29.99,9710,155.28712997964598,0
TXN_106714,738,Free,0.0,11628,131.88132017142527,1
TXN_106715,1037,Free,29.99,9320,84.96808060166451,0
TXN_106716,725,Free,0.0,9678,166.93815240841178,0
TXN_106717,1044,Premium,0.0,12717,122.4003042692874,0
TXN_106718,375,Free,499.0,10496,80.7306260643338,0
TXN_106719,599,Enterprise,499.0,6449,82.60198275014046,0
TXN_106720,816,Free,29.99,9777,103.43111412467555,0
TXN_106721,436,Unknown,29.99,4399,191.72648427154869,0
TXN_106722,1049,Unknown,29.99,9958,3.032980079543705,0
TXN_106723,1031,Premium,29.99,10460,149.48592887601382,0
TXN_106724,580,Enterprise,,14398,146.24521388652454,0
TXN_106725,996,Premium,0.0,14250,156.98395825953705,0
TXN_106726,1010,Enterprise,0.0,15885,117.23272727446799,0
TXN_106727,372,Free,499.0,6986,105.18123057351983,0
TXN_106728,1019,Free,499.0,6247,183.35971741882042,0
TXN_106729,157,Premium,29.99,8756,59.72797015014447,0
TXN_106730,427,Free,0.0,8554,70.44042754039998,0
TXN_106731,830,Enterprise,499.0,9452,29.46235098142631,0
TXN_106732,208,Enterprise,29.99,11823,100.64072076334172,1
TXN_106733,378,Free,499.0,13620,231.72762478319203,0
TXN_106734,785,Enterprise,29.99,7999,74.9232267224784,0
TXN_106735,427,Free,0.0,6707,139.9466007806914,0
TXN_106736,875,Free,0.0,10146,97.63699491358236,0
TXN_106737,414,Premium,29.99,6573,109.75208859369604,0
TXN_106738,573,Free,0.0,16531,78.49857990153174,0
TXN_106739,210,Premium,0.0,5370,97.0914047205996,0
TXN_106740,798,Premium,0.0,10564,80.88500347361864,0
TXN_106741,880,Free,0.0,13926,193.42405797704788,1
TXN_106742,1034,Premium,0.0,13158,107.68759123392695,0
TXN_106743,328,Premium,0.0,6012,54.34486250829882,0
TXN_106744,596,Free,499.0,11602,179.90975065104945,0
TXN_106745,255,Free,0.0,12956,46.1675984822908,0
TXN_106746,572,Enterprise,0.0,10154,152.96733821423567,0
TXN_106747,800,Enterprise,0.0,5845,117.2137693304753,0
TXN_106748,371,Free,499.0,6085,176.05762210972802,0
TXN_106749,986,Free,0.0,10033,76.0520295817611,0
TXN_106750,101,Enterprise,0.0,10336,170.6580685888974,0
TXN_106751,857,Premium,0.0,13584,143.3178847206553,1
TXN_106752,821,Free,29.99,11095,129.68957723197877,1
TXN_106753,610,Premium,29.99,10870,129.43039204791543,0
TXN_106754,1012,Free,0.0,6061,79.17341187482802,0
TXN_106755,385,Premium,0.0,9582,262.30215899967914,0
TXN_106756,970,Free,0.0,10919,123.23079387905668,0
TXN_106757,112,Free,29.99,7557,111.82087186120818,0
TXN_106758,707,Free,29.99,12456,103.75186371205353,0
TXN_106759,597,Unknown,0.0,10792,134.95813166937958,1
TXN_106760,832,Premium,29.99,8307,137.2751678098352,0
TXN_106761,337,Premium,0.0,4836,149.2446504198633,0
TXN_106762,193,Premium,29.99,13884,-999.0,0
TXN_106763,437,Free,29.99,10784,150.08690982197425,0
TXN_106764,880,Enterprise,499.0,8339,163.95819154281918,0
TXN_106765,270,Free,0.0,11741,200.43400335496432,0
TXN_106766,705,Enterprise,29.99,8466,133.39786419961976,0
TXN_106767,760,Free,0.0,13826,163.61708033515959,0
TXN_106768,723,Free,0.0,11356,75.809219712654,0
TXN_106769,666,Premium,0.0,4228,108.2786697950176,0
TXN_106770,948,Premium,0.0,7194,61.48513552472555,0
TXN_106771,1035,Enterprise,0.0,8852,66.52128414477536,0
TXN_106772,566,Premium,,12106,123.74661944832097,0
TXN_106773,727,Free,29.99,6452,147.30811316572513,1
TXN_106774,242,Enterprise,0.0,10927,143.7744674378887,0
TXN_106775,300,Free,0.0,8943,88.76489978764033,1
TXN_106776,279,Enterprise,0.0,9341,155.8431233141615,0
TXN_106777,813,Premium,0.0,7574,69.99789460972994,0
TXN_106778,463,Free,0.0,6632,92.13204651182551,0
TXN_106779,578,Free,29.99,7248,116.60902694359785,0
TXN_106780,664,Free,499.0,14922,83.176483649587,0
TXN_106781,570,Free,29.99,10438,87.42512278244493,0
TXN_106782,483,Free,29.99,7027,133.96957745117012,0
TXN_106783,791,Free,499.0,7859,101.80140168774547,0
TXN_106784,1025,Free,0.0,10194,113.89094221446214,0
TXN_106785,516,Premium,0.0,7032,192.31413070589159,0
TXN_106786,924,Enterprise,29.99,9864,155.1406017192937,0
TXN_106787,407,Free,29.99,4589,120.23914550757848,0
TXN_106788,748,Free,29.99,7583,93.53346518719934,0
TXN_106789,793,Free,0.0,16813,167.88635639801834,0
TXN_106790,466,Premium,499.0,13339,74.00371558002817,0
TXN_106791,100,Enterprise,0.0,5053,103.42050757632671,0
TXN_106792,143,Premium,499.0,8061,120.35215644109395,0
TXN_106793,838,Enterprise,499.0,4040,115.82420308605136,0
TXN_106794,942,Premium,0.0,5778,41.87489964263504,0
TXN_106795,197,Premium,499.0,7745,128.3371059048022,0
TXN_106796,819,Free,29.99,8705,164.054892605508,0
TXN_106797,364,Enterprise,499.0,7727,135.0041008152247,0
TXN_106798,899,Enterprise,0.0,10562,162.9340158572872,0
TXN_106799,882,Premium,499.0,10018,116.36770013613,0
TXN_106800,239,Enterprise,0.0,7771,157.70095517498208,0
TXN_106801,580,Free,499.0,9053,59.8462604379446,0
TXN_106802,336,Enterprise,0.0,13977,192.05128011362075,0
TXN_106803,1003,Free,0.0,5733,185.61010048053637,0
TXN_106804,171,Free,0.0,7629,153.1673238794334,0
TXN_106805,766,Free,0.0,5368,144.02838743729293,0
TXN_106806,289,Unknown,0.0,10745,27.677524919854847,0
TXN_106807,367,Enterprise,0.0,5192,73.08095453556004,0
TXN_106808,420,Enterprise,0.0,8260,135.83911744883392,0
TXN_106809,206,Enterprise,0.0,5438,85.7294559166557,0
TXN_106810,331,Free,0.0,10805,156.2982230647373,0
TXN_106811,141,Enterprise,0.0,5242,112.02878153640057,0
TXN_106812,801,Unknown,499.0,13336,93.12672333987882,0
TXN_106813,982,Premium,29.99,7429,125.03684997372044,0
TXN_106814,238,Free,0.0,9469,41.22417938528693,0
TXN_106815,714,Premium,29.99,13425,46.65462935794831,0
TXN_106816,782,Unknown,499.0,13928,102.21675489691853,0
TXN_106817,962,Enterprise,0.0,15507,102.41636063046144,0
TXN_106818,372,Enterprise,0.0,12347,107.21392322426628,0
TXN_106819,580,Enterprise,29.99,10062,108.34930857605451,0
TXN_106820,515,Enterprise,,11930,-8.647145785190787,0
TXN_106821,605,Premium,29.99,9848,131.54665478694938,0
TXN_106822,832,Premium,29.99,7093,176.8288647955328,0
TXN_106823,824,Free,0.0,16650,81.32164533917569,0
TXN_106824,952,Premium,499.0,7375,128.3873749233439,0
TXN_106825,523,Premium,0.0,11737,171.4301854302685,0
TXN_106826,506,Enterprise,0.0,9060,94.09067016763707,0
TXN_106827,667,Free,29.99,11534,38.284623738115556,0
TXN_106828,489,Free,499.0,9668,175.21801610850704,0
TXN_106829,441,Free,0.0,8294,75.90160487244235,0
TXN_106830,1045,Premium,0.0,14930,112.08231056382874,0
TXN_106831,713,Premium,29.99,19618,72.64914886998366,0
TXN_106832,1032,Free,29.99,8376,75.60560284597399,0
TXN_106833,592,Free,0.0,8014,82.63903702146817,0
TXN_106834,291,Free,0.0,8757,142.35254741581093,0
TXN_106835,598,Free,0.0,9710,156.0279664210693,0
TXN_106836,921,Free,29.99,7351,164.65957089121076,1
TXN_106837,811,Free,499.0,6376,139.3739991114029,0
TXN_106838,332,Free,0.0,6983,77.96773181007609,0
TXN_106839,1044,Free,499.0,11186,87.88964144331811,0
TXN_106840,326,Free,0.0,12745,105.96125284471216,0
TXN_106841,470,Enterprise,0.0,8522,175.87224682797077,1
TXN_106842,238,Free,29.99,12487,143.44154644929242,0
TXN_106843,955,Free,29.99,8324,122.6092720572271,0
TXN_106844,916,Free,0.0,7970,144.04474238482038,0
TXN_106845,248,Free,29.99,7689,60.1525873755307,0
TXN_106846,214,Free,499.0,9612,228.0851175236583,0
TXN_106847,549,Free,0.0,16316,83.58847994905068,0
TXN_106848,162,Premium,0.0,5742,100.4722360186885,0
TXN_106849,203,Premium,0.0,9466,73.45726808146281,0
TXN_106850,950,Premium,499.0,9764,63.992776484761954,0
TXN_106851,970,Premium,0.0,4739,92.87197141116249,0
TXN_106852,767,Free,499.0,16220,137.26293593149734,0
TXN_106853,372,Enterprise,29.99,8354,125.41081064128839,0
TXN_106854,105,Free,499.0,11593,67.72406100697546,0
TXN_106855,246,Premium,29.99,8608,50.37990435812205,0
TXN_106856,283,Free,0.0,10863,47.6478907633234,0
TXN_106857,127,Enterprise,499.0,15101,165.17760899883194,0
TXN_106858,649,Premium,29.99,6157,178.43292513168322,0
TXN_106859,218,Free,29.99,6422,124.39883746196004,0
TXN_106860,392,Premium,29.99,16638,128.9254024185475,0
TXN_106861,470,Free,29.99,10426,67.19859715246919,0
TXN_106862,343,Premium,0.0,19665,137.43628185271538,0
TXN_106863,679,Premium,0.0,10262,101.07944221089673,0
TXN_106864,825,Free,0.0,9841,-36.19454524157689,0
TXN_106865,317,Free,,14984,59.030094039610844,0
TXN_106866,276,Free,29.99,14152,183.21161427028855,0
TXN_106867,398,Premium,0.0,6885,164.2875204517901,0
TXN_106868,775,Free,29.99,7332,115.00565376751439,0
TXN_106869,157,Premium,0.0,9153,132.7887913334521,0
TXN_106870,368,Unknown,0.0,8069,98.61083193065897,0
TXN_106871,407,Free,0.0,15145,101.70985548596997,0
TXN_106872,669,Unknown,29.99,10432,110.79268779121273,0
TXN_106873,387,Premium,,6104,68.64485947540112,0
TXN_106874,204,Free,,13601,145.47807939457724,0
TXN_106875,327,Free,0.0,11471,166.04420248996448,0
TXN_106876,346,Premium,29.99,11834,145.366855815257,0
TXN_106877,799,Free,499.0,11682,-999.0,0
TXN_106878,593,Free,0.0,7718,119.39087910215324,0
TXN_106879,182,Free,499.0,8232,59.25437890102657,0
TXN_106880,285,Premium,499.0,10159,125.50399412049646,0
TXN_106881,351,Premium,29.99,12549,165.04934285688466,0
TXN_106882,454,Premium,0.0,9535,173.303980820365,0
TXN_106883,849,Free,499.0,9369,158.7564146404377,0
TXN_106884,971,Enterprise,499.0,10955,134.3289386118945,0
TXN_106885,795,Unknown,29.99,13230,203.93688849435563,0
TXN_106886,895,Free,0.0,15495,131.4854959437675,0
TXN_106887,996,Free,499.0,8001,60.98206389940982,0
TXN_106888,1037,Enterprise,0.0,8079,96.18538227071733,0
TXN_106889,309,Enterprise,0.0,10169,125.50643311326894,0
TXN_106890,915,Premium,29.99,7534,28.321665096105164,0
TXN_106891,907,Enterprise,,10748,105.57388140291941,0
TXN_106892,708,Premium,499.0,8749,169.5865297858402,0
TXN_106893,546,Free,29.99,15346,179.6203380970171,0
TXN_106894,559,Premium,29.99,10402,131.05764090027694,0
TXN_106895,571,Premium,0.0,12568,110.71109141704378,0
TXN_106896,819,Unknown,499.0,12355,146.4531005760896,0
TXN_106897,469,Free,29.99,16937,134.21528142333958,0
TXN_106898,999,Premium,499.0,9252,64.26857947158373,0
TXN_106899,1033,Premium,29.99,16409,107.77448560996456,1
TXN_106900,591,Free,499.0,13070,139.2373325318111,0
TXN_106901,1022,Free,499.0,14112,-49.97578936691639,0
TXN_106902,236,Enterprise,0.0,5295,113.30507140163216,0
TXN_106903,466,Free,0.0,8146,116.45563756800576,0
TXN_106904,1011,Premium,0.0,7956,154.96645174943512,0
TXN_106905,283,Enterprise,499.0,8751,69.44776044133668,0
TXN_106906,687,Free,29.99,8475,125.0668447083671,0
TXN_106907,386,Unknown,29.99,6737,28.030121425145467,0
TXN_106908,571,Premium,0.0,14131,95.72123002545341,0
TXN_106909,474,Free,29.99,14203,122.14450036434843,0
TXN_106910,753,Free,29.99,9050,51.17993833020461,1
TXN_106911,848,Unknown,0.0,8909,91.54741555563096,0
TXN_106912,636,Free,,7017,143.83988097840086,0
TXN_106913,610,Free,0.0,11530,153.1018674127384,0
TXN_106914,901,Free,0.0,12143,150.23105141171246,0
TXN_106915,678,Free,0.0,13366,51.910443554864926,0
TXN_106916,349,Free,0.0,11566,-999.0,0
TXN_106917,1019,Unknown,29.99,11128,114.79197663790595,0
TXN_106918,609,Enterprise,0.0,11529,99.2170614775597,0
TXN_106919,729,Free,499.0,5353,110.33585845848953,0
TXN_106920,172,Free,0.0,10208,85.90111687270917,0
TXN_106921,381,Premium,29.99,11464,200.0237715397641,0
TXN_106922,1015,Free,29.99,9049,69.00551050957617,0
TXN_106923,459,Enterprise,499.0,5293,154.90158029797138,0
TXN_106924,109,Enterprise,0.0,11716,177.65274911935188,0
TXN_106925,310,Enterprise,,4730,79.39006952605436,0
TXN_106926,934,Free,29.99,7172,184.22215153952152,0
TXN_106927,251,Free,0.0,4888,200.19839641898693,0
TXN_106928,104,Free,0.0,12530,103.73732458063355,0
TXN_106929,294,Free,0.0,6532,140.4792060822457,0
TXN_106930,382,Free,499.0,8968,85.94707644864852,0
TXN_106931,563,Enterprise,0.0,9186,183.17615248868267,0
TXN_106932,212,Enterprise,0.0,11383,38.037538448328505,0
TXN_106933,370,Unknown,0.0,10342,76.48571103821394,0
TXN_106934,262,Enterprise,0.0,10798,158.2810186179108,0
TXN_106935,559,Free,29.99,9402,150.6793464520014,0
TXN_106936,204,Premium,29.99,10915,125.96376086085296,0
TXN_106937,792,Free,0.0,15537,162.06827635055464,0
TXN_106938,655,Free,0.0,9618,33.15842265571493,0
TXN_106939,381,Premium,0.0,7842,158.95321393946173,0
TXN_106940,786,Premium,29.99,8725,132.48003128961483,0
TXN_106941,261,Premium,499.0,5975,153.94596306219253,0
TXN_106942,450,Free,0.0,9967,102.79307342166308,0
TXN_106943,533,Free,0.0,10298,173.89229413760188,0
TXN_106944,951,Free,0.0,11418,163.0937473547445,0
TXN_106945,239,Free,499.0,9247,111.50422959412724,0
TXN_106946,570,Free,29.99,14779,94.31604852326782,0
TXN_106947,231,Premium,0.0,10475,127.25066395462524,0
TXN_106948,186,Enterprise,0.0,10091,75.01173818515423,0
TXN_106949,787,Free,0.0,17234,106.12163562514482,0
TXN_106950,282,Premium,29.99,8967,172.05616912494204,0
TXN_106951,467,Free,0.0,11567,87.19192291197322,0
TXN_106952,228,Unknown,0.0,10765,73.9263803917039,0
TXN_106953,345,Free,29.99,5987,-999.0,0
TXN_106954,700,Enterprise,0.0,11514,138.23037754430018,0
TXN_106955,677,Enterprise,29.99,11960,136.18603105548434,1
TXN_106956,769,Enterprise,0.0,10030,126.94999657396352,0
TXN_106957,998,Free,499.0,15513,83.27215203602486,0
TXN_106958,477,Premium,0.0,11870,190.34676926067598,0
TXN_106959,248,Free,499.0,8860,106.22318791950485,0
TXN_106960,951,Free,0.0,13256,26.40566017156108,0
TXN_106961,532,Free,0.0,16219,99.49282250680682,0
TXN_106962,727,Enterprise,499.0,11681,185.61963465558392,0
TXN_106963,825,Enterprise,499.0,9296,114.80679335256714,0
TXN_106964,568,Free,0.0,9236,179.412676789166,0
TXN_106965,545,Premium,499.0,10164,127.52727473273188,0
TXN_106966,580,Unknown,0.0,10969,94.61284333631394,0
TXN_106967,983,Free,29.99,5345,88.8624842555374,0
TXN_106968,393,Free,0.0,7581,167.51041807377197,0
TXN_106969,864,Free,0.0,12179,147.91309281198878,0
TXN_106970,242,Premium,29.99,10063,64.67134423401099,0
TXN_106971,349,Free,29.99,4492,152.41615052056008,0
TXN_106972,977,Premium,29.99,11615,108.2284428626622,0
TXN_106973,1047,Free,29.99,11422,109.82018878411509,0
TXN_106974,401,Free,,12041,189.99106264228783,0
TXN_106975,124,Free,0.0,7858,210.31906226471608,0
TXN_106976,888,Free,0.0,9913,86.41711676507805,0
TXN_106977,988,Free,29.99,9425,23.178295418957887,0
TXN_106978,989,Free,0.0,13035,127.48649230344247,0
TXN_106979,1000,Enterprise,29.99,9032,167.55121036251913,0
TXN_106980,169,Free,29.99,9369,109.25103101890005,0
TXN_106981,724,Premium,0.0,8774,92.4917611755226,0
TXN_106982,974,Unknown,499.0,8693,74.48079029289451,0
TXN_106983,211,Enterprise,0.0,7012,122.58822926692004,0
TXN_106984,463,Unknown,0.0,9432,56.09017720122295,0
TXN_106985,402,Premium,0.0,11118,105.06375876504404,0
TXN_106986,570,Free,0.0,9850,104.59864893005388,0
TXN_106987,190,Enterprise,0.0,9379,143.15302478487632,0
TXN_106988,629,Enterprise,29.99,7855,158.12240498741795,0
TXN_106989,760,Enterprise,29.99,10315,100.27079195622082,0
TXN_106990,838,Premium,499.0,7459,-999.0,1
TXN_106991,825,Premium,0.0,5327,61.77087020507478,0
TXN_106992,971,Free,0.0,15228,161.64464184829833,0
TXN_106993,762,Premium,,6306,186.60319207932912,0
TXN_106994,291,Free,0.0,4979,64.93050799267473,0
TXN_106995,651,Free,,7638,204.64490635925293,0
TXN_106996,341,Premium,499.0,7211,204.42877783701113,0
TXN_106997,237,Free,499.0,8121,82.27688146192031,0
TXN_106998,444,Free,0.0,5720,112.94557756049383,0
TXN_106999,279,Enterprise,0.0,4532,153.18038503042723,0
TXN_107000,811,Enterprise,29.99,12064,118.06371385120222,0
TXN_107001,602,Premium,29.99,13054,103.05402384684277,0
TXN_107002,302,Premium,0.0,5266,169.40413139056434,0
TXN_107003,672,Unknown,499.0,11954,152.95443334160154,0
TXN_107004,291,Free,0.0,11184,80.06443009494848,0
TXN_107005,104,Premium,29.99,12241,145.1496014915,0
TXN_107006,989,Free,499.0,11895,134.52232957020323,0
TXN_107007,336,Free,0.0,10432,113.40336016710143,0
TXN_107008,792,Premium,0.0,7906,99.88611365058456,0
TXN_107009,410,Premium,0.0,11933,76.66579826943803,0
TXN_107010,648,Free,0.0,11146,108.45808171652475,0
TXN_107011,155,Free,0.0,9044,97.87011663837579,0
TXN_107012,542,Premium,0.0,10030,144.00441054721472,0
TXN_107013,336,Premium,0.0,4070,178.80680077069553,0
TXN_107014,969,Premium,499.0,7664,102.71703275214429,0
TXN_107015,960,Free,499.0,6260,132.55898119358713,0
TXN_107016,296,Premium,0.0,11782,79.75987436725525,0
TXN_107017,684,Free,0.0,6699,116.76448825647742,0
TXN_107018,670,Free,0.0,10910,151.17953127522145,0
TXN_107019,851,Premium,29.99,14098,113.67994204815537,0
TXN_107020,613,Premium,29.99,11625,105.04489203468161,0
TXN_107021,548,Free,,5502,103.36786156484058,0
TXN_107022,459,Free,0.0,11317,135.25143543620052,0
TXN_107023,799,Premium,499.0,9516,-999.0,0
TXN_107024,918,Free,29.99,6072,82.10943410869601,0
TXN_107025,129,Free,499.0,9910,168.36468659443454,0
TXN_107026,878,Free,29.99,9380,92.6196605730579,0
TXN_107027,207,Free,0.0,15517,176.3974052029642,0
TXN_107028,943,Free,29.99,5014,65.91719278258115,0
TXN_107029,1034,Enterprise,499.0,10727,212.93810195606753,0
TXN_107030,701,Premium,0.0,6210,177.67784891124717,0
TXN_107031,816,Premium,0.0,9015,69.47058404971442,0
TXN_107032,990,Premium,0.0,13708,121.54436200007471,0
TXN_107033,544,Premium,0.0,5266,123.20465567540492,0
TXN_107034,992,Enterprise,0.0,9627,88.02776903546993,0
TXN_107035,537,Premium,,13603,178.8126061106111,0
TXN_107036,831,Free,29.99,9066,159.00085050028292,0
TXN_107037,989,Premium,29.99,8943,163.02739596991577,0
TXN_107038,705,Free,29.99,3918,159.77389293749863,0
TXN_107039,556,Premium,499.0,7698,92.7516293217932,0
TXN_107040,714,Premium,499.0,7126,136.61977704752624,0
TXN_107041,834,Enterprise,29.99,12464,144.22288631708386,0
TXN_107042,797,Premium,29.99,13379,72.43223415083052,0
TXN_107043,795,Free,0.0,7796,100.08101089896755,0
TXN_107044,594,Free,0.0,13505,138.18743703385942,0
TXN_107045,773,Free,0.0,8129,61.18451186308772,0
TXN_107046,346,Free,0.0,9738,129.3814301801845,0
TXN_107047,642,Free,29.99,8304,115.9246709879377,0
TXN_107048,663,Free,29.99,9411,54.11414732910495,0
TXN_107049,956,Free,0.0,8208,154.83404215483063,0
TXN_107050,687,Unknown,,5361,201.6398713716461,0
TXN_107051,996,Free,0.0,18910,107.98584343351169,0
TXN_107052,538,Free,29.99,10907,97.16509074285972,0
TXN_107053,377,Free,29.99,8102,127.60523768353116,0
TXN_107054,651,Premium,29.99,8925,146.10688623864388,0
TXN_107055,712,Free,0.0,7834,68.98190043928872,0
TXN_107056,210,Premium,499.0,7387,147.9280426086173,0
TXN_107057,484,Free,0.0,7626,123.04617500864319,0
TXN_107058,932,Premium,29.99,11132,44.92482764080242,0
TXN_107059,860,Enterprise,0.0,7365,96.62769174382265,0
TXN_107060,290,Free,29.99,9895,119.79859679761184,0
TXN_107061,589,Free,0.0,13848,101.32527206507088,0
TXN_107062,793,Free,499.0,7920,131.28126555798806,0
TXN_107063,525,Premium,0.0,16934,120.48844438802323,0
TXN_107064,504,Free,499.0,12270,89.58452984115777,0
TXN_107065,434,Premium,499.0,13839,187.8333056288305,0
TXN_107066,308,Premium,0.0,8271,48.26255026896982,0
TXN_107067,121,Premium,0.0,6153,-999.0,0
TXN_107068,777,Free,29.99,12614,162.69065170758967,0
TXN_107069,710,Free,0.0,8035,147.58481749793165,0
TXN_107070,307,Premium,0.0,11036,118.2493891500886,0
TXN_107071,107,Enterprise,0.0,6290,188.95617307183073,0
TXN_107072,801,Unknown,29.99,13275,83.89001164421866,0
TXN_107073,786,Enterprise,0.0,14144,154.55483901533103,0
TXN_107074,884,Premium,0.0,5621,55.87995936185354,0
TXN_107075,628,Premium,29.99,12283,112.54679672641923,0
TXN_107076,701,Premium,0.0,10679,136.47210451252587,0
TXN_107077,752,Free,0.0,8576,144.58026244827747,0
TXN_107078,756,Premium,499.0,12440,96.5875258077694,0
TXN_107079,265,Free,29.99,8915,66.39910992211927,0
TXN_107080,948,Free,0.0,8991,201.22991630155235,1
TXN_107081,595,Premium,0.0,9074,119.06628608340523,0
TXN_107082,689,Free,29.99,6862,74.85689159106582,0
TXN_107083,528,Free,0.0,8656,96.26899940433454,0
TXN_107084,873,Free,,15216,161.45836474748393,0
TXN_107085,262,Enterprise,29.99,12430,174.2832852290872,0
TXN_107086,465,Premium,,7713,92.70269990710827,0
TXN_107087,625,Premium,499.0,12094,209.50787903946693,0
TXN_107088,338,Free,29.99,11923,96.62609750230727,0
TXN_107089,171,Free,29.99,8270,93.25547576743514,0
TXN_107090,544,Free,499.0,11008,86.56378768332061,0
TXN_107091,754,Free,29.99,9963,82.33340101293518,0
TXN_107092,921,Premium,0.0,10464,133.10224848172138,0
TXN_107093,608,Free,29.99,16035,96.08176159484185,0
TXN_107094,894,Free,0.0,7962,77.41416641256745,0
TXN_107095,368,Free,29.99,12062,99.95050906483682,0
TXN_107096,852,Free,29.99,9536,161.48934664334277,0
TXN_107097,514,Free,,5897,30.302871327674993,0
TXN_107098,344,Premium,29.99,6647,147.01524373833013,0
TXN_107099,774,Premium,499.0,8326,77.35512902438101,0
TXN_107100,159,Enterprise,0.0,12187,182.7878599118338,0
TXN_107101,105,Premium,0.0,8933,200.28150149557365,0
TXN_107102,808,Free,499.0,9426,107.64713795777081,0
TXN_107103,669,Premium,499.0,10221,197.3303303445116,0
TXN_107104,916,Premium,29.99,6682,85.87527976691348,0
TXN_107105,506,Free,0.0,10700,61.805142927571886,0
TXN_107106,316,Premium,29.99,10107,44.95410817441824,0
TXN_107107,1029,Enterprise,499.0,9503,51.06627548713401,0
TXN_107108,125,Free,0.0,10518,121.21548941126372,0
TXN_107109,914,Premium,29.99,8385,67.86422702741108,0
TXN_107110,104,Enterprise,0.0,5981,232.9757299036042,0
TXN_107111,631,Premium,0.0,8438,96.79198694888309,0
TXN_107112,489,Premium,499.0,7081,85.69473425510844,0
TXN_107113,809,Free,0.0,11366,95.10248050507727,0
TXN_107114,670,Free,0.0,9630,139.8983175108836,0
TXN_107115,547,Premium,499.0,14832,144.54583077531748,0
TXN_107116,853,Premium,29.99,7915,164.92052880041064,0
TXN_107117,245,Enterprise,0.0,7287,132.5812819506388,0
TXN_107118,487,Free,499.0,10806,180.55255229506838,0
TXN_107119,884,Free,0.0,15254,122.01682306080019,0
TXN_107120,348,Free,,10440,130.5063841225648,0
TXN_107121,625,Free,29.99,9506,138.63147142830854,0
TXN_107122,561,Free,0.0,9546,115.82767323187298,0
TXN_107123,112,Free,0.0,9269,121.23085274817448,0
TXN_107124,1002,Free,0.0,11551,84.16473629258655,0
TXN_107125,483,Free,0.0,5041,55.09497252735923,0
TXN_107126,655,Free,29.99,7911,175.4585911396923,0
TXN_107127,986,Unknown,0.0,6342,111.7866559518657,0
TXN_107128,498,Premium,0.0,9597,82.74971230822172,0
TXN_107129,118,Free,499.0,7122,133.49161437027493,1
TXN_107130,674,Enterprise,0.0,12479,178.88745708207767,0
TXN_107131,590,Premium,29.99,12159,156.39926976046138,0
TXN_107132,850,Enterprise,0.0,13200,163.1222014602509,0
TXN_107133,518,Free,29.99,8388,75.51319552650425,0
TXN_107134,436,Free,29.99,7677,81.47600385781304,0
TXN_107135,518,Enterprise,499.0,9691,95.837975172468,0
TXN_107136,1014,Free,0.0,11536,141.31645939755134,0
TXN_107137,1015,Enterprise,0.0,12268,145.36453996889978,1
TXN_107138,711,Enterprise,0.0,11347,123.63005879008472,0
TXN_107139,774,Unknown,0.0,6727,182.48158992129902,0
TXN_107140,1027,Free,0.0,12469,125.19036755377857,0
TXN_107141,221,Free,29.99,8749,161.47158052128378,0
TXN_107142,531,Free,29.99,7306,36.00526500242057,0
TXN_107143,143,Unknown,499.0,8036,145.09752978444914,0
TXN_107144,971,Free,0.0,12355,217.0742744742866,0
TXN_107145,1019,Premium,29.99,19989,132.66567013873225,0
TXN_107146,416,Free,,8063,118.24964916879475,0
TXN_107147,480,Free,29.99,5565,130.9439711204404,0
TXN_107148,244,Free,29.99,10826,124.54588362773049,0
TXN_107149,426,Premium,,7841,71.06785740190894,0
TXN_107150,462,Enterprise,,8634,134.98995393462647,0
TXN_107151,149,Free,0.0,8868,99.58638131040925,0
TXN_107152,164,Enterprise,29.99,7197,113.06200484268804,0
TXN_107153,454,Premium,29.99,9688,89.22364041571467,0
TXN_107154,899,Premium,29.99,10526,151.74744721804655,0
TXN_107155,263,Premium,499.0,6012,59.070433039764936,0
TXN_107156,240,Free,0.0,10061,103.49727585444762,0
TXN_107157,925,Free,499.0,15070,169.7294460230418,0
TXN_107158,227,Premium,29.99,13379,166.96182866690472,0
TXN_107159,497,Free,0.0,8291,111.48771858445744,0
TXN_107160,1032,Free,499.0,10439,38.54897550877652,0
TXN_107161,979,Free,0.0,9732,187.07450362095244,0
TXN_107162,562,Premium,0.0,12646,108.34724081449107,0
TXN_107163,850,Free,,9607,97.85478627951093,0
TXN_107164,935,Premium,0.0,6132,128.98429964249067,0
TXN_107165,907,Free,29.99,6839,130.12691643789145,0
TXN_107166,286,Unknown,499.0,10497,109.60590650057726,0
TXN_107167,819,Free,,10525,124.39806583616493,0
TXN_107168,831,Premium,499.0,14331,135.01321343477437,0
TXN_107169,1011,Premium,29.99,11228,64.00234197838087,0
TXN_107170,289,Premium,29.99,9047,92.85029811172646,0
TXN_107171,487,Free,0.0,9784,153.84351578742223,0
TXN_107172,528,Premium,29.99,11423,179.5589218367646,0
TXN_107173,957,Free,499.0,7980,163.68531369059605,0
TXN_107174,383,Free,29.99,11206,92.1932045548521,0
TXN_107175,963,Premium,0.0,9619,156.43798223360568,0
TXN_107176,336,Premium,0.0,14227,88.16048349659584,0
TXN_107177,293,Premium,499.0,6536,98.95847400406697,0
TXN_107178,386,Enterprise,499.0,6717,74.14494007347153,0
TXN_107179,870,Free,29.99,7583,108.75857507388189,0
TXN_107180,857,Enterprise,29.99,9636,97.20860165112451,0
TXN_107181,235,Free,0.0,7948,171.24687143962942,0
TXN_107182,891,Premium,499.0,6803,64.752518036334,0
TXN_107183,882,Premium,29.99,14431,149.8076413718479,0
TXN_107184,270,Free,29.99,8187,192.88102798683565,0
TXN_107185,258,Free,0.0,8047,107.69557288216743,0
TXN_107186,300,Premium,0.0,12899,188.62269439896494,0
TXN_107187,586,Free,0.0,6926,54.51891695410694,0
TXN_107188,656,Free,499.0,6720,179.51295301244156,0
TXN_107189,875,Free,499.0,9697,68.41324634877404,0
TXN_107190,682,Premium,499.0,16215,123.06527206603465,0
TXN_107191,603,Free,499.0,7782,62.78852604840971,0
TXN_107192,975,Free,29.99,10892,141.52089712661476,0
TXN_107193,470,Free,0.0,14575,210.96494691829747,0
TXN_107194,202,Free,499.0,9501,98.48394782489618,0
TXN_107195,224,Enterprise,0.0,11757,54.92762424237243,0
TXN_107196,412,Enterprise,0.0,8925,103.03833367292532,0
TXN_107197,897,Free,0.0,12605,160.63170344855376,0
TXN_107198,557,Premium,0.0,7744,139.15503554316177,0
TXN_107199,329,Premium,29.99,6158,252.2758917332222,0
TXN_107200,757,Premium,0.0,11052,120.91677899802481,0
TXN_107201,981,Premium,0.0,14026,182.04315279294138,0
TXN_107202,296,Free,29.99,12755,38.61477345319781,0
TXN_107203,984,Free,499.0,4385,195.64787755404956,0
TXN_107204,832,Free,29.99,11906,118.5595813819572,0
TXN_107205,522,Free,0.0,8178,116.14529774937381,1
TXN_107206,671,Premium,0.0,8838,47.3451740796735,0
TXN_107207,709,Free,499.0,8321,92.08810449963937,0
TXN_107208,270,Free,29.99,11684,107.35275926744754,0
TXN_107209,481,Free,0.0,8642,142.7560321428298,0
TXN_107210,272,Premium,,4417,114.30056459111847,1
TXN_107211,762,Enterprise,0.0,11697,218.9261084573979,0
TXN_107212,552,Premium,0.0,11453,34.32534923317381,0
TXN_107213,449,Free,29.99,9450,143.1532901519719,0
TXN_107214,1001,Premium,0.0,15838,4.432895884789204,0
TXN_107215,733,Free,,9585,116.86801932395504,0
TXN_107216,593,Free,0.0,10833,140.60449817150447,0
TXN_107217,719,Free,0.0,10721,107.61169323432766,0
TXN_107218,103,Premium,0.0,13403,184.03722422832703,0
TXN_107219,192,Premium,29.99,7567,152.26945955301812,0
TXN_107220,1018,Enterprise,0.0,8295,138.82302177500736,0
TXN_107221,105,Premium,0.0,8286,135.7916679011729,0
TXN_107222,387,Free,0.0,8229,90.41238066416562,0
TXN_107223,717,Free,29.99,10744,108.52556889335631,0
TXN_107224,245,Free,499.0,10182,220.51649097414173,0
TXN_107225,882,Premium,29.99,8786,108.45352567833783,0
TXN_107226,523,Premium,29.99,6047,71.50756389040419,0
TXN_107227,989,Unknown,0.0,10929,189.29765049418032,0
TXN_107228,707,Premium,499.0,5746,165.9531488483135,0
TXN_107229,556,Enterprise,29.99,17843,113.39360679498829,0
TXN_107230,840,Premium,0.0,14523,74.95552534747449,0
TXN_107231,301,Enterprise,29.99,4351,183.11010335517219,0
TXN_107232,311,Premium,29.99,6684,103.57859750559425,0
TXN_107233,105,Premium,0.0,7666,151.25615073692003,0
TXN_107234,723,Premium,0.0,17384,164.96272180842013,0
TXN_107235,475,Premium,0.0,11246,116.33589942313696,0
TXN_107236,990,Free,499.0,7865,162.05232476006836,0
TXN_107237,546,Free,0.0,11317,107.35376182584015,0
TXN_107238,934,Free,29.99,15307,89.68578582598658,0
TXN_107239,205,Free,0.0,9555,48.85044842459786,0
TXN_107240,750,Premium,0.0,15102,164.6931239074834,0
TXN_107241,910,Free,0.0,10163,100.5700949616871,0
TXN_107242,500,Free,0.0,9086,-999.0,0
TXN_107243,195,Free,0.0,10896,131.68576819402,0
TXN_107244,487,Premium,29.99,14248,128.92805383414805,0
TXN_107245,551,Free,29.99,14985,101.92742832945615,0
TXN_107246,948,Free,499.0,6997,99.43394152791188,0
TXN_107247,908,Free,0.0,10670,123.73641133116826,0
TXN_107248,1000,Free,499.0,12177,11.825602311442779,0
TXN_107249,515,Enterprise,,15326,16.973318095727763,0
TXN_107250,825,Free,0.0,9169,151.31126917135242,0
TXN_107251,603,Premium,,12871,190.11051681347655,0
TXN_107252,553,Premium,0.0,5294,145.60724787050955,0
TXN_107253,390,Unknown,29.99,7214,192.1798816998435,0
TXN_107254,633,Free,0.0,12806,151.6713390625863,0
TXN_107255,292,Free,29.99,11736,139.8916919570523,0
TXN_107256,249,Free,29.99,8651,62.53871606098012,1
TXN_107257,979,Free,0.0,9017,134.39445463388466,0
TXN_107258,858,Premium,29.99,6526,86.03825846054492,0
TXN_107259,878,Free,29.99,6305,-999.0,0
TXN_107260,862,Free,29.99,7208,148.38391570124114,0
TXN_107261,614,Enterprise,,8661,130.06197750552533,0
TXN_107262,492,Premium,499.0,8422,132.31818688287777,0
TXN_107263,415,Free,,9656,107.22346325018842,0
TXN_107264,175,Free,499.0,13508,195.50609663095503,0
TXN_107265,698,Free,0.0,10923,151.7849878038913,0
TXN_107266,369,Enterprise,0.0,10428,89.23690501670323,0
TXN_107267,324,Enterprise,0.0,12825,116.92214643467801,0
TXN_107268,629,Enterprise,,9230,52.75118025525596,0
TXN_107269,212,Enterprise,0.0,10714,64.65271217139306,0
TXN_107270,350,Premium,0.0,6587,97.47035994879717,0
TXN_107271,332,Free,0.0,9093,128.31408258540262,0
TXN_107272,940,Free,0.0,11230,121.97702271381876,0
TXN_107273,890,Premium,0.0,7168,116.90146835702068,0
TXN_107274,813,Enterprise,29.99,7588,-37.09349081889951,0
TXN_107275,182,Free,0.0,12543,61.756347887048314,0
TXN_107276,224,Premium,29.99,15361,92.7207190458589,0
TXN_107277,274,Enterprise,499.0,9650,149.2667722197274,0
TXN_107278,168,Free,499.0,8457,103.0681615526714,0
TXN_107279,146,Enterprise,0.0,4577,123.40659148700372,0
TXN_107280,983,Free,499.0,4212,105.03497028252846,0
TXN_107281,355,Free,499.0,5901,187.63235585357,0
TXN_107282,826,Free,0.0,5041,132.12824834899126,0
TXN_107283,129,Premium,29.99,16648,105.56921417059664,0
TXN_107284,380,Premium,29.99,11924,185.41924263451017,0
TXN_107285,1023,Free,29.99,8260,95.64338088650003,0
TXN_107286,336,Enterprise,0.0,15166,107.14908085004544,0
TXN_107287,347,Premium,29.99,14347,53.2016714564236,0
TXN_107288,467,Premium,499.0,6828,152.84616880012533,0
TXN_107289,594,Free,0.0,8891,119.77585588279031,0
TXN_107290,124,Enterprise,29.99,4864,144.49092978763733,0
TXN_107291,685,Free,0.0,5185,183.44923498116054,0
TXN_107292,817,Free,29.99,18613,200.9595201198221,0
TXN_107293,589,Free,0.0,7894,104.87031695655332,0
TXN_107294,593,Free,0.0,8946,129.34592256446183,0
TXN_107295,413,Enterprise,499.0,11668,129.45648964179267,0
TXN_107296,705,Free,499.0,12547,132.60184131313824,0
TXN_107297,474,Free,0.0,13060,117.76199016708873,0
TXN_107298,738,Enterprise,0.0,13303,173.60198737682356,0
TXN_107299,1036,Premium,29.99,10754,101.92402229917386,0
TXN_107300,124,Premium,499.0,10743,203.66528262021623,0
TXN_107301,433,Free,29.99,7420,102.1748921450772,0
TXN_107302,454,Premium,29.99,11350,86.72157929412461,0
TXN_107303,215,Free,,7587,84.73185935052575,0
TXN_107304,147,Unknown,499.0,8517,96.59916726047423,0
TXN_107305,837,Premium,0.0,6405,119.58030811066885,0
TXN_107306,877,Premium,29.99,8589,46.94113965198058,0
TXN_107307,198,Free,0.0,10824,38.92699279265403,0
TXN_107308,558,Free,499.0,8331,83.08472939954933,0
TXN_107309,622,Free,0.0,7942,126.01775925318184,0
TXN_107310,696,Free,0.0,10505,128.78174543996687,0
TXN_107311,504,Free,0.0,9996,107.9068268339547,0
TXN_107312,313,Premium,0.0,10366,125.41233210562616,0
TXN_107313,784,Free,0.0,9412,104.71288987499021,0
TXN_107314,1002,Premium,29.99,8371,93.3522270341332,0
TXN_107315,602,Free,0.0,7871,151.57638252451036,0
TXN_107316,820,Free,29.99,15129,128.4951214142135,0
TXN_107317,547,Premium,29.99,13450,136.97581090217807,0
TXN_107318,993,Premium,29.99,10818,119.50205329164902,0
TXN_107319,675,Free,29.99,8472,128.01495645326156,0
TXN_107320,357,Free,0.0,10684,145.48379592840593,0
TXN_107321,943,Premium,0.0,6080,207.10368029619445,0
TXN_107322,220,Free,499.0,10086,99.84525599355857,1
TXN_107323,909,Free,29.99,10968,92.6931588931415,0
TXN_107324,153,Premium,29.99,16500,183.83675290151314,0
TXN_107325,430,Free,29.99,7117,91.73723920167733,0
TXN_107326,883,Free,0.0,10580,119.58215273731228,0
TXN_107327,340,Enterprise,499.0,14262,93.27165211717275,0
TXN_107328,854,Premium,0.0,12113,165.26276236737874,0
TXN_107329,629,Free,499.0,10842,105.83560019203874,0
TXN_107330,582,Premium,0.0,9924,82.28460839051888,0
TXN_107331,286,Free,29.99,18730,96.10164535252312,1
TXN_107332,957,Enterprise,0.0,7401,151.93641778619957,0
TXN_107333,755,Premium,499.0,7918,121.15950459953588,0
TXN_107334,361,Free,,12354,120.08763125754041,0
TXN_107335,463,Free,0.0,8325,140.55065176812096,0
TXN_107336,590,Free,0.0,8983,66.67515924447889,0
TXN_107337,530,Premium,0.0,10725,140.38666933263664,0
TXN_107338,338,Premium,499.0,8708,181.68599593829524,0
TXN_107339,403,Free,0.0,9828,162.6470421023174,0
TXN_107340,397,Free,29.99,6365,94.04451768095547,0
TXN_107341,175,Free,0.0,13348,-999.0,0
TXN_107342,799,Free,29.99,8350,58.64949791930366,0
TXN_107343,432,Free,29.99,6148,118.29537025787727,0
TXN_107344,999,Premium,29.99,8836,38.54023759383625,1
TXN_107345,857,Premium,499.0,7396,67.27605851969041,0
TXN_107346,741,Unknown,0.0,5938,101.50219246991982,0
TXN_107347,573,Enterprise,29.99,8528,86.69200647121633,0
TXN_107348,926,Premium,29.99,6477,144.91441066266432,0
TXN_107349,1022,Premium,29.99,4581,181.9583722912142,0
TXN_107350,382,Unknown,0.0,8086,129.2853115796874,0
TXN_107351,690,Free,499.0,8648,165.45984425727374,0
TXN_107352,171,Free,,6574,118.03394172953108,0
TXN_107353,362,Free,,8007,139.71024489465015,0
TXN_107354,802,Premium,499.0,5543,117.01900430365795,0
TXN_107355,978,Premium,0.0,10620,156.78641854313088,0
TXN_107356,986,Free,0.0,6194,188.8421157366536,0
TXN_107357,1041,Premium,0.0,9925,157.63226789376478,0
TXN_107358,674,Premium,0.0,9249,50.69567562722882,0
TXN_107359,991,Free,0.0,12815,70.85658792256686,0
TXN_107360,111,Free,0.0,10401,133.25604236988877,0
TXN_107361,240,Free,499.0,11780,124.2497274894299,0
TXN_107362,865,Free,,9227,166.6335458028848,0
TXN_107363,654,Enterprise,499.0,8588,110.74398259602441,0
TXN_107364,116,Enterprise,0.0,10445,84.92080784650163,0
TXN_107365,162,Enterprise,499.0,5697,94.70739936415774,0
TXN_107366,352,Premium,0.0,17959,98.3624013693146,0
TXN_107367,564,Premium,29.99,9609,126.73498979937503,0
TXN_107368,475,Premium,29.99,5579,137.19534162621278,0
TXN_107369,903,Premium,29.99,6458,167.68428990880872,0
TXN_107370,619,Premium,,6191,66.95152041570927,0
TXN_107371,936,Premium,0.0,5387,92.65838529296573,0
TXN_107372,189,Free,29.99,7246,165.25969592723587,0
TXN_107373,819,Premium,0.0,12885,149.37413785077624,0
TXN_107374,903,Free,499.0,10426,160.5483735205715,0
TXN_107375,895,Premium,0.0,9415,151.54567342657057,0
TXN_107376,729,Free,29.99,8258,75.66687904431646,0
TXN_107377,960,Free,29.99,10944,194.09295488561992,0
TXN_107378,274,Unknown,29.99,9154,79.20951567307999,0
TXN_107379,175,Free,29.99,14722,133.49309345568815,0
TXN_107380,712,Free,0.0,10014,190.65091615351355,0
TXN_107381,1025,Free,29.99,14717,51.16979399574173,0
TXN_107382,762,Enterprise,,10898,125.73291380730656,0
TXN_107383,499,Premium,499.0,9037,66.41988250304829,0
TXN_107384,881,Premium,0.0,10726,165.70906263767748,0
TXN_107385,170,Enterprise,0.0,7996,70.59545495604468,0
TXN_107386,279,Free,29.99,7823,79.6414532348918,0
TXN_107387,223,Free,499.0,9915,138.8317433142759,0
TXN_107388,480,Free,0.0,10592,150.55632118308824,0
TXN_107389,392,Premium,29.99,14264,128.80284257924555,0
TXN_107390,896,Premium,499.0,8379,148.67009683082352,0
TXN_107391,294,Free,29.99,8266,157.24223309250772,0
TXN_107392,1010,Free,0.0,11265,133.41351354045787,0
TXN_107393,327,Free,499.0,9267,106.02707809449781,1
TXN_107394,530,Premium,29.99,9563,56.8921357049537,0
TXN_107395,1041,Free,0.0,10329,73.11060829829913,0
TXN_107396,535,Free,0.0,10984,161.37535585059803,0
TXN_107397,886,Free,0.0,11523,134.26571175155613,0
TXN_107398,560,Premium,29.99,13957,110.27954513621589,0
TXN_107399,717,Premium,0.0,6375,96.64524473997874,0
TXN_107400,120,Free,0.0,8991,55.61326574433711,0
TXN_107401,163,Premium,29.99,16349,160.86675333642754,0
TXN_107402,264,Premium,0.0,17713,95.08718241021022,0
TXN_107403,126,Unknown,0.0,6521,109.83730879662053,0
TXN_107404,410,Free,29.99,4026,157.35714701974152,0
TXN_107405,384,Premium,499.0,12441,86.7372864774942,0
TXN_107406,759,Free,0.0,9033,127.86299056588574,0
TXN_107407,380,Free,0.0,5730,110.65733904460191,0
TXN_107408,937,Premium,29.99,8477,119.2836840480408,0
TXN_107409,930,Free,29.99,9478,75.62307476541943,1
TXN_107410,263,Free,0.0,13017,143.4356197960162,0
TXN_107411,997,Free,0.0,9253,133.8449871466836,0
TXN_107412,1017,Free,0.0,9904,160.25249017896238,0
TXN_107413,323,Free,499.0,14615,122.29757042418312,0
TXN_107414,883,Free,29.99,17827,62.26372248726459,0
TXN_107415,245,Premium,499.0,11389,110.47637675149137,0
TXN_107416,1049,Premium,29.99,4713,58.10842790242088,0
TXN_107417,967,Free,29.99,8978,195.22468225852595,0
TXN_107418,129,Premium,499.0,9442,104.07574209062477,0
TXN_107419,144,Enterprise,0.0,13125,122.73703566687483,0
TXN_107420,886,Free,29.99,7380,130.10453371404756,0
TXN_107421,570,Free,0.0,7576,103.10775111132101,0
TXN_107422,133,Premium,0.0,6883,175.41411805257707,0
TXN_107423,752,Premium,0.0,17715,121.22339323269082,0
TXN_107424,526,Free,0.0,13230,84.38049720897827,0
TXN_107425,929,Free,499.0,11264,110.22477350210887,0
TXN_107426,985,Premium,29.99,5788,-999.0,0
TXN_107427,320,Unknown,499.0,5225,97.97865733723327,0
TXN_107428,967,Free,0.0,13060,106.7866341429827,0
TXN_107429,633,Unknown,29.99,12284,139.61910722727058,1
TXN_107430,791,Free,0.0,4791,110.75405153347474,0
TXN_107431,1047,Free,29.99,13761,130.42225147985147,0
TXN_107432,466,Free,29.99,11021,128.60511891018402,0
TXN_107433,1031,Premium,0.0,9302,90.71646670817464,0
TXN_107434,940,Free,499.0,7606,97.20534584552018,0
TXN_107435,842,Free,0.0,22818,45.183522654518725,0
TXN_107436,1014,Enterprise,29.99,11163,174.21719979540592,0
TXN_107437,649,Unknown,29.99,15854,133.1417664081499,0
TXN_107438,681,Free,,10378,103.69759807491424,0
TXN_107439,215,Free,0.0,5970,87.04950572024879,0
TXN_107440,338,Premium,29.99,6606,29.73147498930824,0
TXN_107441,434,Premium,29.99,5886,54.656624517593414,0
TXN_107442,540,Free,0.0,6287,194.53094730326552,0
TXN_107443,247,Enterprise,29.99,6060,67.65347481565706,0
TXN_107444,108,Free,0.0,6865,101.32714682918471,0
TXN_107445,387,Premium,0.0,13577,162.0316238318997,0
TXN_107446,487,Free,0.0,10180,66.39085921126195,0
TXN_107447,149,Premium,499.0,7749,130.93608382654978,0
TXN_107448,949,Free,0.0,7460,93.83821738539041,0
TXN_107449,616,Premium,29.99,12767,92.56849171076283,0
TXN_107450,1015,Unknown,0.0,12562,121.66883698958483,0
TXN_107451,954,Free,0.0,12570,55.71523895342389,0
TXN_107452,737,Premium,0.0,5425,98.69682812999658,0
TXN_107453,686,Free,29.99,13156,117.61080031102135,0
TXN_107454,776,Enterprise,0.0,11657,35.99036208748761,0
TXN_107455,377,Unknown,0.0,10627,190.40505387770162,0
TXN_107456,935,Premium,499.0,10864,181.17008337021912,0
TXN_107457,399,Premium,29.99,4932,55.13478240563734,0
TXN_107458,901,Unknown,0.0,9898,86.6223886529034,0
TXN_107459,688,Free,29.99,6378,182.4646426946,0
TXN_107460,909,Free,0.0,11885,133.75604909968135,0
TXN_107461,748,Premium,29.99,4568,129.29758200281057,0
TXN_107462,717,Free,0.0,12012,160.14254495086794,0
TXN_107463,706,Enterprise,0.0,6921,143.54525395602226,0
TXN_107464,234,Premium,0.0,10273,121.45526399169351,0
TXN_107465,679,Free,0.0,9418,88.44102479510398,0
TXN_107466,246,Free,499.0,9031,119.46604320884093,0
TXN_107467,589,Free,0.0,6931,187.59426724408422,0
TXN_107468,577,Premium,0.0,7703,183.5777610837744,0
TXN_107469,258,Free,29.99,7154,104.89594590937887,0
TXN_107470,483,Free,29.99,16130,46.481040789670956,0
TXN_107471,262,Premium,0.0,9491,109.50260620130487,0
TXN_107472,540,Enterprise,0.0,8816,-0.7788606687064714,0
TXN_107473,952,Enterprise,0.0,5620,144.47677376151057,0
TXN_107474,288,Unknown,0.0,8785,96.48210942152741,0
TXN_107475,514,Premium,0.0,12246,75.75969452703472,0
TXN_107476,438,Free,0.0,4914,-999.0,0
TXN_107477,706,Enterprise,29.99,14120,94.67754062758374,0
TXN_107478,280,Free,,11928,-999.0,0
TXN_107479,387,Premium,29.99,12327,143.6948326348227,0
TXN_107480,933,Premium,0.0,10792,17.98017844682782,0
TXN_107481,286,Enterprise,29.99,4713,143.2152645555642,0
TXN_107482,983,Free,29.99,8828,154.48481236648922,0
TXN_107483,237,Free,499.0,8313,149.76871799609953,0
TXN_107484,229,Premium,29.99,9040,78.77865563603459,0
TXN_107485,293,Free,29.99,11138,109.87309527629284,0
TXN_107486,415,Unknown,0.0,5528,107.71358202521031,0
TXN_107487,884,Premium,0.0,7710,46.56373136520283,0
TXN_107488,963,Premium,0.0,7539,69.73401856407139,0
TXN_107489,243,Enterprise,0.0,15179,146.57578544468376,0
TXN_107490,115,Premium,0.0,13395,69.87803530968839,0
TXN_107491,401,Free,29.99,11413,185.19626707505063,0
TXN_107492,522,Free,29.99,8289,139.95855204181996,0
TXN_107493,344,Premium,499.0,8504,72.007688439698,0
TXN_107494,1026,Enterprise,0.0,9606,162.68608991107246,0
TXN_107495,206,Premium,0.0,10690,116.55586880120839,0
TXN_107496,187,Unknown,499.0,10327,175.47960480064054,0
TXN_107497,228,Free,499.0,10408,-999.0,0
TXN_107498,1006,Free,29.99,5664,152.67778353182285,0
TXN_107499,986,Free,0.0,10647,146.3688449092904,0
TXN_107500,440,Premium,29.99,11926,106.07729438765494,0
TXN_107501,103,Free,0.0,5699,107.58828782317384,0
TXN_107502,426,Free,499.0,4712,139.16969534478613,0
TXN_107503,509,Premium,29.99,8573,136.66044173121745,0
TXN_107504,978,Free,0.0,999999,175.77494128456112,0
TXN_107505,405,Premium,499.0,8415,156.0018698067242,0
TXN_107506,1007,Free,29.99,15564,140.10437262045608,0
TXN_107507,706,Free,,9660,47.77313670389417,0
TXN_107508,820,Free,,18631,159.74898057830467,0
TXN_107509,324,Enterprise,0.0,8628,127.56375729479525,0
TXN_107510,447,Free,0.0,4904,98.95342623518977,0
TXN_107511,420,Free,29.99,9909,116.22929186075946,0
TXN_107512,658,Free,,9792,4.563230761594582,0
TXN_107513,280,Free,,10696,187.43791925915463,0
TXN_107514,717,Enterprise,29.99,18330,136.14295554665972,0
TXN_107515,810,Free,0.0,12597,200.58968185086496,1
TXN_107516,485,Enterprise,0.0,8953,-999.0,0
TXN_107517,717,Free,499.0,6184,-0.11397164230423584,0
TXN_107518,891,Enterprise,29.99,12557,88.88559793093272,0
TXN_107519,871,Premium,29.99,10284,-999.0,0
TXN_107520,207,Premium,29.99,12408,122.99429960793552,0
TXN_107521,630,Premium,29.99,10668,77.58379588698665,0
TXN_107522,509,Free,499.0,7212,171.08560174972874,0
TXN_107523,395,Premium,0.0,7582,182.2288715745073,0
TXN_107524,917,Free,0.0,7184,50.61194932268086,0
TXN_107525,270,Free,29.99,10168,154.41075269016468,0
TXN_107526,430,Premium,499.0,8953,65.25049156893294,0
TXN_107527,592,Free,0.0,11057,135.73297088406864,0
TXN_107528,294,Enterprise,0.0,10012,80.81213547024873,0
TXN_107529,111,Free,0.0,10385,164.22632179049228,0
TXN_107530,294,Premium,0.0,11275,168.14888591893788,0
TXN_107531,589,Enterprise,0.0,9644,124.27982404494131,0
TXN_107532,894,Premium,29.99,15622,189.5205965570762,0
TXN_107533,980,Premium,0.0,11360,103.08290464508478,0
TXN_107534,281,Premium,29.99,6101,143.15947078456233,0
TXN_107535,916,Enterprise,0.0,10970,141.24842076375256,0
TXN_107536,755,Free,0.0,10578,114.57002744787756,0
TXN_107537,997,Premium,29.99,8463,-999.0,0
TXN_107538,415,Free,29.99,6768,156.5740413873622,0
TXN_107539,793,Free,0.0,10056,92.49737984166858,0
TXN_107540,129,Free,499.0,17142,134.91317146372853,0
TXN_107541,695,Free,0.0,7937,116.6768593289187,0
TXN_107542,777,Premium,0.0,13386,127.21654566326981,0
TXN_107543,895,Enterprise,29.99,9014,190.77488081294763,0
TXN_107544,892,Premium,499.0,7292,73.56524627947601,0
TXN_107545,195,Premium,0.0,8291,175.3153636104101,0
TXN_107546,480,Free,0.0,9046,100.61266202219362,0
TXN_107547,877,Free,29.99,7056,100.99621977707407,0
TXN_107548,543,Free,0.0,4527,101.67780449260823,0
TXN_107549,397,Premium,29.99,10053,116.06052500878069,0
TXN_107550,907,Free,0.0,8946,123.65897205199916,1
TXN_107551,836,Premium,499.0,6573,88.79073364869564,0
TXN_107552,944,Enterprise,0.0,5115,18.901803830189465,0
TXN_107553,460,Premium,,7940,139.33546943096582,0
TXN_107554,473,Premium,0.0,10053,106.67111954891426,0
TXN_107555,653,Premium,499.0,7553,70.73671898015519,0
TXN_107556,402,Free,0.0,8171,111.657313489588,0
TXN_107557,520,Free,0.0,17386,115.06794229871643,0
TXN_107558,345,Enterprise,0.0,12260,221.67744758497565,0
TXN_107559,819,Premium,499.0,11882,146.51768020612067,0
TXN_107560,336,Premium,0.0,6631,164.4265081623247,0
TXN_107561,633,Free,0.0,11706,128.1341083418077,0
TXN_107562,284,Premium,0.0,9808,126.88478083166942,0
TXN_107563,567,Free,,12606,134.6787015515665,0
TXN_107564,853,Free,0.0,6856,63.89750867049429,0
TXN_107565,462,Free,0.0,6922,98.4348495157488,0
TXN_107566,382,Free,499.0,10254,91.36296237071163,0
TXN_107567,652,Free,499.0,13605,90.44128394788348,0
TXN_107568,435,Free,0.0,17332,65.1531283782013,0
TXN_107569,261,Premium,499.0,12430,90.16276568768282,0
TXN_107570,259,Premium,0.0,6768,167.03026971300855,0
TXN_107571,573,Premium,0.0,11442,45.88291624799689,0
TXN_107572,700,Free,499.0,8568,146.63093448132167,0
TXN_107573,421,Unknown,499.0,11777,219.1998265323142,0
TXN_107574,111,Free,0.0,9795,217.29021139730787,0
TXN_107575,523,Free,0.0,9020,117.397727026259,0
TXN_107576,172,Premium,0.0,13472,128.7699484352673,0
TXN_107577,687,Free,499.0,7732,191.67125089566042,0
TXN_107578,957,Premium,,7818,82.19586939451796,0
TXN_107579,300,Premium,0.0,12347,190.8444702298944,0
TXN_107580,621,Unknown,499.0,6798,118.209618801396,0
TXN_107581,963,Enterprise,0.0,8532,196.16375542412027,0
TXN_107582,604,Enterprise,29.99,8202,84.26403831264153,0
TXN_107583,837,Free,0.0,12793,149.52286301324105,0
TXN_107584,787,Enterprise,29.99,6024,-999.0,0
TXN_107585,887,Free,0.0,9307,123.52206771260894,0
TXN_107586,138,Premium,499.0,12054,55.405217441319365,0
TXN_107587,159,Premium,0.0,16410,163.12931980867785,0
TXN_107588,677,Free,0.0,13406,150.71445992629688,0
TXN_107589,420,Premium,499.0,9767,86.9569017136418,0
TXN_107590,534,Free,0.0,12297,134.92950702325948,0
TXN_107591,735,Free,0.0,10250,120.57081994977422,0
TXN_107592,775,Enterprise,29.99,8290,83.79369987042121,0
TXN_107593,507,Free,499.0,6859,76.23733396919437,0
TXN_107594,1022,Free,0.0,7748,48.45706590798355,0
TXN_107595,485,Free,0.0,16204,156.1545491132006,0
TXN_107596,770,Enterprise,0.0,10966,94.30623819490535,0
TXN_107597,668,Free,,13302,145.17566793480836,0
TXN_107598,177,Free,0.0,11415,165.5017138254881,0
TXN_107599,293,Enterprise,0.0,6397,82.574534099067,0
TXN_107600,384,Free,29.99,10427,115.90886956582823,0
TXN_107601,626,Free,0.0,9260,66.01520533257388,0
TXN_107602,623,Premium,0.0,11487,158.4848678699929,0
TXN_107603,712,Premium,499.0,12297,53.08228641003784,0
TXN_107604,255,Enterprise,0.0,10143,131.9478082127102,0
TXN_107605,439,Free,499.0,14792,104.84748840648918,0
TXN_107606,224,Enterprise,499.0,16021,157.94919553195376,0
TXN_107607,970,Enterprise,0.0,12896,116.90614149872563,0
TXN_107608,379,Free,0.0,8534,209.24629196883353,0
TXN_107609,1016,Free,499.0,14222,115.40453759983748,0
TXN_107610,1005,Unknown,499.0,11764,126.99773339913845,0
TXN_107611,721,Free,0.0,6143,157.52842927210145,0
TXN_107612,945,Premium,0.0,13346,142.15331921750203,0
TXN_107613,968,Premium,29.99,7895,84.57178964395358,0
TXN_107614,757,Premium,0.0,12195,133.78461377373668,0
TXN_107615,827,Enterprise,29.99,6355,94.75636116847298,0
TXN_107616,1009,Free,,7944,200.4253801261659,0
TXN_107617,773,Free,0.0,8518,23.234422012461053,0
TXN_107618,227,Enterprise,499.0,12066,176.48113780624715,0
TXN_107619,413,Enterprise,29.99,8512,117.31237868796995,0
TXN_107620,431,Premium,0.0,9585,61.887675035631325,0
TXN_107621,249,Unknown,29.99,5174,60.49288724599086,0
TXN_107622,553,Premium,29.99,8102,126.18135166426042,1
TXN_107623,135,Free,0.0,10104,66.70131304479875,0
TXN_107624,784,Enterprise,0.0,10159,141.32282611352417,0
TXN_107625,519,Free,29.99,9846,102.25662876737606,0
TXN_107626,121,Free,29.99,7871,135.31031626613938,0
TXN_107627,305,Free,,16977,53.12045606883983,0
TXN_107628,738,Premium,499.0,4813,10.59873352688355,0
TXN_107629,947,Unknown,0.0,8781,58.511505505757825,0
TXN_107630,455,Free,499.0,14100,195.58468216116353,0
TXN_107631,539,Free,0.0,7899,173.7736704462779,0
TXN_107632,828,Premium,0.0,10107,151.6451650479955,0
TXN_107633,195,Enterprise,0.0,13866,158.96495868692872,0
TXN_107634,1028,Premium,29.99,5724,139.57019165066677,0
TXN_107635,1040,Premium,0.0,10039,222.07212448245667,0
TXN_107636,263,Premium,0.0,10659,104.4120168078613,0
TXN_107637,247,Free,0.0,8024,151.82819548682616,0
TXN_107638,629,Free,0.0,5915,102.84140399477337,0
TXN_107639,393,Free,499.0,11628,140.62004026761574,0
TXN_107640,294,Enterprise,,11376,184.2147834305261,0
TXN_107641,762,Free,29.99,13353,93.94303271592874,0
TXN_107642,579,Premium,29.99,9697,38.640864090843095,0
TXN_107643,976,Free,29.99,6734,96.54376896529514,0
TXN_107644,222,Free,499.0,7068,44.454354669507936,0
TXN_107645,499,Free,29.99,10421,128.67160075895265,0
TXN_107646,798,Free,0.0,5223,113.93024717942845,0
TXN_107647,551,Free,0.0,13554,49.85970397701756,0
TXN_107648,760,Premium,0.0,6304,-4.916515397887068,0
TXN_107649,203,Free,0.0,9587,120.99288472314477,1
TXN_107650,854,Premium,0.0,8358,272.1245138210496,0
TXN_107651,561,Free,499.0,9157,108.52163639149491,0
TXN_107652,842,Premium,29.99,5909,93.09042711298954,0
TXN_107653,817,Premium,0.0,11934,55.332755490609244,0
TXN_107654,809,Unknown,0.0,10101,152.18091272840508,0
TXN_107655,495,Free,29.99,7885,78.51574929827396,0
TXN_107656,1011,Free,0.0,12692,63.61412508072366,0
TXN_107657,436,Enterprise,0.0,16176,174.48327335655023,0
TXN_107658,698,Free,499.0,11817,91.3023721428861,0
TXN_107659,241,Enterprise,29.99,8157,125.8456016637992,0
TXN_107660,416,Free,499.0,8514,149.13240082282243,0
TXN_107661,810,Premium,499.0,14390,50.181437827351786,0
TXN_107662,657,Free,499.0,10755,83.26540420223196,0
TXN_107663,899,Enterprise,0.0,18049,204.73269108869766,0
TXN_107664,626,Premium,0.0,5530,85.7515179133544,0
TXN_107665,655,Free,0.0,10236,94.0078113573768,0
TXN_107666,500,Free,0.0,11500,102.25788573653747,0
TXN_107667,780,Free,29.99,10084,169.67970336677692,0
TXN_107668,409,Premium,499.0,9940,195.7576600795369,0
TXN_107669,594,Free,,9957,130.46607589950366,0
TXN_107670,655,Free,499.0,5281,122.6107913127958,0
TXN_107671,709,Premium,29.99,12407,101.1404923546402,0
TXN_107672,872,Free,29.99,13439,157.9933099582284,0
TXN_107673,208,Free,0.0,14534,99.02745009367143,0
TXN_107674,894,Free,0.0,7073,113.3300777170954,0
TXN_107675,471,Premium,499.0,13489,199.17002317780708,0
TXN_107676,954,Unknown,0.0,14963,127.88965811904761,1
TXN_107677,715,Free,29.99,9249,144.9623784574914,0
TXN_107678,867,Premium,499.0,10392,100.42301078414133,0
TXN_107679,990,Free,0.0,8995,103.66183851452723,0
TXN_107680,305,Free,,8504,45.41265436259519,0
TXN_107681,946,Premium,0.0,12028,164.44157590990238,0
TXN_107682,142,Free,499.0,9323,103.50375005615054,0
TXN_107683,964,Premium,0.0,7690,109.49226883266965,0
TXN_107684,344,Enterprise,0.0,8551,177.85732372749723,0
TXN_107685,386,Enterprise,0.0,6440,173.9639766102158,0
TXN_107686,454,Free,29.99,12416,93.05084781027227,1
TXN_107687,884,Free,499.0,6072,102.335523210813,0
TXN_107688,575,Unknown,29.99,11003,32.18316964696899,0
TXN_107689,182,Free,499.0,13924,144.76054523633738,0
TXN_107690,209,Premium,499.0,14251,145.8638148579101,0
TXN_107691,1049,Free,0.0,3049,88.77217018417238,0
TXN_107692,289,Free,29.99,7710,135.69829061820008,0
TXN_107693,899,Free,0.0,13746,156.3608184620828,0
TXN_107694,1035,Enterprise,29.99,9051,76.10008542286366,0
TXN_107695,1008,Enterprise,0.0,5291,110.9528647202027,0
TXN_107696,350,Free,0.0,8499,129.80002949773188,0
TXN_107697,823,Enterprise,29.99,10419,143.2614237692918,0
TXN_107698,390,Free,0.0,6881,146.17050834287645,0
TXN_107699,744,Free,29.99,8446,106.32320864947633,0
TXN_107700,300,Premium,499.0,9745,85.86541567495522,0
TXN_107701,896,Premium,0.0,6897,44.783621871994384,0
TXN_107702,425,Free,499.0,15179,106.96456968337974,0
TXN_107703,610,Free,29.99,6140,148.07174272569873,0
TXN_107704,508,Unknown,0.0,9667,203.3373431529493,0
TXN_107705,706,Enterprise,499.0,8395,160.89249108841545,0
TXN_107706,889,Enterprise,0.0,6884,126.25049578576935,0
TXN_107707,1040,Free,0.0,13349,119.8708802262062,0
TXN_107708,936,Premium,0.0,15238,94.16127236105426,0
TXN_107709,607,Free,29.99,10733,64.76565578455217,0
TXN_107710,830,Unknown,29.99,9185,160.23569745449242,0
TXN_107711,700,Free,0.0,11584,174.95666965892391,0
TXN_107712,171,Free,0.0,10529,66.9765281195631,0
TXN_107713,346,Free,499.0,6952,176.50284622580557,0
TXN_107714,740,Enterprise,499.0,11492,131.7550633575243,0
TXN_107715,823,Premium,29.99,8562,157.47113089302542,0
TXN_107716,1039,Free,0.0,7788,201.14575666464583,0
TXN_107717,954,Premium,0.0,11728,63.68780075827423,0
TXN_107718,707,Enterprise,499.0,9923,74.63518291966452,0
TXN_107719,686,Free,0.0,14633,110.80072684520476,1
TXN_107720,1034,Enterprise,0.0,4938,81.89189947004584,0
TXN_107721,665,Enterprise,29.99,13464,89.25833849131249,0
TXN_107722,443,Free,29.99,8900,161.25142146905438,0
TXN_107723,1024,Free,29.99,6729,129.45054125976648,0
TXN_107724,153,Free,0.0,11812,131.95206460813716,1
TXN_107725,829,Free,29.99,4796,125.25012170305877,0
TXN_107726,627,Free,29.99,7992,94.66757261114331,0
TXN_107727,710,Premium,29.99,8509,131.47451522957,0
TXN_107728,631,Premium,0.0,12026,114.92893244542816,0
TXN_107729,657,Free,499.0,6278,162.4052150414948,0
TXN_107730,292,Premium,29.99,4546,151.8042273881794,0
TXN_107731,994,Premium,29.99,11906,141.81637944190697,0
TXN_107732,157,Enterprise,29.99,10032,122.86626009327493,0
TXN_107733,536,Free,0.0,15169,102.70171164771938,0
TXN_107734,210,Premium,0.0,8954,68.53602390373001,0
TXN_107735,228,Enterprise,0.0,6293,254.60528753367421,0
TXN_107736,948,Premium,0.0,6356,120.12208486181636,0
TXN_107737,805,Free,29.99,20269,153.064237525119,0
TXN_107738,1024,Free,29.99,13470,159.98936342050405,0
TXN_107739,951,Enterprise,0.0,15413,122.35167718792499,0
TXN_107740,425,Free,499.0,10236,115.31996075122828,0
TXN_107741,107,Enterprise,0.0,999999,95.1996659477339,0
TXN_107742,128,Enterprise,0.0,10845,49.75929267416274,0
TXN_107743,211,Free,0.0,7266,203.46012578689874,0
TXN_107744,1046,Premium,29.99,8350,98.52155279386571,0
TXN_107745,772,Free,29.99,15009,74.38028495213064,0
TXN_107746,230,Free,499.0,9467,188.06626954632742,0
TXN_107747,287,Premium,0.0,6744,110.82145920289905,0
TXN_107748,774,Premium,0.0,9696,127.59556099736098,0
TXN_107749,808,Free,29.99,7834,101.28285466905007,0
TXN_107750,574,Enterprise,29.99,9113,53.566452314767545,0
TXN_107751,463,Free,499.0,8337,122.52983848844923,0
TXN_107752,303,Free,0.0,12320,119.55387632306923,0
TXN_107753,311,Free,29.99,10199,103.4234904167343,0
TXN_107754,720,Free,0.0,10894,168.2462708625569,0
TXN_107755,375,Unknown,29.99,15837,153.25465379303597,0
TXN_107756,172,Premium,0.0,7150,184.91509515877016,0
TXN_107757,778,Premium,29.99,10668,76.5259725877662,0
TXN_107758,871,Premium,29.99,7703,147.91734261601,0
TXN_107759,342,Free,0.0,14101,213.04656135777253,0
TXN_107760,886,Free,0.0,8659,149.94598702276596,0
TXN_107761,201,Premium,0.0,20692,149.69925977866495,0
TXN_107762,784,Enterprise,0.0,5662,123.48385835252718,0
TXN_107763,270,Enterprise,0.0,8423,154.7970646562813,0
TXN_107764,752,Free,0.0,6225,81.4803464790848,0
TXN_107765,1008,Free,499.0,10415,92.54989710436789,1
TXN_107766,287,Free,0.0,6801,82.09817409756968,0
TXN_107767,540,Free,0.0,5600,101.69759883813981,0
TXN_107768,185,Free,499.0,12865,118.40165776130334,0
TXN_107769,575,Premium,0.0,6947,189.77804031394072,0
TXN_107770,151,Free,499.0,11619,172.37140365420578,0
TXN_107771,210,Premium,29.99,11333,74.22695661523738,0
TXN_107772,1048,Premium,499.0,17883,79.30202747856026,0
TXN_107773,976,Free,0.0,8991,94.67530897662301,0
TXN_107774,953,Premium,29.99,6318,92.46962077296851,0
TXN_107775,142,Free,0.0,8938,171.80386360636953,0
TXN_107776,310,Premium,499.0,11834,193.6322663345312,0
TXN_107777,299,Enterprise,0.0,18371,65.75770276880237,0
TXN_107778,909,Premium,29.99,12792,132.3900750930714,0
TXN_107779,957,Enterprise,0.0,16025,107.67531645327911,0
TXN_107780,851,Free,499.0,12505,29.38274816838309,0
TXN_107781,726,Premium,29.99,10326,89.12208377023131,0
TXN_107782,125,Premium,0.0,13097,114.3784867416029,0
TXN_107783,1018,Premium,0.0,12831,69.68767568923587,0
TXN_107784,398,Enterprise,0.0,11767,97.16284396691402,0
TXN_107785,176,Premium,0.0,8226,152.56394143066777,0
TXN_107786,1023,Premium,0.0,14559,125.66544990939637,0
TXN_107787,236,Free,,6821,159.5131061708599,0
TXN_107788,119,Free,29.99,7128,70.25123014055859,0
TXN_107789,539,Premium,499.0,7469,60.20590144383854,0
TXN_107790,310,Premium,0.0,8959,142.78077318229313,0
TXN_107791,851,Unknown,29.99,6578,154.35100122043795,0
TXN_107792,650,Free,29.99,6945,24.04907630847032,0
TXN_107793,534,Free,0.0,13723,97.0470745995665,0
TXN_107794,879,Premium,29.99,12750,177.4106685426707,0
TXN_107795,306,Enterprise,0.0,6323,120.1078501930834,0
TXN_107796,538,Enterprise,,8095,67.93890681130632,0
TXN_107797,878,Free,29.99,7157,50.37721150986653,0
TXN_107798,765,Free,499.0,9513,144.1360549035963,0
TXN_107799,141,Free,29.99,10542,135.67238894183973,0
TXN_107800,510,Free,29.99,6648,200.9597863783988,0
TXN_107801,622,Unknown,29.99,5719,56.45922557010297,0
TXN_107802,905,Free,0.0,9880,79.8260363517265,0
TXN_107803,709,Free,0.0,9668,161.27027910600623,0
TXN_107804,526,Free,499.0,13008,89.37912224714321,0
TXN_107805,374,Free,499.0,6159,37.792920572794,0
TXN_107806,547,Enterprise,0.0,13991,119.31484120828846,1
TXN_107807,1001,Free,499.0,7138,80.82676310607295,0
TXN_107808,1041,Free,0.0,7250,160.7428877583668,0
TXN_107809,983,Unknown,29.99,14014,97.04751149117658,0
TXN_107810,841,Free,0.0,9422,141.30690721585904,0
TXN_107811,468,Premium,0.0,5940,157.0030337001685,0
TXN_107812,1037,Free,0.0,9964,130.68211342157772,0
TXN_107813,319,Premium,0.0,8304,255.03113689235158,1
TXN_107814,676,Free,0.0,6863,131.67122476821083,0
TXN_107815,966,Free,0.0,10454,197.09971379857228,0
TXN_107816,331,Premium,0.0,10534,78.16130764251623,0
TXN_107817,427,Free,0.0,9152,121.49152523401538,0
TXN_107818,542,Premium,0.0,14798,171.4535893214913,1
TXN_107819,151,Free,29.99,10878,116.22595934392479,0
TXN_107820,985,Premium,499.0,14264,138.35457572263903,0
TXN_107821,1042,Enterprise,0.0,7372,177.64180402900604,0
TXN_107822,475,Free,0.0,12433,134.53578400625838,0
TXN_107823,362,Free,29.99,13265,54.055058008813475,0
TXN_107824,366,Enterprise,0.0,10698,125.98531426313629,0
TXN_107825,458,Premium,29.99,6932,151.46861826459863,0
TXN_107826,416,Free,0.0,8665,134.2766876276563,0
TXN_107827,423,Free,0.0,11577,96.50797184862296,0
TXN_107828,1020,Free,0.0,9415,71.46245615351683,0
TXN_107829,1007,Free,0.0,8094,89.0160606568334,1
TXN_107830,765,Enterprise,499.0,8116,153.06338790426088,0
TXN_107831,969,Premium,0.0,8669,126.04262953484447,0
TXN_107832,977,Premium,,10852,120.06212430230363,0
TXN_107833,751,Free,0.0,8558,137.39978908616357,0
TXN_107834,1038,Free,499.0,6299,111.74015720128935,0
TXN_107835,662,Enterprise,0.0,8212,165.8957492172917,0
TXN_107836,728,Free,0.0,9593,70.70069032354033,0
TXN_107837,520,Free,29.99,12461,153.06411364804472,0
TXN_107838,145,Free,0.0,7171,176.09315985835124,0
TXN_107839,920,Premium,499.0,10600,214.2299401822355,0
TXN_107840,699,Free,0.0,8572,142.5144095678731,0
TXN_107841,819,Free,29.99,11777,56.864574108950514,0
TXN_107842,988,Enterprise,0.0,10531,251.28412435922837,0
TXN_107843,368,Premium,29.99,11101,197.80423508933342,0
TXN_107844,700,Free,29.99,8982,202.18978892006953,0
TXN_107845,480,Premium,499.0,8338,101.04682396400469,1
TXN_107846,217,Free,0.0,10601,130.518742321894,0
TXN_107847,665,Free,499.0,10515,120.69267610821686,0
TXN_107848,215,Premium,,4852,106.02483323952728,0
TXN_107849,729,Free,499.0,12587,78.75559612936955,0
TXN_107850,359,Free,29.99,7385,163.59442033763705,0
TXN_107851,174,Premium,0.0,5380,182.73105331795568,0
TXN_107852,579,Enterprise,0.0,9960,175.95093980814528,0
TXN_107853,404,Premium,499.0,6304,90.3785061101456,0
TXN_107854,106,Free,,7580,91.06531311663176,0
TXN_107855,465,Free,0.0,11007,157.31759102017227,0
TXN_107856,733,Free,0.0,16753,164.98935988646886,0
TXN_107857,622,Free,499.0,9743,137.90144118894872,0
TXN_107858,447,Free,0.0,9522,-999.0,0
TXN_107859,537,Premium,0.0,8097,174.16522644027117,0
TXN_107860,314,Free,,10867,181.32086102416883,0
TXN_107861,528,Free,499.0,11531,154.60439946023223,0
TXN_107862,890,Premium,499.0,9483,95.84151446086278,0
TXN_107863,597,Free,0.0,11045,88.17625356327738,0
TXN_107864,639,Unknown,0.0,9189,183.4916409842162,0
TXN_107865,846,Free,29.99,8151,105.4197353642064,0
TXN_107866,466,Enterprise,29.99,10144,107.41465869759298,0
TXN_107867,412,Enterprise,0.0,15575,140.88693189556685,0
TXN_107868,637,Enterprise,499.0,12086,102.69774706397376,0
TXN_107869,1020,Free,499.0,7962,163.41241179920604,1
TXN_107870,153,Enterprise,0.0,9005,125.31873622431372,0
TXN_107871,640,Free,0.0,7075,97.3497021757411,0
TXN_107872,566,Free,0.0,5434,126.49228545387048,0
TXN_107873,964,Free,29.99,13518,84.53693231417628,0
TXN_107874,263,Free,0.0,10061,95.44424754765194,0
TXN_107875,881,Free,29.99,8385,101.25697609908073,0
TXN_107876,433,Free,29.99,13895,-999.0,0
TXN_107877,646,Free,499.0,7313,149.5043335280725,0
TXN_107878,897,Premium,0.0,11117,64.70912809152401,0
TXN_107879,447,Free,29.99,12630,109.69989783610498,0
TXN_107880,372,Premium,29.99,9722,74.88702344373621,0
TXN_107881,819,Unknown,29.99,12549,90.26371209806912,0
TXN_107882,849,Free,,5708,103.00886551081689,0
TXN_107883,513,Premium,29.99,9996,138.105061928885,0
TXN_107884,599,Unknown,499.0,7332,137.39018120923362,0
TXN_107885,192,Free,0.0,9284,62.04345521083706,0
TXN_107886,784,Free,29.99,7229,64.77285418045837,0
TXN_107887,178,Enterprise,29.99,7903,101.89739946220288,1
TXN_107888,721,Enterprise,,9004,136.5754447599141,0
TXN_107889,316,Premium,0.0,15617,121.57023179154106,0
TXN_107890,1046,Free,0.0,10965,35.100006393809934,0
TXN_107891,457,Enterprise,29.99,10866,146.64410448564837,0
TXN_107892,717,Free,0.0,17120,48.948810072613796,0
TXN_107893,606,Free,29.99,12861,146.71259256525866,0
TXN_107894,658,Free,,11193,156.01109661277468,0
TXN_107895,280,Free,499.0,6372,210.15563415061555,0
TXN_107896,675,Premium,0.0,7854,146.59775023809578,0
TXN_107897,345,Enterprise,0.0,7607,218.63653206574088,0
TXN_107898,343,Premium,29.99,9359,209.77632142413785,0
TXN_107899,605,Free,29.99,10241,118.62731552820769,0
TXN_107900,521,Premium,29.99,8606,114.31681717188592,0
TXN_107901,419,Premium,29.99,5719,213.67330430211945,0
TXN_107902,186,Free,29.99,11547,178.39438364171076,0
TXN_107903,316,Enterprise,0.0,11511,206.47726150355226,0
TXN_107904,589,Enterprise,499.0,7867,123.3787235043661,0
TXN_107905,618,Premium,0.0,7433,75.88759598898821,0
TXN_107906,377,Free,0.0,9688,103.72627945920176,0
TXN_107907,948,Premium,499.0,8184,123.11802768949484,0
TXN_107908,821,Enterprise,29.99,15047,99.15408910377727,0
TXN_107909,268,Free,29.99,7802,48.103408855062156,0
TXN_107910,429,Enterprise,0.0,12432,119.24718335457223,0
TXN_107911,749,Free,0.0,6950,138.62349360227094,0
TXN_107912,540,Premium,0.0,9153,56.26415322735923,0
TXN_107913,490,Premium,29.99,9290,141.9252052386928,0
TXN_107914,595,Premium,0.0,13802,105.68063693101314,0
TXN_107915,480,Enterprise,29.99,9455,142.44559259287837,0
TXN_107916,405,Free,499.0,12007,200.0361945845373,0
TXN_107917,841,Free,29.99,16157,68.04138658888047,0
TXN_107918,919,Premium,499.0,10234,37.49607699771582,0
TXN_107919,772,Free,499.0,8683,135.29231569168496,0
TXN_107920,612,Free,499.0,9936,105.26901832999481,0
TXN_107921,847,Free,29.99,12047,-999.0,0
TXN_107922,1048,Free,0.0,13207,89.22041906554352,0
TXN_107923,287,Premium,29.99,6794,155.324289491704,0
TXN_107924,1029,Premium,29.99,10492,84.13838890041946,0
TXN_107925,615,Free,0.0,15099,116.85608890233502,0
TXN_107926,1012,Free,29.99,12784,142.7060878664028,0
TXN_107927,743,Free,29.99,9044,118.33049867451207,0
TXN_107928,526,Free,0.0,11032,168.0235247869831,0
TXN_107929,601,Free,29.99,9191,176.31022427748013,0
TXN_107930,829,Free,0.0,10837,152.88433280066135,1
TXN_107931,359,Premium,0.0,13205,152.51989087109064,0
TXN_107932,612,Premium,499.0,8039,122.58104846858052,0
TXN_107933,170,Free,29.99,8810,70.23728181738105,0
TXN_107934,577,Premium,29.99,12039,175.18731480890355,0
TXN_107935,277,Enterprise,0.0,15011,22.323683253080333,0
TXN_107936,556,Free,29.99,6976,16.44640815010868,0
TXN_107937,288,Free,0.0,9578,122.04166630683076,0
TXN_107938,390,Premium,29.99,11393,93.52276438872443,0
TXN_107939,619,Free,499.0,7433,121.25182572467213,0
TXN_107940,864,Premium,499.0,7971,86.22545079654562,0
TXN_107941,1019,Enterprise,0.0,9234,144.75541885549924,0
TXN_107942,391,Free,29.99,2170,98.86115868624623,0
TXN_107943,1045,Premium,499.0,10933,111.58059460776926,1
TXN_107944,855,Premium,0.0,7629,102.31466739896574,0
TXN_107945,734,Free,0.0,10042,196.28326698709247,0
TXN_107946,910,Free,499.0,13734,51.72285943744093,0
TXN_107947,382,Enterprise,499.0,13600,186.48272728433707,0
TXN_107948,643,Enterprise,0.0,11600,73.29100347565353,0
TXN_107949,945,Premium,0.0,7121,59.953222671022004,0
TXN_107950,476,Enterprise,29.99,11211,90.76537677902016,0
TXN_107951,757,Free,0.0,9815,98.0951045554294,0
TXN_107952,255,Free,29.99,9513,142.06473168263616,0
TXN_107953,607,Free,0.0,7071,66.76701191481249,0
TXN_107954,512,Free,29.99,16286,86.46483458123906,0
TXN_107955,627,Enterprise,29.99,6331,175.02645473268805,0
TXN_107956,454,Unknown,499.0,6002,113.68623395373808,0
TXN_107957,658,Enterprise,29.99,11161,71.35846207462177,0
TXN_107958,862,Premium,0.0,8413,182.0751763368396,0
TXN_107959,286,Free,0.0,11818,94.21469013449752,0
TXN_107960,130,Free,0.0,5785,66.23859337670915,0
TXN_107961,359,Free,29.99,12255,55.91006351515158,0
TXN_107962,520,Premium,,7298,123.88350937886695,0
TXN_107963,628,Free,29.99,7820,158.42620565093344,0
TXN_107964,650,Enterprise,0.0,7539,60.6981288180944,0
TXN_107965,403,Enterprise,0.0,7074,104.69909422278911,0
TXN_107966,1041,Free,0.0,7669,198.14103112206618,0
TXN_107967,1043,Free,0.0,5239,109.14542275622286,0
TXN_107968,138,Premium,29.99,13466,139.7945164495173,0
TXN_107969,588,Free,0.0,4958,115.78280327234317,0
TXN_107970,743,Premium,0.0,6732,176.9052296214774,0
TXN_107971,641,Premium,0.0,11441,154.86548551006604,0
TXN_107972,769,Free,29.99,8921,142.76612796652716,0
TXN_107973,377,Free,29.99,3297,84.75066630871466,0
TXN_107974,302,Free,499.0,13361,238.4089890979308,0
TXN_107975,165,Enterprise,0.0,5749,62.2491528824839,0
TXN_107976,207,Free,499.0,5702,-999.0,0
TXN_107977,367,Enterprise,29.99,8975,132.27432059604027,0
TXN_107978,321,Premium,0.0,14167,124.69738763733535,1
TXN_107979,903,Premium,0.0,7575,179.02474092655365,0
TXN_107980,629,Free,0.0,15316,84.09415971445785,0
TXN_107981,189,Premium,29.99,10859,131.17667348209028,0
TXN_107982,792,Premium,0.0,6565,93.7856893676499,0
TXN_107983,354,Premium,499.0,7780,146.60340708536765,0
TXN_107984,554,Premium,0.0,8304,106.9624633020696,1
TXN_107985,352,Premium,29.99,10468,97.58039685772644,0
TXN_107986,356,Enterprise,0.0,13606,93.40399532394858,0
TXN_107987,482,Free,29.99,13136,26.541499563669873,0
TXN_107988,541,Enterprise,499.0,7468,115.53477674192315,0
TXN_107989,957,Free,,11564,74.47952373569514,0
TXN_107990,698,Enterprise,0.0,10073,35.27362414416601,0
TXN_107991,189,Enterprise,0.0,9835,126.88474350742179,0
TXN_107992,848,Free,499.0,14347,57.936956135771965,0
TXN_107993,489,Premium,0.0,10416,195.57173342046707,0
TXN_107994,681,Premium,29.99,11560,74.52694780437135,0
TXN_107995,143,Free,,9050,164.01683068085418,0
TXN_107996,811,Free,29.99,11049,185.16350208336252,0
TXN_107997,763,Free,0.0,6458,146.41529278796847,0
TXN_107998,697,Enterprise,499.0,12167,61.102670946037954,0
TXN_107999,118,Enterprise,,8012,209.4723637756732,0
TXN_108000,200,Premium,29.99,15091,160.94029064803217,0
TXN_108001,1013,Premium,0.0,13720,155.24437558886405,0
TXN_108002,706,Premium,499.0,8066,83.4883692996379,0
TXN_108003,865,Free,,7347,105.7741295013065,0
TXN_108004,456,Free,499.0,7286,53.43849534146305,0
TXN_108005,641,Premium,0.0,10379,60.681550318679946,0
TXN_108006,860,Enterprise,499.0,9120,183.702925907915,0
TXN_108007,1037,Premium,29.99,10786,153.0296534875086,0
TXN_108008,132,Premium,0.0,6906,90.52067196773584,0
TXN_108009,328,Premium,29.99,5085,115.53017323846178,0
TXN_108010,623,Free,29.99,7822,181.36086990547435,0
TXN_108011,729,Premium,499.0,6493,167.8651270252322,0
TXN_108012,961,Free,499.0,13331,74.0463901014243,0
TXN_108013,254,Free,0.0,13019,89.44440874457793,0
TXN_108014,522,Premium,29.99,4209,124.25291954153845,0
TXN_108015,1004,Premium,29.99,11342,158.18774334506713,1
TXN_108016,345,Free,499.0,12568,70.08916321076896,0
TXN_108017,504,Premium,0.0,12636,62.73281749877417,0
TXN_108018,943,Premium,29.99,8876,94.15953573731385,0
TXN_108019,858,Premium,29.99,6365,49.45153208722992,0
TXN_108020,640,Enterprise,499.0,7842,127.03823418554066,0
TXN_108021,260,Free,29.99,6464,47.30443329086718,0
TXN_108022,846,Unknown,29.99,11355,198.93169020439507,0
TXN_108023,801,Premium,,10125,67.14892570682584,0
TXN_108024,216,Premium,29.99,12769,52.378164001927274,0
TXN_108025,370,Premium,0.0,8712,174.14084213907438,0
TXN_108026,869,Free,0.0,11672,131.97834774449794,0
TXN_108027,791,Free,499.0,12296,86.64591079526795,0
TXN_108028,586,Premium,0.0,7355,134.5024529950508,0
TXN_108029,984,Premium,29.99,17166,187.0866034061358,0
TXN_108030,271,Premium,29.99,15480,136.71478491508088,0
TXN_108031,1049,Free,,10858,164.7134747692246,1
TXN_108032,373,Free,29.99,5674,54.021500727215965,0
TXN_108033,358,Free,29.99,14037,140.17584613248385,0
TXN_108034,234,Premium,0.0,8771,108.45722422602887,0
TXN_108035,782,Free,29.99,8023,131.82943969320718,0
TXN_108036,821,Premium,0.0,9534,111.5404356268003,0
TXN_108037,847,Free,499.0,9690,61.19781436386214,0
TXN_108038,521,Premium,499.0,10208,130.11611078904122,0
TXN_108039,520,Free,0.0,5820,162.08880208396198,0
TXN_108040,285,Free,0.0,9997,96.93465506373717,0
TXN_108041,1028,Premium,29.99,6967,175.0450306641728,0
TXN_108042,463,Premium,29.99,9889,111.57056667012472,0
TXN_108043,706,Free,29.99,8296,186.3446277391936,0
TXN_108044,477,Enterprise,,6367,120.25207298950885,0
TXN_108045,622,Free,499.0,9170,144.5328914410701,0
TXN_108046,679,Free,0.0,7557,-999.0,0
TXN_108047,990,Free,0.0,8232,-999.0,0
TXN_108048,821,Free,29.99,5938,116.24265822638327,0
TXN_108049,295,Free,499.0,5640,68.13375156656008,0
TXN_108050,980,Free,29.99,9299,144.0445788887379,0
TXN_108051,197,Premium,29.99,7489,128.6208892024389,1
TXN_108052,704,Free,0.0,6655,188.3859350571647,0
TXN_108053,121,Premium,499.0,8841,86.5338549696642,0
TXN_108054,549,Free,499.0,6792,9.434277343344704,0
TXN_108055,271,Free,0.0,11381,191.23414322368367,0
TXN_108056,482,Free,0.0,6722,85.43712540690326,0
TXN_108057,233,Premium,0.0,8584,123.84104602793738,0
TXN_108058,525,Premium,499.0,17178,43.307499487777775,0
TXN_108059,124,Enterprise,499.0,7829,93.49183398101799,0
TXN_108060,602,Free,29.99,9351,138.9987064286156,0
TXN_108061,284,Premium,0.0,13925,77.24305767435511,0
TXN_108062,184,Premium,0.0,6932,88.93885019195697,0
TXN_108063,666,Free,29.99,10200,35.18454219600753,0
TXN_108064,862,Free,0.0,12550,189.3546884492464,0
TXN_108065,243,Free,0.0,8270,69.64884962286533,0
TXN_108066,962,Premium,0.0,8286,57.66615598893322,0
TXN_108067,1009,Free,0.0,8618,8.53577031673494,0
TXN_108068,778,Premium,29.99,14681,78.38188986853488,0
TXN_108069,511,Premium,499.0,10158,166.44390510097293,0
TXN_108070,323,Premium,0.0,11060,169.72397862117236,0
TXN_108071,319,Free,29.99,17631,101.55268424548534,0
TXN_108072,278,Premium,0.0,12911,56.03962597999674,0
TXN_108073,730,Free,29.99,9405,102.34323320228694,0
TXN_108074,532,Free,499.0,7265,107.1387463443954,0
TXN_108075,364,Premium,0.0,9589,146.08543055829412,0
TXN_108076,528,Free,0.0,9801,124.85824980691577,0
TXN_108077,761,Free,0.0,10713,186.32942063423604,0
TXN_108078,515,Free,29.99,10699,72.36140128390387,0
TXN_108079,552,Free,29.99,12825,60.96707061432216,0
TXN_108080,826,Free,0.0,16309,111.30449618884498,0
TXN_108081,296,Free,0.0,7567,115.65587535808284,0
TXN_108082,653,Premium,499.0,9752,156.29234751282553,0
TXN_108083,152,Free,29.99,7301,119.0954116308098,0
TXN_108084,579,Unknown,29.99,8834,109.74426552377302,0
TXN_108085,542,Free,499.0,16954,180.43264193276414,0
TXN_108086,429,Free,0.0,13851,50.32118233022145,0
TXN_108087,350,Premium,499.0,14734,220.89374129676187,0
TXN_108088,906,Free,,10917,133.21306824855088,0
TXN_108089,989,Enterprise,0.0,7600,-999.0,0
TXN_108090,882,Premium,29.99,7538,107.17128170246224,0
TXN_108091,1024,Free,29.99,11365,16.214266439379216,0
TXN_108092,222,Premium,499.0,8935,84.25903618995383,0
TXN_108093,978,Free,0.0,8772,90.95408000097926,0
TXN_108094,486,Unknown,499.0,12087,224.91413337898265,0
TXN_108095,438,Enterprise,,16638,112.69627300373068,0
TXN_108096,877,Premium,499.0,7992,115.81459582871112,0
TXN_108097,447,Free,499.0,7637,68.96568518106471,0
TXN_108098,128,Free,29.99,12949,215.5541122403805,0
TXN_108099,134,Free,499.0,10684,139.01815694321007,0
TXN_108100,617,Free,0.0,10865,79.64472795050308,0
TXN_108101,495,Free,29.99,9310,84.45416941725313,0
TXN_108102,722,Enterprise,29.99,12826,66.6868025754674,0
TXN_108103,393,Free,0.0,7582,124.06601636847944,0
TXN_108104,688,Premium,0.0,12078,84.32079259903762,0
TXN_108105,448,Premium,29.99,10193,95.53583366003164,0
TXN_108106,246,Enterprise,0.0,8893,170.7546786170247,0
TXN_108107,166,Free,0.0,10148,80.10254903620337,0
TXN_108108,1003,Free,0.0,8436,121.09575675622673,0
TXN_108109,619,Premium,,9374,92.39038496437028,0
TXN_108110,221,Enterprise,0.0,13098,119.84071403012774,0
TXN_108111,439,Enterprise,499.0,5732,113.18532824289345,0
TXN_108112,274,Premium,0.0,14204,103.3035701979894,0
TXN_108113,999,Free,29.99,18356,173.27831330942604,0
TXN_108114,790,Premium,29.99,10266,166.05529259770216,0
TXN_108115,696,Free,29.99,4582,42.6760006162161,0
TXN_108116,550,Premium,499.0,11230,2.192297881494852,0
TXN_108117,656,Premium,499.0,17081,174.7370281380186,0
TXN_108118,235,Premium,499.0,5036,113.72188715543896,1
TXN_108119,954,Enterprise,0.0,13895,121.5401668933873,0
TXN_108120,115,Premium,29.99,11115,181.9027028118383,0
TXN_108121,432,Free,29.99,11414,79.14659348383657,0
TXN_108122,294,Free,0.0,9381,123.24058747649808,0
TXN_108123,595,Enterprise,499.0,9556,120.42929054380181,0
TXN_108124,108,Free,499.0,11222,170.04515952887715,1
TXN_108125,927,Free,0.0,14808,121.6086674177649,0
TXN_108126,433,Free,499.0,12629,104.36978598506299,0
TXN_108127,432,Premium,499.0,10675,92.0171615267969,0
TXN_108128,426,Free,0.0,12581,138.22399915038096,0
TXN_108129,114,Enterprise,0.0,7193,101.27713448921017,0
TXN_108130,938,Unknown,,8770,41.37731873596054,0
TXN_108131,713,Unknown,29.99,11114,124.01405067318599,0
TXN_108132,325,Free,0.0,9827,0.433226124137434,0
TXN_108133,524,Enterprise,29.99,9809,-999.0,0
TXN_108134,889,Unknown,29.99,5699,72.81414586938203,0
TXN_108135,507,Enterprise,29.99,10482,139.6546329685326,0
TXN_108136,212,Premium,29.99,12166,157.27913457811889,0
TXN_108137,527,Premium,29.99,5636,157.0549607208973,0
TXN_108138,100,Free,29.99,13509,200.6105658251376,0
TXN_108139,365,Enterprise,499.0,9224,100.75208581303991,0
TXN_108140,590,Free,,12045,141.02081594279053,0
TXN_108141,307,Free,29.99,7910,121.03362760583772,0
TXN_108142,721,Unknown,499.0,4387,119.74334683955456,0
TXN_108143,811,Free,499.0,3855,126.46914970455386,0
TXN_108144,468,Free,0.0,11358,79.92472926499002,0
TXN_108145,405,Unknown,499.0,11720,148.99768920814245,0
TXN_108146,111,Unknown,0.0,14310,101.14639272956236,0
TXN_108147,444,Free,0.0,8892,172.95634802588373,0
TXN_108148,564,Enterprise,29.99,10398,121.07946096147992,0
TXN_108149,799,Free,29.99,12464,128.6840686224716,0
TXN_108150,765,Free,29.99,10115,147.92613703084498,0
TXN_108151,593,Free,499.0,11084,101.32088272389203,0
TXN_108152,467,Free,0.0,8055,41.36217919400313,0
TXN_108153,945,Free,,9113,184.92810185796395,0
TXN_108154,1036,Free,0.0,9893,176.5872114041367,0
TXN_108155,519,Enterprise,499.0,7959,111.30610848315973,0
TXN_108156,988,Premium,0.0,13589,94.81076832701606,0
TXN_108157,890,Enterprise,29.99,7680,27.490649558420657,0
TXN_108158,270,Premium,29.99,11382,138.31962697970957,0
TXN_108159,233,Free,29.99,10236,64.270445731298,0
TXN_108160,526,Enterprise,0.0,4360,133.43144272211674,1
TXN_108161,124,Enterprise,0.0,9598,116.24713116730805,0
TXN_108162,629,Free,0.0,7864,-999.0,0
TXN_108163,289,Free,29.99,12263,109.99046714328458,0
TXN_108164,240,Premium,,6742,121.39662506690566,0
TXN_108165,654,Premium,0.0,13977,48.49092246685865,0
TXN_108166,945,Enterprise,29.99,9657,174.87601851327898,0
TXN_108167,895,Free,499.0,16263,94.59877980394535,0
TXN_108168,757,Free,0.0,13270,105.6276878214799,0
TXN_108169,414,Premium,0.0,5996,70.50574125200576,0
TXN_108170,543,Premium,0.0,5831,-999.0,0
TXN_108171,418,Free,0.0,8559,127.12370301504134,0
TXN_108172,540,Free,0.0,5990,25.352398324134825,0
TXN_108173,191,Premium,0.0,6692,149.40569003362265,0
TXN_108174,278,Premium,0.0,14031,191.3195988798995,0
TXN_108175,155,Free,499.0,8202,112.36560409923966,0
TXN_108176,254,Free,499.0,12063,43.53590440040168,0
TXN_108177,771,Enterprise,499.0,12543,91.93501843453441,0
TXN_108178,210,Unknown,29.99,14415,67.02982308947153,0
TXN_108179,236,Free,0.0,15005,145.02140007758499,1
TXN_108180,331,Free,0.0,4642,106.53865247135903,0
TXN_108181,567,Enterprise,0.0,8268,127.24782552621761,0
TXN_108182,831,Free,29.99,8369,186.0704807955428,0
TXN_108183,580,Premium,499.0,19114,135.49762942692928,0
TXN_108184,167,Premium,0.0,12289,66.07450317542556,0
TXN_108185,913,Free,29.99,8025,105.04131279840882,0
TXN_108186,348,Premium,29.99,10130,115.29856939094293,1
TXN_108187,422,Premium,499.0,12144,70.63447931440541,0
TXN_108188,1021,Premium,0.0,8277,158.22625531559774,0
TXN_108189,1003,Free,0.0,4665,152.39471081266416,0
TXN_108190,617,Unknown,499.0,15872,67.4245869614842,0
TXN_108191,891,Free,0.0,12859,102.39912665614465,0
TXN_108192,531,Premium,29.99,6850,149.99184429742607,0
TXN_108193,586,Enterprise,499.0,13924,136.47168670985513,0
TXN_108194,705,Free,499.0,6372,131.85202529549827,0
TXN_108195,528,Premium,0.0,11335,78.39658335113134,0
TXN_108196,368,Unknown,0.0,7381,88.02567632531208,0
TXN_108197,808,Free,0.0,8750,63.764590485951906,0
TXN_108198,636,Free,29.99,11424,91.17787621436605,0
TXN_108199,247,Enterprise,29.99,11166,76.81307194875521,0
TXN_108200,217,Free,,7993,235.05703677226288,0
TXN_108201,949,Free,29.99,13440,174.41189130859937,0
TXN_108202,466,Enterprise,29.99,12185,161.1963051772643,1
TXN_108203,949,Enterprise,0.0,10334,177.2246136423722,0
TXN_108204,165,Unknown,0.0,8328,175.5725868688042,0
TXN_108205,912,Free,0.0,11675,81.88806504893816,0
TXN_108206,469,Free,0.0,16150,152.1202523429565,0
TXN_108207,274,Free,499.0,12757,112.44724450947885,0
TXN_108208,930,Premium,29.99,9924,67.33172739364454,0
TXN_108209,687,Premium,0.0,10789,142.706765857802,0
TXN_108210,594,Free,29.99,9424,134.56506960452907,0
TXN_108211,213,Free,0.0,6652,99.65962622633951,0
TXN_108212,210,Premium,0.0,8819,133.4799921446687,0
TXN_108213,860,Premium,499.0,11681,120.22555950613723,0
TXN_108214,538,Free,499.0,9190,119.98469417288304,0
TXN_108215,814,Enterprise,0.0,9929,184.1596115808536,0
TXN_108216,246,Free,499.0,13736,166.09924153626258,1
TXN_108217,134,Premium,29.99,9307,7.867866479186674,0
TXN_108218,408,Enterprise,0.0,4905,62.91902811733484,0
TXN_108219,637,Premium,29.99,7821,109.44713368906719,0
TXN_108220,849,Free,0.0,5851,182.140446745909,0
TXN_108221,113,Free,0.0,8089,8.96882274640899,0
TXN_108222,473,Enterprise,0.0,10556,118.34864015031145,0
TXN_108223,656,Free,0.0,13531,138.93427333329942,0
TXN_108224,527,Premium,0.0,9454,103.51829831237181,0
TXN_108225,827,Unknown,0.0,5606,87.95405427383515,0
TXN_108226,332,Unknown,29.99,10039,74.8696702928383,0
TXN_108227,804,Premium,29.99,10778,43.39069266856879,1
TXN_108228,662,Enterprise,0.0,11582,160.88605736588542,0
TXN_108229,1038,Unknown,0.0,12030,118.81341032722834,0
TXN_108230,986,Free,0.0,11855,184.08957132217017,0
TXN_108231,825,Free,499.0,4734,148.21018427008892,0
TXN_108232,762,Free,0.0,9088,79.61248929445921,0
TXN_108233,539,Free,499.0,8860,66.35444115715,0
TXN_108234,601,Enterprise,0.0,7310,187.69595823375624,0
TXN_108235,374,Premium,499.0,10197,201.45397391496175,1
TXN_108236,949,Enterprise,0.0,7724,158.18608668637384,0
TXN_108237,175,Premium,0.0,12558,114.35919663676317,0
TXN_108238,538,Premium,29.99,9078,90.01003238004539,0
TXN_108239,831,Premium,29.99,13510,200.00884630578076,0
TXN_108240,959,Free,29.99,6124,128.83942696820787,0
TXN_108241,798,Enterprise,0.0,14675,69.38596515175726,0
TXN_108242,388,Free,0.0,7639,101.8109419583122,0
TXN_108243,1014,Premium,29.99,7040,49.87683341266515,0
TXN_108244,639,Free,499.0,11507,114.60655679916559,0
TXN_108245,990,Enterprise,,7212,143.79119773519312,0
TXN_108246,791,Enterprise,29.99,6708,143.24919682586443,0
TXN_108247,352,Premium,0.0,9713,82.50040690917493,0
TXN_108248,225,Premium,0.0,3943,134.9333078813562,0
TXN_108249,276,Premium,499.0,7414,151.084460046831,0
TXN_108250,136,Free,499.0,10947,104.02991342177488,0
TXN_108251,509,Free,499.0,6440,136.5753258591794,0
TXN_108252,710,Premium,29.99,19113,88.71953401781182,0
TXN_108253,709,Free,499.0,8395,70.14767244185205,0
TXN_108254,226,Free,499.0,8936,160.0909033731436,0
TXN_108255,582,Free,29.99,10761,86.79378084401264,0
TXN_108256,267,Free,499.0,11142,180.66718462128495,0
TXN_108257,691,Free,0.0,6458,125.93378621588441,0
TXN_108258,393,Free,29.99,11101,115.93851483122681,0
TXN_108259,944,Free,,11326,150.6385961874429,0
TXN_108260,737,Free,0.0,11563,109.29964363530496,0
TXN_108261,442,Premium,29.99,6763,115.60163013304712,0
TXN_108262,409,Unknown,0.0,16880,141.68574598642059,0
TXN_108263,761,Free,499.0,14055,87.12902183236642,1
TXN_108264,627,Enterprise,29.99,9541,189.3674898027644,0
TXN_108265,639,Free,499.0,8663,173.266648761802,0
TXN_108266,518,Premium,29.99,8981,150.65234719633168,0
TXN_108267,543,Premium,0.0,7667,57.74567396461029,0
TXN_108268,784,Premium,0.0,15571,160.95946931539822,0
TXN_108269,657,Premium,499.0,8480,155.54473319734993,0
TXN_108270,939,Free,0.0,4607,101.148312042807,0
TXN_108271,335,Free,29.99,10007,160.40265831173315,0
TXN_108272,538,Enterprise,0.0,9748,126.44412862034798,0
TXN_108273,313,Free,499.0,8989,49.174057978693355,0
TXN_108274,184,Free,0.0,7595,95.71595669775988,0
TXN_108275,893,Free,499.0,10294,159.86952822731544,0
TXN_108276,843,Free,29.99,18216,131.06189951515645,0
TXN_108277,184,Premium,0.0,12856,38.946829470809035,0
TXN_108278,1020,Premium,29.99,13542,120.49444015538639,1
TXN_108279,588,Free,499.0,15888,107.81635029789574,0
TXN_108280,164,Free,499.0,6849,53.21801240536486,0
TXN_108281,745,Premium,0.0,10341,99.77766730866207,0
TXN_108282,762,Premium,,10684,153.43213122575375,0
TXN_108283,726,Unknown,0.0,11527,63.031868155534546,0
TXN_108284,163,Enterprise,0.0,12565,129.36123927985287,0
TXN_108285,442,Enterprise,29.99,6087,107.4571187464006,0
TXN_108286,1038,Premium,0.0,9195,194.64872709174696,0
TXN_108287,974,Premium,29.99,5629,155.22849920657336,0
TXN_108288,1018,Free,29.99,15509,-999.0,0
TXN_108289,451,Premium,29.99,5862,213.8810991005982,0
TXN_108290,257,Free,0.0,9736,61.132695955862566,0
TXN_108291,688,Enterprise,29.99,11823,151.05046352388192,0
TXN_108292,590,Free,29.99,4557,101.72951843207632,0
TXN_108293,757,Premium,29.99,12679,170.85910254164023,0
TXN_108294,954,Free,499.0,13555,91.49680995273019,0
TXN_108295,562,Premium,0.0,8577,105.79482882249822,0
TXN_108296,324,Free,499.0,12527,161.59871671277034,0
TXN_108297,1016,Free,499.0,11885,91.18455180823514,0
TXN_108298,412,Free,29.99,10358,116.91375122024081,0
TXN_108299,714,Free,29.99,6281,152.91820044358712,0
TXN_108300,1018,Free,0.0,9398,99.99680655080954,0
TXN_108301,958,Free,0.0,9729,38.99126992682248,0
TXN_108302,912,Enterprise,29.99,12973,95.40016989605773,0
TXN_108303,1039,Free,29.99,11289,101.72465932667345,0
TXN_108304,565,Free,0.0,10364,86.80017917711413,0
TXN_108305,187,Unknown,29.99,4807,146.8516580401178,0
TXN_108306,982,Premium,499.0,10860,71.99817922723922,0
TXN_108307,402,Free,0.0,12313,151.28755832827494,0
TXN_108308,779,Free,,7526,147.429591804916,1
TXN_108309,534,Enterprise,0.0,8929,117.1513123282979,0
TXN_108310,781,Free,29.99,6992,194.36698893327352,0
TXN_108311,234,Free,29.99,15012,82.25515587919261,0
TXN_108312,149,Premium,0.0,11901,-999.0,0
TXN_108313,531,Free,499.0,8180,59.714912150230404,0
TXN_108314,439,Enterprise,29.99,11011,220.5148735821173,0
TXN_108315,446,Free,0.0,10960,152.9916852452922,0
TXN_108316,745,Premium,29.99,11089,92.00444023637402,0
TXN_108317,446,Premium,29.99,14428,144.93353443437712,0
TXN_108318,748,Free,,10192,197.21352510889238,0
TXN_108319,344,Enterprise,0.0,5357,134.28363525631616,1
TXN_108320,208,Unknown,0.0,6384,58.909537955177086,0
TXN_108321,924,Free,0.0,10041,149.64293023950162,0
TXN_108322,898,Enterprise,29.99,7263,82.23819388324037,0
TXN_108323,632,Free,29.99,16700,144.26652146869907,0
TXN_108324,189,Enterprise,,10936,86.81346833104033,0
TXN_108325,395,Free,29.99,4684,138.8554510040278,0
TXN_108326,211,Free,499.0,8990,121.61245372913957,0
TXN_108327,912,Free,,8994,48.30709844884073,0
TXN_108328,688,Free,0.0,10261,110.88434087227344,0
TXN_108329,276,Free,0.0,11001,132.4275079786293,0
TXN_108330,442,Enterprise,0.0,8015,172.50587237639144,0
TXN_108331,759,Enterprise,0.0,8814,76.83424298509742,0
TXN_108332,200,Free,29.99,6356,124.02666038257264,0
TXN_108333,857,Free,0.0,8872,125.92843704086496,0
TXN_108334,728,Enterprise,0.0,7545,52.90528267119083,0
TXN_108335,703,Free,0.0,14502,236.29841191726484,0
TXN_108336,500,Free,0.0,10909,73.96896634385638,0
TXN_108337,127,Premium,0.0,6691,102.3340961240652,0
TXN_108338,1036,Free,0.0,15932,147.10916297449964,0
TXN_108339,636,Free,0.0,7336,144.934076378532,0
TXN_108340,157,Premium,0.0,6779,206.3920848360707,0
TXN_108341,597,Premium,499.0,10976,94.48068621013294,0
TXN_108342,396,Free,0.0,6648,155.15693855651818,1
TXN_108343,233,Enterprise,499.0,6148,102.24161029560386,0
TXN_108344,430,Premium,29.99,9654,147.40425844806538,0
TXN_108345,348,Free,29.99,14384,133.23880239503373,0
TXN_108346,649,Free,29.99,11326,50.08644502513414,1
TXN_108347,1001,Free,0.0,6671,96.13606625749412,1
TXN_108348,1040,Free,0.0,12302,82.66699904388136,0
TXN_108349,174,Free,499.0,12245,137.1515486378654,0
TXN_108350,753,Free,499.0,4567,120.57283467204297,0
TXN_108351,933,Free,,8114,157.78548298416268,0
TXN_108352,267,Premium,29.99,8526,187.63913992075817,0
TXN_108353,870,Premium,0.0,14286,69.13727004083758,0
TXN_108354,602,Premium,29.99,13014,76.95261628366075,0
TXN_108355,984,Premium,29.99,11792,102.37048733129124,0
TXN_108356,454,Enterprise,499.0,7657,156.2949230410369,0
TXN_108357,324,Premium,0.0,7104,52.548474940996115,1
TXN_108358,763,Free,499.0,17412,204.0338543389065,0
TXN_108359,630,Free,0.0,8223,164.95205179875532,0
TXN_108360,245,Enterprise,29.99,16111,123.17567517503873,0
TXN_108361,340,Free,,10680,177.35768000587765,0
TXN_108362,983,Free,499.0,13519,110.77784768255651,0
TXN_108363,992,Premium,29.99,10040,45.27577058818896,0
TXN_108364,443,Premium,0.0,10991,175.9545004019887,0
TXN_108365,848,Premium,0.0,7303,158.76180631885492,0
TXN_108366,134,Free,0.0,7084,145.58383385437367,0
TXN_108367,801,Free,29.99,9683,142.65220499839387,0
TXN_108368,100,Unknown,29.99,12295,91.33897329722114,0
TXN_108369,252,Free,29.99,6349,42.74899965505149,0
TXN_108370,528,Free,29.99,8593,13.957928349625433,0
TXN_108371,1044,Free,29.99,5835,32.0154614514546,0
TXN_108372,607,Enterprise,29.99,8816,118.86699964316715,0
TXN_108373,225,Premium,499.0,7342,56.2167456760386,0
TXN_108374,590,Enterprise,0.0,16146,48.68976394394609,0
TXN_108375,581,Free,499.0,5495,68.2208919585252,0
TXN_108376,444,Free,0.0,8094,121.87215280846722,0
TXN_108377,1011,Free,29.99,12259,161.75079086602014,0
TXN_108378,837,Enterprise,499.0,12909,224.37249258044022,0
TXN_108379,320,Free,0.0,9851,204.27871799972166,0
TXN_108380,1014,Free,0.0,9291,104.04467978200803,0
TXN_108381,1018,Premium,0.0,7901,65.87053346359345,0
TXN_108382,822,Free,0.0,8185,151.768084961037,1
TXN_108383,124,Premium,29.99,8457,112.01271774367609,0
TXN_108384,627,Enterprise,0.0,9113,117.14053070559287,0
TXN_108385,281,Free,0.0,14133,107.14764020093995,0
TXN_108386,598,Free,29.99,6829,92.70340928023485,0
TXN_108387,940,Free,29.99,6212,152.6851913101567,0
TXN_108388,740,Free,0.0,12034,162.13865559486936,0
TXN_108389,141,Free,29.99,999999,115.38063741721565,0
TXN_108390,1014,Premium,29.99,11166,136.068179551436,0
TXN_108391,580,Free,0.0,10862,86.75726162830242,0
TXN_108392,1029,Enterprise,29.99,15275,106.84405888600128,0
TXN_108393,947,Free,499.0,5332,95.86285177852491,0
TXN_108394,847,Free,0.0,12323,140.7503682873878,0
TXN_108395,971,Free,499.0,9930,115.0337112867896,1
TXN_108396,538,Premium,499.0,11021,132.22298626461094,0
TXN_108397,501,Free,499.0,7040,88.96944023026754,1
TXN_108398,645,Enterprise,29.99,16261,212.21701142053848,0
TXN_108399,444,Premium,29.99,10320,109.182223667496,0
TXN_108400,992,Enterprise,499.0,2510,52.18458957346358,0
TXN_108401,144,Premium,29.99,8939,168.40723013898858,0
TXN_108402,745,Free,29.99,8526,52.84377160675855,0
TXN_108403,120,Enterprise,0.0,7004,82.80823991389991,0
TXN_108404,733,Enterprise,0.0,8926,124.56207586586333,0
TXN_108405,169,Unknown,0.0,11880,95.14048863474392,0
TXN_108406,963,Free,0.0,14472,107.9481518143978,0
TXN_108407,972,Premium,29.99,6425,103.44377609423935,0
TXN_108408,147,Free,,7712,104.75459344938409,0
TXN_108409,590,Free,,10729,37.933792560414716,0
TXN_108410,650,Premium,499.0,6980,153.83735319175855,0
TXN_108411,386,Unknown,,6582,130.10263276366757,0
TXN_108412,109,Premium,,7208,127.38887296382477,0
TXN_108413,641,Enterprise,499.0,5892,110.75661212195556,0
TXN_108414,855,Free,0.0,11668,94.51430691388319,1
TXN_108415,373,Free,0.0,25595,138.0750127232048,0
TXN_108416,699,Premium,29.99,8356,173.7556687434013,0
TXN_108417,855,Free,0.0,9448,147.36669926711537,0
TXN_108418,480,Enterprise,499.0,11257,203.74637870124093,0
TXN_108419,428,Free,0.0,12334,103.08168433398937,0
TXN_108420,578,Free,0.0,11379,108.84372887220584,0
TXN_108421,114,Premium,0.0,13492,175.0297586199904,0
TXN_108422,615,Free,29.99,7973,83.99885594958415,0
TXN_108423,290,Enterprise,29.99,8648,134.8848212002976,0
TXN_108424,267,Free,29.99,10967,157.57786023992725,0
TXN_108425,620,Free,0.0,7437,180.2256601183929,0
TXN_108426,720,Enterprise,29.99,9637,82.54513716318061,1
TXN_108427,236,Free,29.99,11841,120.31361892744917,0
TXN_108428,253,Enterprise,499.0,4532,120.19758561731199,0
TXN_108429,487,Free,0.0,7290,33.57150746324825,0
TXN_108430,308,Free,0.0,7528,85.53487856339558,0
TXN_108431,371,Unknown,0.0,8279,140.74379147832735,0
TXN_108432,242,Enterprise,499.0,5597,183.9404390313282,0
TXN_108433,710,Free,0.0,6878,123.5134760970419,0
TXN_108434,988,Premium,0.0,11525,78.94845768380372,0
TXN_108435,919,Enterprise,0.0,8070,88.84929328443094,0
TXN_108436,168,Free,499.0,11781,47.936585750075,0
TXN_108437,346,Free,29.99,12350,179.27238033825478,0
TXN_108438,360,Premium,29.99,12838,171.49216751334055,1
TXN_108439,887,Free,29.99,8422,60.519337420650174,0
TXN_108440,178,Free,0.0,13758,187.82023981656482,0
TXN_108441,757,Enterprise,0.0,11086,156.2096753892624,0
TXN_108442,722,Free,0.0,8710,119.81236008250208,0
TXN_108443,869,Enterprise,0.0,18154,67.40475792259642,0
TXN_108444,704,Premium,499.0,8714,98.00146843642574,0
TXN_108445,624,Premium,29.99,9367,136.2289207184527,0
TXN_108446,871,Premium,29.99,15289,80.34009643474886,0
TXN_108447,1037,Free,0.0,4600,86.8402433584912,0
TXN_108448,720,Free,0.0,9374,67.91846361715955,0
TXN_108449,429,Free,0.0,6094,113.66364871979529,0
TXN_108450,288,Premium,29.99,11506,80.261984254259,0
TXN_108451,194,Free,0.0,9061,116.49383275770496,0
TXN_108452,716,Free,0.0,14112,146.12039742063376,0
TXN_108453,107,Unknown,29.99,14279,139.49930838025546,0
TXN_108454,166,Unknown,,4690,189.94909525481827,0
TXN_108455,595,Free,0.0,11014,137.81409074206906,0
TXN_108456,290,Free,0.0,11106,112.64147191885525,0
TXN_108457,465,Premium,0.0,5908,189.92965624339618,0
TXN_108458,867,Enterprise,29.99,11546,124.67808137211134,0
TXN_108459,620,Free,0.0,2654,106.01383279531417,0
TXN_108460,216,Free,29.99,7353,100.68389685011648,0
TXN_108461,366,Enterprise,29.99,7564,188.85621827967057,0
TXN_108462,710,Enterprise,0.0,10334,108.00245585809827,0
TXN_108463,584,Premium,0.0,9825,115.4618318004853,0
TXN_108464,608,Free,0.0,9227,146.50592653065277,0
TXN_108465,397,Free,0.0,8119,99.91107391124157,0
TXN_108466,1008,Premium,0.0,9270,121.35101507847949,0
TXN_108467,263,Free,29.99,7092,95.11431696268275,0
TXN_108468,475,Free,29.99,9050,119.42358535505528,0
TXN_108469,752,Free,0.0,6689,121.4629356152226,0
TXN_108470,367,Premium,29.99,9345,107.31812800074934,0
TXN_108471,648,Premium,0.0,8949,160.53342512147572,0
TXN_108472,173,Enterprise,29.99,7277,158.32401434346244,0
TXN_108473,607,Premium,499.0,15099,209.23900550090528,0
TXN_108474,172,Enterprise,499.0,10740,42.06053184989199,0
TXN_108475,407,Enterprise,0.0,14493,87.9389603030038,0
TXN_108476,298,Free,29.99,7564,126.26940168964927,0
TXN_108477,229,Free,499.0,9832,-999.0,0
TXN_108478,857,Premium,0.0,10388,182.76377197628443,0
TXN_108479,923,Free,29.99,10770,41.368632549522005,0
TXN_108480,671,Enterprise,499.0,12014,167.5803207692615,0
TXN_108481,890,Free,0.0,8823,89.7719384817319,0
TXN_108482,714,Free,29.99,8857,73.21529793315705,0
TXN_108483,907,Premium,29.99,10426,129.49874348776447,0
TXN_108484,931,Premium,0.0,10356,116.47230745594536,0
TXN_108485,586,Premium,0.0,13168,242.0863420106655,0
TXN_108486,952,Premium,0.0,7407,152.2595415365331,0
TXN_108487,250,Free,0.0,11726,155.5462325240366,0
TXN_108488,768,Free,0.0,10025,108.26985382597226,0
TXN_108489,305,Enterprise,0.0,5894,111.50823069499914,0
TXN_108490,278,Free,0.0,10258,58.78143312326387,1
TXN_108491,296,Free,29.99,10208,139.83466910405772,0
TXN_108492,834,Free,0.0,11606,56.03405779586409,0
TXN_108493,188,Free,0.0,10962,71.4307516301948,0
TXN_108494,898,Premium,0.0,11017,126.29490419801404,0
TXN_108495,533,Premium,0.0,8991,94.9341994889819,0
TXN_108496,887,Premium,0.0,10908,84.63837440307069,0
TXN_108497,847,Premium,0.0,9149,96.258614743691,0
TXN_108498,282,Free,29.99,7977,145.10556712008153,0
TXN_108499,308,Free,0.0,11775,148.70360233976373,0
TXN_108500,592,Free,0.0,14871,66.9919174802699,0
TXN_108501,229,Free,29.99,15623,143.76383896722248,0
TXN_108502,764,Free,29.99,7233,159.3477407537497,0
TXN_108503,112,Free,29.99,7877,214.58298051170448,1
TXN_108504,733,Premium,499.0,17862,143.5900023414964,0
TXN_108505,970,Premium,0.0,10288,26.38164739019828,0
TXN_108506,831,Enterprise,,7759,150.79208755962938,0
TXN_108507,205,Premium,499.0,10243,169.92526127263562,0
TXN_108508,474,Free,0.0,11356,170.79136994374352,0
TXN_108509,681,Free,499.0,10697,183.34202944255873,0
TXN_108510,806,Free,499.0,8554,182.11826553552777,0
TXN_108511,797,Free,499.0,5517,120.97358878352549,0
TXN_108512,198,Free,29.99,8192,128.6164598958955,0
TXN_108513,693,Free,29.99,8276,88.13000594548518,0
TXN_108514,686,Premium,0.0,8364,71.82242075433194,0
TXN_108515,985,Premium,29.99,13103,80.12440939485512,0
TXN_108516,951,Premium,0.0,15115,161.93697583838284,0
TXN_108517,291,Free,0.0,14573,81.7425675523172,0
TXN_108518,424,Premium,,14513,130.46747505685755,0
TXN_108519,825,Premium,0.0,9186,143.80518244799072,0
TXN_108520,926,Premium,29.99,8770,147.70337531702708,0
TXN_108521,566,Free,0.0,10434,184.45060555568506,0
TXN_108522,993,Premium,0.0,4883,141.35851237597106,0
TXN_108523,466,Premium,29.99,9969,128.34683308209506,0
TXN_108524,417,Free,0.0,10266,192.94966719802656,0
TXN_108525,243,Free,,12795,80.69921848045058,0
TXN_108526,483,Free,0.0,14020,121.99094451334466,0
TXN_108527,315,Premium,0.0,17302,110.69738804315713,0
TXN_108528,460,Premium,0.0,11617,141.3113555739946,0
TXN_108529,423,Free,0.0,14550,139.95603223581597,0
TXN_108530,114,Free,0.0,8744,60.12887558669125,0
TXN_108531,316,Enterprise,29.99,13664,56.38091477878059,0
TXN_108532,591,Free,29.99,11561,78.2395172408354,0
TXN_108533,646,Free,0.0,11989,121.28528789000433,0
TXN_108534,282,Free,0.0,7021,65.93546565353816,1
TXN_108535,369,Premium,499.0,8176,49.73013474925526,0
TXN_108536,1044,Premium,29.99,9905,79.88158707963156,0
TXN_108537,566,Free,0.0,10741,102.47134328060578,0
TXN_108538,969,Unknown,29.99,10768,-999.0,0
TXN_108539,711,Premium,29.99,8771,142.74092599593084,0
TXN_108540,618,Free,499.0,9207,144.71957179506907,0
TXN_108541,641,Premium,499.0,5582,189.34109135937717,0
TXN_108542,566,Free,0.0,7578,139.96805060165002,0
TXN_108543,404,Premium,0.0,7377,79.34619806914093,0
TXN_108544,243,Free,0.0,9863,131.8910831730815,0
TXN_108545,210,Premium,499.0,15369,120.0255443396376,0
TXN_108546,331,Free,0.0,11779,156.08558825141534,0
TXN_108547,790,Enterprise,29.99,9472,145.7211975848399,0
TXN_108548,683,Free,29.99,9467,136.48638747685413,0
TXN_108549,821,Premium,29.99,10477,177.98660958030985,0
TXN_108550,831,Free,0.0,7871,184.12681203094937,0
TXN_108551,691,Enterprise,0.0,10732,85.0549569981293,0
TXN_108552,599,Premium,0.0,10047,71.04315628610198,0
TXN_108553,694,Free,0.0,10879,54.72280626269769,0
TXN_108554,653,Enterprise,0.0,10682,147.07534053945076,0
TXN_108555,372,Free,29.99,12151,72.97120365261596,0
TXN_108556,802,Premium,499.0,10722,100.11901288957762,0
TXN_108557,272,Premium,29.99,10359,151.47895379728072,0
TXN_108558,106,Free,29.99,9050,180.20356448276348,0
TXN_108559,254,Unknown,29.99,11335,100.99138280902218,0
TXN_108560,621,Free,0.0,11844,196.8597468366968,0
TXN_108561,645,Free,0.0,11068,108.83378248470663,0
TXN_108562,647,Enterprise,0.0,6295,196.67899152381057,0
TXN_108563,1020,Premium,499.0,16967,71.7274581250962,0
TXN_108564,617,Free,,7346,124.24069180449344,0
TXN_108565,1019,Free,0.0,7312,106.92575266279191,0
TXN_108566,1013,Premium,0.0,11187,156.6647221693744,0
TXN_108567,314,Free,0.0,10917,98.6406947184969,0
TXN_108568,233,Enterprise,0.0,13556,152.9915234748142,0
TXN_108569,384,Premium,29.99,9453,145.2407499318989,0
TXN_108570,225,Free,29.99,9887,191.4838774147746,0
TXN_108571,1020,Free,499.0,6497,64.88853918939661,0
TXN_108572,538,Premium,29.99,7340,144.32690891550664,0
TXN_108573,948,Free,0.0,10946,193.65368304556623,0
TXN_108574,785,Premium,,4546,152.0108390262534,0
TXN_108575,251,Unknown,29.99,8954,179.26150349144584,0
TXN_108576,430,Premium,0.0,11624,72.50548436138097,0
TXN_108577,637,Free,0.0,9894,53.68497670134326,1
TXN_108578,482,Free,499.0,7440,153.84458900797023,0
TXN_108579,214,Premium,0.0,9367,154.46139835474978,0
TXN_108580,993,Premium,29.99,10042,65.43907668046852,0
TXN_108581,581,Premium,0.0,8614,110.15058103688017,0
TXN_108582,383,Free,499.0,7987,105.72507607541024,0
TXN_108583,998,Enterprise,29.99,11008,120.28000952691617,0
TXN_108584,174,Free,29.99,11360,107.98496548639457,0
TXN_108585,265,Premium,499.0,10477,122.50943755369806,0
TXN_108586,288,Premium,499.0,7528,187.255597006326,0
TXN_108587,177,Premium,499.0,9540,155.85222342513768,0
TXN_108588,1046,Free,0.0,12335,97.25022193543572,0
TXN_108589,701,Premium,0.0,8173,208.16216572653965,0
TXN_108590,787,Free,0.0,8626,112.88919794419797,0
TXN_108591,120,Premium,0.0,15060,124.58853378846122,0
TXN_108592,665,Free,499.0,11598,120.37523756050138,0
TXN_108593,283,Free,499.0,10727,108.65364735733222,0
TXN_108594,970,Free,29.99,4704,115.63441520422587,0
TXN_108595,321,Enterprise,0.0,11273,43.08294221886774,1
TXN_108596,926,Premium,0.0,12134,96.49177504574307,0
TXN_108597,427,Premium,0.0,17872,229.52374188361918,0
TXN_108598,278,Premium,0.0,10356,133.85117185065104,0
TXN_108599,887,Enterprise,29.99,8955,113.14820404977613,0
TXN_108600,211,Free,29.99,10434,165.48236679196248,0
TXN_108601,835,Premium,499.0,5779,99.88337507041454,0
TXN_108602,825,Premium,0.0,12484,149.61808873919196,0
TXN_108603,158,Free,0.0,11468,186.34470950748351,0
TXN_108604,426,Free,499.0,10615,131.43165591783898,0
TXN_108605,1004,Free,29.99,7680,43.13901037722144,0
TXN_108606,720,Free,0.0,10510,100.19763268280855,0
TXN_108607,996,Free,0.0,9743,-999.0,0
TXN_108608,768,Free,499.0,12443,143.66484936112263,0
TXN_108609,290,Premium,29.99,8462,153.30902306721967,0
TXN_108610,299,Free,499.0,999999,50.858174434358475,0
TXN_108611,411,Free,0.0,7443,138.6875039515135,0
TXN_108612,807,Enterprise,499.0,10839,108.04041968454436,0
TXN_108613,134,Premium,29.99,5206,111.47725873494241,0
TXN_108614,478,Free,0.0,18894,89.2326490534172,0
TXN_108615,486,Premium,,8115,161.35304721491104,0
TXN_108616,857,Free,29.99,12821,137.23309658874638,0
TXN_108617,336,Free,499.0,8807,148.6537820957153,0
TXN_108618,715,Free,499.0,8689,165.97105191008842,0
TXN_108619,618,Unknown,0.0,7101,81.758972570731,0
TXN_108620,382,Premium,29.99,12036,162.9935752756031,1
TXN_108621,100,Premium,0.0,8328,164.75078900231657,0
TXN_108622,830,Unknown,29.99,15160,109.84462027699263,0
TXN_108623,563,Enterprise,29.99,6054,164.84767962074304,0
TXN_108624,329,Premium,499.0,7763,113.96199337667053,0
TXN_108625,271,Premium,0.0,11803,44.70884392934133,0
TXN_108626,186,Free,29.99,12591,135.6439819302399,0
TXN_108627,652,Free,0.0,8159,80.2953941846908,0
TXN_108628,222,Premium,0.0,11225,118.68048083418687,0
TXN_108629,942,Premium,499.0,11385,186.54915942823354,0
TXN_108630,397,Unknown,0.0,14271,114.94260085305936,0
TXN_108631,984,Free,0.0,7422,187.807166756589,0
TXN_108632,1028,Premium,0.0,8906,99.60396958294487,0
TXN_108633,789,Premium,0.0,8175,141.3580802710021,0
TXN_108634,674,Free,0.0,9541,133.84694856427754,0
TXN_108635,583,Premium,29.99,12985,113.20566963899903,0
TXN_108636,264,Premium,29.99,5143,113.00365375072835,0
TXN_108637,798,Free,0.0,11040,74.73387632281066,0
TXN_108638,482,Premium,0.0,6443,143.9088753405727,0
TXN_108639,308,Free,0.0,7604,168.27244550914835,0
TXN_108640,838,Free,29.99,9027,14.437997876137729,0
TXN_108641,531,Premium,0.0,5029,158.57886911105692,0
TXN_108642,488,Free,0.0,12097,71.04127526405485,0
TXN_108643,659,Free,0.0,6064,165.78143830693352,0
TXN_108644,323,Free,0.0,9734,74.53305003739186,0
TXN_108645,102,Free,29.99,4175,128.17084778783348,0
TXN_108646,471,Free,0.0,14755,40.122417881674025,0
TXN_108647,786,Free,0.0,18082,86.56241743800746,0
TXN_108648,545,Premium,0.0,7999,174.86908234584925,0
TXN_108649,710,Enterprise,,8197,146.37848184726104,0
TXN_108650,215,Free,29.99,9068,143.99448307152565,0
TXN_108651,369,Free,0.0,12855,118.86277542359015,0
TXN_108652,546,Free,0.0,14735,128.2509261407187,0
TXN_108653,467,Free,499.0,10729,187.4579753668305,0
TXN_108654,352,Premium,0.0,12262,114.22850813350952,0
TXN_108655,416,Enterprise,,7471,120.70808358195858,0
TXN_108656,514,Enterprise,0.0,8060,169.8197391629279,0
TXN_108657,194,Free,0.0,7646,118.41521414140136,0
TXN_108658,884,Enterprise,29.99,10956,101.9382919924492,0
TXN_108659,991,Free,29.99,10305,108.40995165496884,0
TXN_108660,123,Premium,,14183,112.10424057177782,0
TXN_108661,727,Premium,499.0,6270,71.10338750421823,0
TXN_108662,762,Premium,0.0,10011,47.269382100995585,0
TXN_108663,949,Free,29.99,10636,118.48524645081524,0
TXN_108664,149,Free,499.0,8048,136.3018135911514,0
TXN_108665,601,Premium,29.99,4878,158.200899661267,0
TXN_108666,817,Free,0.0,11485,73.29716423644489,0
TXN_108667,597,Free,0.0,16253,186.81218642476145,0
TXN_108668,434,Premium,0.0,13364,37.96223731003529,0
TXN_108669,178,Free,499.0,6106,154.30910711714876,0
TXN_108670,681,Premium,0.0,10633,121.53072837405433,0
TXN_108671,126,Free,0.0,16304,112.7571436388659,0
TXN_108672,370,Enterprise,499.0,5555,72.16373013450884,0
TXN_108673,661,Free,0.0,11068,112.15918088105437,0
TXN_108674,903,Enterprise,29.99,12776,106.61011636493409,0
TXN_108675,346,Free,499.0,3710,167.26918761466433,0
TXN_108676,875,Premium,0.0,10038,88.89348482797425,0
TXN_108677,690,Enterprise,0.0,7787,92.86143842052533,0
TXN_108678,486,Free,29.99,9634,138.75654908339135,0
TXN_108679,801,Free,29.99,8818,-999.0,0
TXN_108680,658,Free,29.99,9023,75.17622014559912,0
TXN_108681,460,Free,0.0,6197,36.7350222697292,0
TXN_108682,965,Premium,0.0,12473,197.9352154640191,0
TXN_108683,587,Free,29.99,7884,129.38248710257622,0
TXN_108684,451,Enterprise,0.0,15704,189.9453649598234,1
TXN_108685,800,Premium,499.0,13240,130.3941506676353,0
TXN_108686,1027,Free,29.99,11052,162.9550094444872,0
TXN_108687,355,Enterprise,29.99,10483,197.79196984752133,0
TXN_108688,321,Free,499.0,12239,164.99981410892826,0
TXN_108689,983,Free,0.0,10074,192.27084379760493,0
TXN_108690,852,Free,0.0,4730,186.39624799654294,0
TXN_108691,880,Premium,29.99,7933,80.8277714500963,0
TXN_108692,100,Free,0.0,13423,115.18878058240485,0
TXN_108693,645,Premium,29.99,10268,178.055720704759,0
TXN_108694,545,Free,,10372,91.633791414078,0
TXN_108695,178,Unknown,499.0,10534,120.69386302011704,0
TXN_108696,335,Premium,29.99,10222,118.31836470604404,0
TXN_108697,433,Free,499.0,9238,117.93366123856634,0
TXN_108698,988,Premium,0.0,14844,135.51616948495337,0
TXN_108699,448,Premium,29.99,5731,119.14109458803951,0
TXN_108700,197,Free,0.0,15295,93.05280923915635,0
TXN_108701,181,Free,0.0,12560,139.83203305423493,0
TXN_108702,601,Free,0.0,10938,114.89898715330007,0
TXN_108703,576,Enterprise,499.0,8393,176.0711284741787,0
TXN_108704,1026,Premium,499.0,11377,113.73548726044677,0
TXN_108705,803,Free,29.99,6986,147.36979687077027,0
TXN_108706,864,Free,0.0,7165,110.06339036911768,0
TXN_108707,1020,Free,0.0,7114,34.61643453501401,0
TXN_108708,649,Premium,499.0,11513,146.9005296589588,1
TXN_108709,113,Premium,29.99,10251,198.5400392855276,0
TXN_108710,491,Unknown,29.99,8920,126.96879696652545,0
TXN_108711,446,Free,499.0,7058,148.34507977850998,0
TXN_108712,409,Free,29.99,8041,127.73644270602917,0
TXN_108713,485,Free,29.99,12139,119.8665394186185,0
TXN_108714,308,Enterprise,0.0,12990,187.7514123431053,0
TXN_108715,456,Free,0.0,19797,154.24919444146576,0
TXN_108716,700,Free,29.99,13659,108.93502993041923,0
TXN_108717,667,Premium,0.0,8623,82.11835687871329,0
TXN_108718,193,Free,29.99,8696,204.06928453641632,0
TXN_108719,192,Free,0.0,7636,128.62560905949755,0
TXN_108720,439,Premium,0.0,10919,161.20774782768484,0
TXN_108721,696,Free,29.99,8776,70.29105415942098,0
TXN_108722,544,Free,0.0,7323,20.510195318390558,0
TXN_108723,856,Free,499.0,8011,78.70992886852052,0
TXN_108724,121,Free,0.0,8156,148.47279679070067,0
TXN_108725,390,Free,29.99,13445,93.6124959664408,0
TXN_108726,584,Enterprise,0.0,10902,69.00762626544437,0
TXN_108727,883,Free,0.0,3253,120.8442650353472,0
TXN_108728,405,Premium,0.0,9451,117.6502937672464,0
TXN_108729,733,Free,499.0,8159,162.83254930205308,0
TXN_108730,227,Free,0.0,7338,114.36897848601389,0
TXN_108731,724,Free,499.0,8011,180.5015420046831,0
TXN_108732,1038,Free,0.0,9211,163.45389942565689,0
TXN_108733,372,Free,0.0,9544,81.8924274695417,0
TXN_108734,947,Free,499.0,12006,199.7861116474285,0
TXN_108735,541,Premium,29.99,10386,188.42175032039566,0
TXN_108736,602,Free,29.99,9548,115.71728542378366,0
TXN_108737,229,Unknown,0.0,8044,169.0152317645768,0
TXN_108738,231,Free,0.0,9014,207.98471878821584,0
TXN_108739,696,Free,29.99,6860,153.42738694239037,0
TXN_108740,1034,Free,499.0,8472,123.14678900651603,0
TXN_108741,581,Free,0.0,9912,122.12793748097936,0
TXN_108742,961,Premium,499.0,10828,71.49734186143262,0
TXN_108743,489,Premium,0.0,6379,169.10875992731096,0
TXN_108744,692,Free,29.99,4480,150.65957857842503,0
TXN_108745,424,Free,0.0,8622,102.73652142419132,0
TXN_108746,168,Premium,0.0,12355,64.71461505569754,0
TXN_108747,759,Free,0.0,8916,56.99530339216875,0
TXN_108748,547,Free,0.0,14637,89.58625129008988,0
TXN_108749,627,Free,,11769,122.53580739590029,0
TXN_108750,918,Free,29.99,7455,152.64693078752578,0
TXN_108751,716,Free,29.99,13857,175.35102212107853,0
TXN_108752,264,Enterprise,0.0,9129,154.81292783963875,0
TXN_108753,587,Premium,499.0,8065,176.14935602977442,0
TXN_108754,812,Premium,29.99,11915,127.38534234114282,0
TXN_108755,808,Free,499.0,15641,118.41655249813152,0
TXN_108756,525,Premium,0.0,12225,127.10321049119061,0
TXN_108757,796,Premium,0.0,10622,58.08617900169717,0
TXN_108758,933,Premium,,12507,168.61116914585457,0
TXN_108759,364,Free,0.0,10736,92.75886210536228,0
TXN_108760,974,Unknown,499.0,14258,98.4265334617415,0
TXN_108761,711,Free,0.0,12899,106.92823134117269,0
TXN_108762,441,Enterprise,29.99,9971,199.29438396121398,0
TXN_108763,931,Free,499.0,14748,82.62512003482486,1
TXN_108764,825,Free,29.99,12161,123.58350556058213,0
TXN_108765,377,Free,29.99,6972,117.89546761959916,0
TXN_108766,773,Premium,0.0,7859,104.40834555910075,0
TXN_108767,538,Free,0.0,6266,151.26520772425118,0
TXN_108768,256,Enterprise,0.0,7427,57.37308719014155,0
TXN_108769,521,Enterprise,29.99,6548,178.26764588730836,0
TXN_108770,350,Premium,499.0,4943,122.06707194636968,0
TXN_108771,977,Premium,0.0,12065,126.08050708641916,0
TXN_108772,708,Premium,29.99,6995,175.43749523454915,0
TXN_108773,629,Premium,499.0,11979,169.6962912269401,0
TXN_108774,426,Free,0.0,10460,95.74666712822781,0
TXN_108775,994,Premium,499.0,9301,34.75612292790717,0
TXN_108776,196,Enterprise,,9654,121.90885496638872,0
TXN_108777,612,Free,0.0,12404,113.85096332940668,0
TXN_108778,315,Enterprise,0.0,13152,93.72843696777687,0
TXN_108779,231,Free,0.0,13415,134.71253752129658,0
TXN_108780,359,Free,499.0,10703,141.29755395576117,0
TXN_108781,224,Free,0.0,11905,108.37183599757475,0
TXN_108782,181,Free,29.99,13449,132.71719334851844,0
TXN_108783,382,Enterprise,0.0,9978,171.15253341471558,1
TXN_108784,782,Enterprise,499.0,9357,195.4686905458489,0
TXN_108785,158,Premium,499.0,6242,88.33054465066408,0
TXN_108786,643,Unknown,,8115,169.64408192695578,0
TXN_108787,260,Free,0.0,8345,105.8287801343591,0
TXN_108788,383,Free,0.0,10754,79.3529390962918,0
TXN_108789,205,Premium,0.0,7166,150.40434282296647,0
TXN_108790,204,Enterprise,0.0,11968,81.06758979288097,0
TXN_108791,538,Free,29.99,6109,50.32305984624476,0
TXN_108792,327,Unknown,,10964,109.41233940870615,0
TXN_108793,799,Premium,499.0,8690,95.26848244615536,0
TXN_108794,681,Unknown,0.0,8278,129.0674237040184,0
TXN_108795,417,Free,499.0,13806,126.67846818773702,0
TXN_108796,563,Free,0.0,10731,155.6326364177104,0
TXN_108797,901,Premium,0.0,7720,46.7930943185431,1
TXN_108798,698,Premium,499.0,12548,108.6171006781531,0
TXN_108799,981,Free,,6111,40.035098781730696,0
TXN_108800,973,Enterprise,0.0,7255,137.99457385547421,0
TXN_108801,571,Enterprise,499.0,22857,160.42790761634726,0
TXN_108802,155,Free,499.0,11751,109.02567035411585,0
TXN_108803,724,Free,0.0,11958,95.2757176856764,1
TXN_108804,112,Free,0.0,12289,70.23833598705022,0
TXN_108805,539,Free,29.99,11163,177.4456915023238,0
TXN_108806,117,Premium,499.0,9752,159.8284657356166,0
TXN_108807,793,Free,0.0,18003,154.3489176253234,0
TXN_108808,212,Premium,0.0,7234,153.16246468541465,0
TXN_108809,328,Premium,29.99,9405,-999.0,0
TXN_108810,270,Free,29.99,11538,213.32980135052873,0
TXN_108811,394,Premium,29.99,14997,-999.0,0
TXN_108812,288,Free,0.0,9663,97.59494543501559,0
TXN_108813,525,Free,499.0,8580,47.32238309173394,0
TXN_108814,178,Premium,29.99,7963,7.346101391679042,0
TXN_108815,757,Unknown,499.0,11693,106.04158503973824,0
TXN_108816,1018,Free,499.0,7201,147.3215958998996,0
TXN_108817,281,Free,499.0,11985,162.860921695498,0
TXN_108818,598,Free,,16209,-999.0,0
TXN_108819,897,Free,,8331,71.85126900054618,0
TXN_108820,861,Free,29.99,13657,59.21269175041401,0
TXN_108821,965,Premium,29.99,13200,119.33373226450111,1
TXN_108822,925,Free,29.99,13405,126.73026694922267,0
TXN_108823,807,Unknown,29.99,6768,11.620250059382187,0
TXN_108824,934,Free,0.0,7859,120.76409510550192,0
TXN_108825,170,Enterprise,0.0,9084,161.13546399999848,0
TXN_108826,347,Enterprise,0.0,7867,126.6261996938274,0
TXN_108827,245,Premium,0.0,8603,120.02652045304265,0
TXN_108828,717,Free,0.0,8439,132.21087305654396,0
TXN_108829,874,Premium,499.0,6912,141.98812853823117,0
TXN_108830,395,Premium,29.99,9502,89.62414333505102,0
TXN_108831,681,Enterprise,0.0,8486,186.84226539627804,0
TXN_108832,569,Premium,29.99,5303,145.33997257116425,0
TXN_108833,605,Free,0.0,11775,121.77723314227983,0
TXN_108834,292,Enterprise,499.0,8317,123.90095232582075,0
TXN_108835,167,Unknown,0.0,12570,102.9723703009642,0
TXN_108836,593,Premium,0.0,12519,-999.0,0
TXN_108837,916,Enterprise,499.0,10113,179.35365962263623,0
TXN_108838,151,Premium,29.99,12223,122.07873113924005,0
TXN_108839,981,Premium,499.0,7940,144.86885159048154,0
TXN_108840,462,Premium,0.0,11544,217.42237234534284,0
TXN_108841,896,Premium,0.0,8966,142.4658487309371,0
TXN_108842,1016,Free,29.99,6965,59.09038498946565,0
TXN_108843,573,Premium,0.0,8156,151.66516719621697,0
TXN_108844,945,Premium,0.0,12917,46.689021790667596,0
TXN_108845,620,Free,0.0,6445,77.63829840437748,0
TXN_108846,862,Free,499.0,7667,116.1592301086572,0
TXN_108847,530,Premium,29.99,8953,131.1458966325951,0
TXN_108848,943,Premium,0.0,4277,168.95349486323335,0
TXN_108849,397,Free,0.0,10663,210.79596791207658,0
TXN_108850,534,Enterprise,499.0,12509,128.96449157816804,0
TXN_108851,795,Enterprise,0.0,10473,133.98403617592896,0
TXN_108852,790,Free,29.99,16444,150.69061126285644,0
TXN_108853,297,Free,29.99,999999,83.41472907037907,0
TXN_108854,227,Enterprise,29.99,9188,81.21180806793166,0
TXN_108855,631,Enterprise,0.0,9962,97.71808755489505,0
TXN_108856,510,Free,499.0,17711,116.09057172311522,0
TXN_108857,1033,Free,0.0,6838,75.46975011703677,0
TXN_108858,939,Free,0.0,6188,103.8816845449295,0
TXN_108859,164,Premium,0.0,8763,142.46769013227785,0
TXN_108860,793,Free,0.0,14982,146.04392497722813,0
TXN_108861,340,Premium,0.0,9625,95.18497576008329,0
TXN_108862,468,Free,499.0,7009,82.56010291946228,0
TXN_108863,635,Enterprise,0.0,8343,49.941141497012424,0
TXN_108864,483,Free,499.0,15788,139.55314301014062,0
TXN_108865,530,Premium,0.0,10481,132.14944062556083,0
TXN_108866,182,Unknown,0.0,7457,92.05628272601896,0
TXN_108867,930,Free,0.0,6590,42.59488142806778,0
TXN_108868,796,Free,29.99,11514,142.46688516070003,0
TXN_108869,927,Premium,29.99,8905,137.53210672593215,0
TXN_108870,710,Free,499.0,14345,84.937669685108,0
TXN_108871,673,Enterprise,29.99,8184,70.93390473920606,0
TXN_108872,385,Free,29.99,15908,199.8063776658978,0
TXN_108873,633,Free,0.0,11297,116.74062049819862,0
TXN_108874,558,Enterprise,499.0,6456,80.7401930857549,0
TXN_108875,311,Premium,499.0,3025,144.90884711505134,0
TXN_108876,225,Premium,0.0,10088,61.710922634872745,0
TXN_108877,512,Free,0.0,9130,121.0378740567702,0
TXN_108878,598,Free,29.99,9218,139.44844504497976,0
TXN_108879,524,Enterprise,499.0,6567,128.68253113163814,0
TXN_108880,653,Free,29.99,8205,119.03114269718397,0
TXN_108881,709,Free,0.0,8332,100.68206215247949,0
TXN_108882,642,Free,499.0,12051,98.58520110976717,0
TXN_108883,257,Free,0.0,6302,182.7322065092003,0
TXN_108884,211,Premium,0.0,7878,89.76151690671799,0
TXN_108885,501,Enterprise,0.0,6928,107.01813261094605,0
TXN_108886,858,Premium,0.0,12120,34.77656249133106,0
TXN_108887,221,Premium,499.0,9040,-999.0,0
TXN_108888,372,Premium,29.99,5744,113.07374537383352,0
TXN_108889,393,Premium,499.0,15723,136.29291856581895,0
TXN_108890,497,Premium,29.99,5372,195.76272265166307,0
TXN_108891,570,Free,499.0,10400,93.30825606836491,0
TXN_108892,306,Free,29.99,4973,72.97893642212377,0
TXN_108893,209,Enterprise,0.0,13970,141.87316774577306,0
TXN_108894,539,Free,499.0,12291,132.4632437826576,0
TXN_108895,377,Free,0.0,13761,202.9950074213105,0
TXN_108896,667,Premium,29.99,12033,131.5065431724071,0
TXN_108897,986,Premium,29.99,9095,152.8216028318675,0
TXN_108898,1014,Premium,0.0,15372,127.29973429294365,0
TXN_108899,668,Free,0.0,8318,83.08415265331375,0
TXN_108900,1039,Unknown,499.0,10664,55.869838169950754,0
TXN_108901,581,Premium,0.0,8484,154.3141328644681,1
TXN_108902,902,Enterprise,0.0,13223,76.84411099115103,0
TXN_108903,213,Free,29.99,7108,145.90227101447934,0
TXN_108904,992,Free,0.0,7377,122.51189672636578,0
TXN_108905,996,Free,499.0,5300,116.24842090639486,0
TXN_108906,919,Free,499.0,7818,105.4867938081773,0
TXN_108907,952,Free,0.0,9332,87.48949747481339,0
TXN_108908,576,Free,29.99,6702,138.39636052183704,0
TXN_108909,809,Premium,0.0,7775,103.84579017981102,0
TXN_108910,1032,Premium,29.99,11206,119.98739346645735,1
TXN_108911,420,Premium,29.99,13405,-999.0,0
TXN_108912,278,Free,0.0,8694,144.70192605130416,0
TXN_108913,996,Free,0.0,14871,109.46086735514162,0
TXN_108914,318,Free,29.99,10457,104.20300686923356,0
TXN_108915,888,Free,0.0,18029,92.39228558860933,0
TXN_108916,1048,Free,0.0,5911,82.23869523756099,0
TXN_108917,627,Free,,16181,139.05480168955947,0
TXN_108918,591,Enterprise,0.0,8545,47.510096064002056,0
TXN_108919,990,Enterprise,29.99,11107,139.1454370108304,0
TXN_108920,160,Premium,0.0,4980,201.2997334139979,0
TXN_108921,153,Enterprise,499.0,12973,167.71949207803303,0
TXN_108922,779,Premium,0.0,9251,70.77822926822577,0
TXN_108923,637,Enterprise,0.0,13885,213.01372571062407,0
TXN_108924,947,Premium,29.99,7367,154.82861714418962,0
TXN_108925,164,Premium,499.0,4279,70.25479589974998,0
TXN_108926,711,Premium,499.0,3877,54.24048770802638,0
TXN_108927,685,Free,0.0,8388,91.56245208648423,0
TXN_108928,803,Premium,499.0,11098,122.55805005056612,0
TXN_108929,270,Enterprise,29.99,6684,-999.0,0
TXN_108930,372,Premium,,7612,97.28664675087812,0
TXN_108931,988,Free,499.0,8910,100.79140454448341,0
TXN_108932,798,Free,29.99,10828,135.7600743896674,0
TXN_108933,634,Enterprise,29.99,13605,89.31297567630084,0
TXN_108934,490,Unknown,29.99,10960,126.34540162390402,0
TXN_108935,1039,Free,29.99,7135,155.52201072505056,0
TXN_108936,792,Enterprise,0.0,10910,117.54578057647073,0
TXN_108937,426,Enterprise,0.0,8812,182.54218094059556,0
TXN_108938,207,Free,0.0,5263,115.54246770673302,0
TXN_108939,946,Enterprise,,6186,76.4510595047685,0
TXN_108940,261,Free,0.0,8445,207.07537962438764,0
TXN_108941,913,Premium,0.0,9403,152.57744671359654,0
TXN_108942,551,Premium,0.0,9813,124.11662477043838,0
TXN_108943,305,Premium,29.99,6800,122.51191375228655,0
TXN_108944,689,Premium,499.0,10842,83.84869244148422,0
TXN_108945,115,Free,29.99,11028,123.52680981073786,0
TXN_108946,426,Enterprise,0.0,7109,91.49092240947425,0
TXN_108947,707,Enterprise,499.0,6847,175.68229504879218,0
TXN_108948,758,Premium,0.0,7880,139.36326052871593,0
TXN_108949,101,Free,,9503,129.32082778972475,0
TXN_108950,109,Free,0.0,7683,98.34119147277224,0
TXN_108951,533,Free,499.0,12728,125.34279222356871,0
TXN_108952,224,Enterprise,0.0,6270,59.77090774803708,0
TXN_108953,180,Free,499.0,16077,147.50639062586626,0
TXN_108954,584,Unknown,0.0,14030,97.94491450533663,0
TXN_108955,751,Enterprise,0.0,10887,90.44977516604992,0
TXN_108956,937,Premium,499.0,13474,202.93008392312316,0
TXN_108957,249,Premium,0.0,11895,150.31201741911008,0
TXN_108958,899,Premium,499.0,15236,67.62560665611161,0
TXN_108959,972,Premium,29.99,12254,167.60827737417227,0
TXN_108960,439,Free,29.99,9768,40.54701310568899,0
TXN_108961,228,Enterprise,0.0,14551,81.31106159371701,0
TXN_108962,537,Premium,499.0,7864,137.9496426587981,0
TXN_108963,850,Premium,499.0,4087,119.57070287618198,0
TXN_108964,600,Premium,0.0,12030,91.03392499602363,0
TXN_108965,157,Free,0.0,7065,131.77076012150798,0
TXN_108966,297,Free,0.0,8300,96.06528990201853,0
TXN_108967,310,Enterprise,0.0,13153,128.41796767939329,0
TXN_108968,1013,Free,29.99,6807,-999.0,0
TXN_108969,1001,Premium,499.0,12397,184.01303587268217,0
TXN_108970,144,Free,499.0,18437,144.99222420609178,0
TXN_108971,196,Free,499.0,9749,112.65930253375318,0
TXN_108972,378,Free,0.0,11551,138.94912966633424,0
TXN_108973,634,Enterprise,0.0,7015,41.185507368931525,0
TXN_108974,509,Premium,499.0,5951,189.27800906177453,0
TXN_108975,560,Premium,499.0,8638,133.37869750487542,0
TXN_108976,490,Enterprise,29.99,12058,263.5365969340464,0
TXN_108977,946,Free,0.0,11777,133.34555108853522,0
TXN_108978,143,Free,29.99,6600,134.4007262425819,1
TXN_108979,126,Premium,0.0,10709,51.05591254119217,0
TXN_108980,893,Premium,0.0,8033,86.91550144335585,0
TXN_108981,196,Free,29.99,12661,120.03657210212016,0
TXN_108982,647,Unknown,0.0,12198,102.46874352913719,0
TXN_108983,720,Enterprise,499.0,8701,200.51540423286363,0
TXN_108984,666,Free,0.0,6559,131.22066281894715,1
TXN_108985,803,Free,29.99,9552,111.99849063564952,0
TXN_108986,318,Enterprise,499.0,8274,147.78859225555416,0
TXN_108987,284,Free,0.0,11650,104.87743592545607,0
TXN_108988,168,Free,499.0,15170,144.88576054579053,0
TXN_108989,928,Premium,29.99,9498,63.75804392501801,0
TXN_108990,229,Free,499.0,5424,187.37800148997692,0
TXN_108991,666,Free,0.0,10324,137.6356570959952,0
TXN_108992,989,Free,0.0,5456,141.16118885493944,0
TXN_108993,708,Premium,0.0,9160,96.87248040123873,0
TXN_108994,947,Premium,499.0,12595,163.28883916730183,0
TXN_108995,698,Free,29.99,5632,61.28665849059457,0
TXN_108996,905,Free,0.0,12598,97.74607779532334,0
TXN_108997,730,Premium,0.0,9318,137.95960556252936,0
TXN_108998,819,Enterprise,0.0,8751,116.83534454461173,0
TXN_108999,433,Enterprise,29.99,8852,74.62577846824652,0
TXN_109000,1024,Free,0.0,16419,110.64786214178581,0
TXN_109001,253,Premium,0.0,11970,97.74314706430285,0
TXN_109002,646,Premium,0.0,8173,90.10140619493698,0
TXN_109003,178,Enterprise,29.99,10865,188.30403948234976,0
TXN_109004,678,Premium,499.0,8678,88.68645064648548,0
TXN_109005,954,Free,29.99,12881,71.01207425875123,1
TXN_109006,512,Premium,0.0,15688,72.5179298897409,0
TXN_109007,645,Free,0.0,10715,98.917330266313,0
TXN_109008,708,Free,0.0,10176,-999.0,1
TXN_109009,268,Premium,29.99,17429,138.028184508043,0
TXN_109010,780,Unknown,29.99,16812,200.16433883153002,0
TXN_109011,762,Free,499.0,8268,30.000800390041633,0
TXN_109012,682,Premium,499.0,6975,64.49028433399332,0
TXN_109013,614,Free,0.0,9189,88.04247175666059,0
TXN_109014,413,Enterprise,0.0,13148,85.67712236664175,0
TXN_109015,131,Premium,0.0,10481,56.0418799930227,0
TXN_109016,386,Free,0.0,9796,119.96788649233739,0
TXN_109017,693,Free,29.99,14032,206.51388475595365,0
TXN_109018,142,Free,499.0,10541,159.1218414829569,0
TXN_109019,1002,Free,0.0,12004,76.61874441141384,0
TXN_109020,716,Free,499.0,9379,115.34720840308668,0
TXN_109021,100,Premium,29.99,10644,114.00440243307199,0
TXN_109022,672,Free,,7683,140.63531999541212,0
TXN_109023,369,Premium,29.99,10762,117.09366010201214,0
TXN_109024,279,Free,29.99,6566,98.64087256419319,0
TXN_109025,835,Premium,0.0,13538,202.77451955908128,0
TXN_109026,617,Free,499.0,17018,105.99863299121836,0
TXN_109027,202,Free,0.0,12656,96.89381620411615,0
TXN_109028,109,Premium,29.99,15522,192.08218188922632,0
TXN_109029,682,Free,0.0,12830,128.8753268133621,0
TXN_109030,189,Enterprise,0.0,16000,133.23329990732321,0
TXN_109031,325,Premium,0.0,7578,191.2181874769031,0
TXN_109032,769,Premium,0.0,10328,128.99904582469713,0
TXN_109033,839,Free,0.0,3554,89.94213297670908,0
TXN_109034,1016,Free,,12743,142.92323056020456,0
TXN_109035,225,Free,0.0,14691,26.22823157971429,0
TXN_109036,308,Premium,499.0,5929,224.7405278698928,0
TXN_109037,196,Free,0.0,12537,62.36967541002899,0
TXN_109038,173,Free,29.99,8556,118.98323304180649,0
TXN_109039,726,Free,0.0,9177,137.51549089806892,0
TXN_109040,290,Free,0.0,999999,12.808931394322585,0
TXN_109041,781,Free,0.0,7836,86.80812148264397,0
TXN_109042,918,Free,0.0,9872,199.5938467029005,0
TXN_109043,815,Free,0.0,12690,175.593849243117,0
TXN_109044,155,Free,499.0,9673,189.47489898264763,0
TXN_109045,819,Free,0.0,8831,104.46015894183512,0
TXN_109046,652,Premium,499.0,6015,177.13410651245096,0
TXN_109047,131,Free,,13133,146.24256896848476,0
TXN_109048,626,Free,29.99,8679,114.88924011883793,0
TXN_109049,673,Free,499.0,9346,149.08885941813077,0
TXN_109050,766,Free,0.0,7214,130.5458053690795,0
TXN_109051,383,Free,499.0,12725,144.48108077381505,0
TXN_109052,820,Enterprise,0.0,4953,65.34641743294667,0
TXN_109053,931,Enterprise,29.99,11901,159.1670085417671,0
TXN_109054,593,Free,29.99,15889,22.74740114625932,0
TXN_109055,286,Enterprise,499.0,14424,89.6980837907206,0
TXN_109056,597,Free,499.0,9981,48.46569747119129,1
TXN_109057,541,Free,0.0,10854,215.2532884522925,0
TXN_109058,229,Unknown,0.0,8644,293.70401037258614,0
TXN_109059,738,Enterprise,499.0,15123,208.9445983991571,0
TXN_109060,391,Unknown,29.99,10778,175.20505740038453,0
TXN_109061,213,Free,0.0,8636,77.26657145683959,0
TXN_109062,298,Free,0.0,20693,71.4276615913671,0
TXN_109063,112,Premium,499.0,7114,128.76143594827445,0
TXN_109064,370,Premium,29.99,15322,110.37477568598946,0
TXN_109065,700,Free,0.0,9650,78.18423985477244,0
TXN_109066,314,Enterprise,29.99,8014,118.27188969951709,0
TXN_109067,543,Premium,29.99,7782,-999.0,0
TXN_109068,889,Free,499.0,10822,89.09432876707749,0
TXN_109069,611,Premium,29.99,9017,77.11625159057132,0
TXN_109070,546,Premium,0.0,8459,146.0024632344811,0
TXN_109071,814,Free,499.0,16650,65.24262746693655,1
TXN_109072,173,Unknown,0.0,5279,100.95030533552199,0
TXN_109073,636,Free,499.0,8306,100.41032607778773,0
TXN_109074,200,Free,29.99,5553,-999.0,0
TXN_109075,275,Enterprise,499.0,7134,131.6575594985754,0
TXN_109076,526,Unknown,0.0,7744,93.25681862630526,0
TXN_109077,216,Enterprise,29.99,6116,144.80107344074344,0
TXN_109078,265,Enterprise,499.0,11198,68.04889374961067,0
TXN_109079,140,Premium,29.99,7648,86.90443144940659,0
TXN_109080,528,Enterprise,0.0,9056,108.15107273973652,0
TXN_109081,443,Free,0.0,11805,187.0502379724174,0
TXN_109082,523,Premium,29.99,6282,177.00938801701756,1
TXN_109083,465,Premium,0.0,8829,26.220247960285505,0
TXN_109084,219,Free,29.99,14274,144.91358789936027,0
TXN_109085,708,Premium,0.0,8046,131.48939004025874,0
TXN_109086,756,Premium,499.0,11417,146.3825265503704,0
TXN_109087,827,Premium,0.0,11441,76.4275702696998,0
TXN_109088,328,Free,0.0,8882,244.93194411067438,0
TXN_109089,924,Enterprise,0.0,11934,92.32689064994582,0
TXN_109090,229,Free,29.99,9368,123.51587616923548,0
TXN_109091,451,Free,29.99,8896,219.7365450008237,0
TXN_109092,988,Enterprise,29.99,12081,113.99431188192256,0
TXN_109093,417,Premium,499.0,9861,94.66720031840083,0
TXN_109094,748,Free,0.0,7708,162.45208251822197,0
TXN_109095,935,Free,,15023,106.30656261865303,0
TXN_109096,436,Premium,499.0,6973,125.32655721583603,0
TXN_109097,372,Unknown,0.0,17625,59.732463767351376,0
TXN_109098,216,Enterprise,499.0,10957,75.46768093481958,0
TXN_109099,917,Premium,29.99,4701,131.23660211913648,0
TXN_109100,467,Free,29.99,6846,96.94175798839308,0
TXN_109101,193,Free,29.99,6207,63.844247695314515,0
TXN_109102,267,Free,499.0,8152,93.81705087427214,0
TXN_109103,814,Free,,13519,97.35435135617108,0
TXN_109104,440,Free,29.99,11545,120.95156015043975,0
TXN_109105,760,Free,0.0,6824,122.93805556097615,1
TXN_109106,1013,Premium,29.99,11000,-999.0,0
TXN_109107,794,Free,0.0,7349,68.61308835544659,0
TXN_109108,1024,Premium,29.99,7359,79.56300480480537,0
TXN_109109,251,Enterprise,499.0,8727,72.71189934426327,0
TXN_109110,685,Premium,0.0,8878,89.68900792938473,0
TXN_109111,976,Premium,0.0,11992,90.75116211399867,0
TXN_109112,1012,Premium,29.99,8521,58.431921130231714,0
TXN_109113,373,Free,0.0,8413,199.7255239437221,0
TXN_109114,653,Free,0.0,11055,127.29308460728579,0
TXN_109115,595,Free,29.99,7988,85.71021654226567,0
TXN_109116,823,Free,,7365,101.49259106801274,0
TXN_109117,200,Premium,29.99,11935,117.96935122972307,0
TXN_109118,656,Enterprise,29.99,6047,112.38749500664235,0
TXN_109119,181,Unknown,29.99,10111,91.39349396757872,0
TXN_109120,628,Free,0.0,19467,168.62843971835807,0
TXN_109121,172,Unknown,499.0,6487,122.50341164620534,0
TXN_109122,113,Free,29.99,7228,118.27981808509851,0
TXN_109123,532,Enterprise,,6741,189.56566289562483,0
TXN_109124,256,Free,,7093,223.503106659105,0
TXN_109125,834,Free,0.0,6781,123.61431242562804,0
TXN_109126,231,Free,,7292,135.41448969065578,0
TXN_109127,437,Enterprise,,7476,47.69826496883036,0
TXN_109128,503,Free,29.99,6252,124.07709522383658,0
TXN_109129,475,Free,0.0,8674,168.58811663390205,0
TXN_109130,987,Enterprise,499.0,18069,28.37018133328722,0
TXN_109131,658,Enterprise,0.0,13692,50.187792485185426,0
TXN_109132,206,Free,29.99,10101,220.76585625099105,1
TXN_109133,719,Premium,0.0,8974,81.11476365188075,0
TXN_109134,364,Free,29.99,15644,141.47053015239732,0
TXN_109135,304,Free,,11838,137.84755194765876,0
TXN_109136,178,Free,0.0,9482,147.6288709020723,0
TXN_109137,254,Free,499.0,14228,151.93947524318344,0
TXN_109138,882,Premium,0.0,14522,157.60656041578068,0
TXN_109139,346,Premium,29.99,4237,118.25445961566331,0
TXN_109140,630,Free,29.99,13377,102.96790916240113,0
TXN_109141,957,Premium,0.0,12452,71.84750975297985,0
TXN_109142,1047,Premium,29.99,10478,81.51844763074706,0
TXN_109143,637,Free,499.0,6747,98.42781508564981,0
TXN_109144,828,Free,0.0,9769,90.00489770721765,0
TXN_109145,253,Premium,29.99,5236,133.30513420136396,0
TXN_109146,253,Premium,29.99,11100,128.55177953427932,0
TXN_109147,785,Premium,0.0,11615,60.4180660138107,0
TXN_109148,191,Premium,499.0,7651,78.6579690268951,0
TXN_109149,532,Free,29.99,6977,133.73096161567886,0
TXN_109150,437,Premium,0.0,8253,37.22653582193922,0
TXN_109151,579,Free,0.0,9384,124.18643177887019,0
TXN_109152,792,Enterprise,29.99,13466,94.51287306237502,0
TXN_109153,230,Premium,29.99,4049,119.32661910580438,0
TXN_109154,549,Free,29.99,10185,157.51409361341612,0
TXN_109155,909,Free,29.99,13537,98.64878897811603,0
TXN_109156,886,Enterprise,499.0,6458,115.29083548612518,0
TXN_109157,372,Free,0.0,15965,70.31563328757889,0
TXN_109158,1028,Premium,29.99,15517,126.51922672483285,0
TXN_109159,687,Premium,,11527,34.354893679294946,1
TXN_109160,276,Premium,,13901,102.77812891545379,0
TXN_109161,795,Free,0.0,10312,104.42120193827063,0
TXN_109162,930,Premium,29.99,14966,131.7797103463331,0
TXN_109163,742,Enterprise,0.0,9257,171.7781125865666,0
TXN_109164,974,Unknown,0.0,9165,73.21604588995302,0
TXN_109165,148,Premium,499.0,15070,124.82955923595722,0
TXN_109166,666,Unknown,0.0,6984,178.94846081183454,0
TXN_109167,765,Premium,0.0,6412,108.01930183403387,0
TXN_109168,454,Free,499.0,12077,154.64724933837317,0
TXN_109169,811,Premium,499.0,11583,104.3643041363949,0
TXN_109170,407,Free,499.0,12686,117.17243252938773,0
TXN_109171,967,Free,29.99,8154,76.69711318437083,0
TXN_109172,984,Free,29.99,7850,158.24051685037122,0
TXN_109173,729,Enterprise,0.0,6045,132.05396220468202,0
TXN_109174,874,Premium,499.0,8767,48.455056879003536,0
TXN_109175,145,Premium,499.0,11775,145.53977110878438,0
TXN_109176,401,Free,499.0,10990,126.44303032720893,0
TXN_109177,967,Free,499.0,6612,121.53492227382141,0
TXN_109178,1011,Free,0.0,7483,7.067932190970097,0
TXN_109179,507,Premium,0.0,9067,105.6603603699076,0
TXN_109180,288,Free,0.0,18974,35.321240221372605,0
TXN_109181,921,Free,499.0,7726,159.3947329399477,0
TXN_109182,929,Free,0.0,10690,180.9789778319908,0
TXN_109183,228,Premium,29.99,9142,121.55241207236597,0
TXN_109184,660,Enterprise,0.0,6827,194.52256649617243,0
TXN_109185,636,Premium,29.99,7636,85.03782614741496,0
TXN_109186,365,Free,499.0,6074,170.5739873163412,1
TXN_109187,217,Free,29.99,9170,122.72364955322007,0
TXN_109188,563,Free,499.0,5976,94.66594539532181,0
TXN_109189,243,Free,29.99,10670,199.81699602032091,0
TXN_109190,541,Free,0.0,7969,179.09211954154705,0
TXN_109191,299,Free,0.0,7859,125.72397115950278,0
TXN_109192,256,Free,,12786,90.69240411268136,1
TXN_109193,586,Free,0.0,7526,103.41556183593505,0
TXN_109194,959,Free,0.0,8132,65.4552472727098,0
TXN_109195,233,Premium,0.0,4570,69.59364187776984,0
TXN_109196,1011,Unknown,0.0,11061,84.07289535960174,0
TXN_109197,247,Enterprise,29.99,9326,189.82560331977695,1
TXN_109198,435,Free,29.99,7983,105.89030492438647,0
TXN_109199,170,Free,,8347,122.79795395037726,0
TXN_109200,332,Enterprise,499.0,6948,48.766213597755055,0
TXN_109201,433,Free,0.0,8575,181.30210990733494,0
TXN_109202,910,Enterprise,29.99,12459,63.00125601868601,0
TXN_109203,765,Premium,499.0,4410,206.67007194888834,0
TXN_109204,189,Enterprise,499.0,5474,158.7293924519252,0
TXN_109205,433,Enterprise,0.0,10783,120.24732322344676,0
TXN_109206,298,Premium,0.0,8582,137.0662316387161,0
TXN_109207,260,Premium,499.0,4662,113.41521245974535,0
TXN_109208,637,Free,499.0,7935,99.97148186741512,0
TXN_109209,220,Free,29.99,8510,153.94868339451216,0
TXN_109210,400,Free,0.0,7783,142.42126326664462,0
TXN_109211,823,Free,29.99,10377,95.94461511673852,0
TXN_109212,674,Free,0.0,8304,233.02881008190695,0
TXN_109213,535,Free,0.0,5413,101.65234604597173,0
TXN_109214,167,Enterprise,0.0,9885,112.68747785583953,0
TXN_109215,864,Free,0.0,7147,30.898738336438015,0
TXN_109216,1021,Free,29.99,10213,117.40345169858334,0
TXN_109217,558,Free,0.0,9632,216.26157627052453,0
TXN_109218,613,Premium,0.0,8088,145.01475974494244,0
TXN_109219,497,Free,0.0,12469,158.0738792282945,0
TXN_109220,719,Unknown,0.0,15171,118.29490122311837,0
TXN_109221,385,Premium,0.0,6101,134.2780285219084,0
TXN_109222,660,Premium,0.0,11295,185.7255121396074,0
TXN_109223,239,Free,0.0,8619,174.87390642227336,0
TXN_109224,829,Free,29.99,8213,103.91865772838113,0
TXN_109225,655,Enterprise,0.0,7272,121.81228796440782,0
TXN_109226,1028,Free,0.0,9434,152.1959524521107,0
TXN_109227,880,Free,499.0,10810,91.20677553955842,0
TXN_109228,689,Free,29.99,11020,124.43955528613289,0
TXN_109229,827,Unknown,499.0,6434,101.94848149543577,0
TXN_109230,993,Free,29.99,11470,119.94165868039644,0
TXN_109231,709,Enterprise,499.0,9220,139.66435080194685,0
TXN_109232,847,Free,0.0,6923,116.03221584228199,0
TXN_109233,381,Premium,29.99,9880,155.5133603354775,0
TXN_109234,760,Premium,29.99,6785,159.77774711708804,0
TXN_109235,1023,Free,499.0,10614,142.40375195548847,0
TXN_109236,915,Free,0.0,10668,138.2508846448585,0
TXN_109237,1035,Free,499.0,7630,152.22211326566935,0
TXN_109238,677,Free,29.99,12161,168.1129076338351,0
TXN_109239,845,Enterprise,29.99,10229,46.39728923936707,0
TXN_109240,556,Free,499.0,8406,85.21451575728142,0
TXN_109241,186,Premium,,15365,95.06770269056534,0
TXN_109242,178,Free,29.99,14550,71.50871602316525,0
TXN_109243,304,Free,0.0,6555,101.20501298445012,0
TXN_109244,890,Premium,0.0,4922,130.24720427603518,0
TXN_109245,436,Premium,0.0,11339,110.92473774844265,0
TXN_109246,353,Free,0.0,10819,108.41831163154835,0
TXN_109247,403,Premium,0.0,9588,159.7804549863456,0
TXN_109248,479,Free,29.99,14127,139.68039923783772,0
TXN_109249,229,Enterprise,499.0,10946,101.90124233415372,0
TXN_109250,695,Free,0.0,8935,95.63719652455859,0
TXN_109251,375,Free,29.99,7608,88.71154661551401,0
TXN_109252,798,Premium,0.0,18728,216.12113741484234,0
TXN_109253,657,Free,499.0,8096,73.34767329604213,0
TXN_109254,998,Free,0.0,11536,138.22403774503786,0
TXN_109255,282,Free,29.99,10791,28.029224637185848,0
TXN_109256,367,Enterprise,,9355,96.7115954103088,0
TXN_109257,907,Unknown,0.0,13423,40.66155041361196,0
TXN_109258,421,Premium,29.99,5012,95.34516889637692,0
TXN_109259,611,Free,499.0,14790,138.6232527086407,0
TXN_109260,711,Premium,0.0,13168,80.16435684959731,0
TXN_109261,177,Free,,7813,66.02095675817777,0
TXN_109262,883,Free,499.0,13638,158.72240651174226,0
TXN_109263,438,Unknown,0.0,8595,142.79311604153153,0
TXN_109264,773,Free,0.0,8107,123.80945211501034,0
TXN_109265,655,Free,29.99,8576,33.10663894575519,0
TXN_109266,608,Enterprise,499.0,10033,137.34481733336372,0
TXN_109267,337,Premium,0.0,9611,160.31247251315597,0
TXN_109268,233,Free,29.99,3773,-999.0,0
TXN_109269,291,Free,0.0,8225,42.331117158090265,0
TXN_109270,455,Premium,499.0,9775,116.21733040462554,0
TXN_109271,377,Free,29.99,6702,162.76225664120437,0
TXN_109272,117,Free,29.99,5565,135.34462534159047,0
TXN_109273,623,Free,29.99,15984,101.09216110539569,0
TXN_109274,279,Unknown,499.0,8855,130.39714069935516,0
TXN_109275,222,Free,0.0,7847,167.85435430305006,0
TXN_109276,345,Free,499.0,10403,95.7690348958722,0
TXN_109277,833,Free,0.0,10915,150.7732324933776,0
TXN_109278,472,Free,29.99,12133,108.06364980341495,0
TXN_109279,150,Free,499.0,8418,152.6394986092546,0
TXN_109280,170,Enterprise,0.0,14512,116.96410410908089,0
TXN_109281,579,Enterprise,499.0,8930,75.39184277409005,0
TXN_109282,659,Free,29.99,12297,-999.0,0
TXN_109283,118,Enterprise,499.0,9638,94.80048844194438,0
TXN_109284,873,Free,0.0,8193,122.23428095458917,0
TXN_109285,183,Premium,0.0,7600,153.95155333270804,0
TXN_109286,254,Free,499.0,10484,57.34637585553263,0
TXN_109287,664,Enterprise,499.0,11043,84.25564765066747,0
TXN_109288,718,Free,29.99,11705,62.00412455835734,0
TXN_109289,456,Premium,,11017,46.08637830436311,0
TXN_109290,915,Premium,29.99,11925,167.7806286754236,0
TXN_109291,746,Free,,5929,125.8534220393222,0
TXN_109292,542,Free,29.99,6748,199.89221664311086,0
TXN_109293,168,Free,0.0,14844,85.65295955379986,0
TXN_109294,622,Premium,0.0,7020,150.82738085980284,0
TXN_109295,242,Free,,12531,58.46933504233368,0
TXN_109296,291,Premium,0.0,10503,167.7879480056509,0
TXN_109297,486,Enterprise,,7990,70.57165290799492,0
TXN_109298,477,Free,499.0,9167,96.83783668747309,0
TXN_109299,680,Free,0.0,11184,113.87663142979453,0
TXN_109300,634,Premium,29.99,13001,145.6739915529056,0
TXN_109301,792,Premium,29.99,6145,151.7503606455922,0
TXN_109302,392,Unknown,29.99,16874,147.56809466777963,0
TXN_109303,108,Free,0.0,7761,145.21502288372065,0
TXN_109304,370,Free,499.0,14708,146.8342271708561,0
TXN_109305,486,Enterprise,29.99,7236,110.35944597114869,0
TXN_109306,192,Enterprise,499.0,9483,147.81680082073177,0
TXN_109307,628,Premium,29.99,11617,99.99625624634562,0
TXN_109308,253,Free,0.0,11966,105.8040674276885,0
TXN_109309,504,Free,29.99,15215,108.01308670792764,0
TXN_109310,939,Free,499.0,12927,81.724520321873,0
TXN_109311,248,Enterprise,0.0,9868,147.1338911250582,0
TXN_109312,988,Free,,7427,153.40150377928313,0
TXN_109313,366,Premium,29.99,10656,127.22111670931594,1
TXN_109314,521,Premium,,8277,57.066173177216626,0
TXN_109315,939,Free,499.0,13457,167.6931490820891,0
TXN_109316,717,Free,499.0,11530,100.09926540897376,0
TXN_109317,571,Premium,29.99,4132,144.0961788794999,0
TXN_109318,992,Free,29.99,11505,143.6328467682121,0
TXN_109319,646,Free,499.0,7869,182.33066524169064,0
TXN_109320,730,Free,29.99,7469,125.12175755871156,0
TXN_109321,625,Enterprise,29.99,999999,128.2591704774516,0
TXN_109322,602,Unknown,499.0,9801,197.83890339870464,0
TXN_109323,113,Premium,29.99,11307,93.46863405743872,0
TXN_109324,877,Premium,29.99,22238,178.76778469915737,0
TXN_109325,751,Premium,0.0,9463,145.46050510440446,0
TXN_109326,905,Premium,0.0,16915,177.74384111199535,0
TXN_109327,463,Unknown,499.0,8004,51.630749437349905,0
TXN_109328,218,Free,499.0,15948,84.14183705043085,0
TXN_109329,337,Free,0.0,10650,77.54140291076976,0
TXN_109330,645,Unknown,499.0,11490,66.30093960498318,0
TXN_109331,268,Premium,0.0,10358,162.36420589130546,0
TXN_109332,621,Free,29.99,6192,118.68448920618796,0
TXN_109333,733,Unknown,0.0,11005,47.95749422256398,0
TXN_109334,1012,Free,,5908,43.42890268625872,0
TXN_109335,756,Free,,10083,116.78033570659869,0
TXN_109336,834,Premium,29.99,8991,129.19924634659498,0
TXN_109337,982,Free,0.0,15667,46.43679121587451,0
TXN_109338,868,Premium,29.99,13850,88.75384927392648,0
TXN_109339,879,Free,499.0,6020,229.47894653436524,0
TXN_109340,970,Free,0.0,6093,-999.0,0
TXN_109341,615,Premium,0.0,9592,77.13394410357698,0
TXN_109342,1037,Premium,29.99,11281,140.46503611068883,0
TXN_109343,496,Free,0.0,20110,111.39577051959219,0
TXN_109344,965,Unknown,0.0,9082,-999.0,0
TXN_109345,205,Premium,29.99,10539,89.05476885850076,0
TXN_109346,184,Free,29.99,12538,79.15337709387435,0
TXN_109347,313,Free,,7039,134.18506155536957,0
TXN_109348,220,Enterprise,0.0,9549,119.04475684925981,0
TXN_109349,231,Premium,29.99,9569,93.76520757867786,0
TXN_109350,949,Free,0.0,8224,151.60594384742524,0
TXN_109351,296,Free,0.0,10909,133.393615579685,0
TXN_109352,118,Free,29.99,9959,74.27460920883152,0
TXN_109353,741,Free,0.0,5544,108.9953008715772,0
TXN_109354,111,Premium,0.0,14871,133.8166151138655,0
TXN_109355,180,Enterprise,499.0,7743,147.1057596707941,0
TXN_109356,429,Free,29.99,9768,75.1198722364167,0
TXN_109357,965,Enterprise,,14230,75.66689107136118,0
TXN_109358,873,Enterprise,0.0,6136,89.73244696721711,0
TXN_109359,491,Enterprise,29.99,4864,165.5004878039448,0
TXN_109360,736,Unknown,0.0,6818,95.06192692514108,0
TXN_109361,406,Enterprise,0.0,13798,66.18800687867589,0
TXN_109362,366,Premium,499.0,16253,162.34280611191582,1
TXN_109363,546,Free,29.99,8030,58.785870047423245,0
TXN_109364,540,Free,0.0,9661,100.4541194469661,0
TXN_109365,994,Enterprise,29.99,8787,52.52947340613707,0
TXN_109366,751,Free,,13003,133.21668859402146,0
TXN_109367,940,Free,0.0,8700,112.63356209067551,0
TXN_109368,101,Free,0.0,7344,133.67186012275397,0
TXN_109369,619,Enterprise,0.0,6814,85.22079069966155,0
TXN_109370,861,Premium,499.0,9091,189.53627708853665,0
TXN_109371,750,Free,0.0,7307,105.70503219912693,0
TXN_109372,735,Free,0.0,5294,150.48374909373223,0
TXN_109373,408,Premium,29.99,4355,111.3131364916216,0
TXN_109374,839,Free,29.99,12260,100.24203860826786,0
TXN_109375,621,Premium,499.0,4446,128.63263854665433,0
TXN_109376,568,Free,0.0,18735,212.27437147735833,0
TXN_109377,311,Unknown,29.99,8818,127.85140710868006,0
TXN_109378,211,Premium,,8198,92.32496721034816,0
TXN_109379,107,Premium,0.0,11826,161.53563629587043,0
TXN_109380,903,Premium,0.0,4237,33.84256429361177,0
TXN_109381,576,Free,29.99,9821,234.79115945059561,0
TXN_109382,973,Free,499.0,11073,142.40671586270014,0
TXN_109383,559,Premium,0.0,10242,78.75528334747642,0
TXN_109384,352,Enterprise,0.0,6861,85.36931954898596,0
TXN_109385,625,Free,499.0,6829,128.9921499777224,0
TXN_109386,851,Premium,29.99,12289,39.04164756281979,0
TXN_109387,537,Unknown,499.0,13262,172.22137645282012,0
TXN_109388,853,Enterprise,499.0,11203,162.71162132578954,0
TXN_109389,953,Premium,0.0,9698,151.80282624996096,1
TXN_109390,760,Premium,499.0,7338,100.10114555558249,0
TXN_109391,335,Enterprise,0.0,13285,250.3962976732818,0
TXN_109392,405,Unknown,499.0,10253,80.08538806028301,0
TXN_109393,577,Unknown,499.0,7631,94.23497451831487,0
TXN_109394,778,Premium,29.99,9351,60.08453589383753,0
TXN_109395,119,Free,29.99,10109,124.69544556695664,0
TXN_109396,315,Free,0.0,10836,92.75408805856873,0
TXN_109397,954,Free,0.0,8395,132.80701661117345,0
TXN_109398,234,Enterprise,0.0,7007,193.24725645784565,0
TXN_109399,1004,Enterprise,499.0,10818,162.45791764340635,0
TXN_109400,228,Premium,29.99,11301,97.99910121865153,0
TXN_109401,509,Premium,0.0,8763,114.18808065921758,0
TXN_109402,521,Free,499.0,5427,95.55694753322112,0
TXN_109403,393,Free,0.0,8093,156.82208789662013,0
TXN_109404,345,Premium,499.0,10381,69.65286178531184,0
TXN_109405,800,Free,29.99,9400,192.79104543089548,0
TXN_109406,655,Free,29.99,11082,135.6212426355284,0
TXN_109407,185,Premium,0.0,7625,39.518630265967886,0
TXN_109408,655,Free,499.0,9703,108.35455362478771,0
TXN_109409,941,Unknown,0.0,11007,24.383364459113167,0
TXN_109410,474,Free,0.0,6150,119.14914401019159,0
TXN_109411,545,Enterprise,29.99,5920,98.98571558415864,0
TXN_109412,477,Free,499.0,9401,38.96834475301354,0
TXN_109413,489,Free,0.0,5738,177.8867322925274,0
TXN_109414,756,Premium,29.99,7807,203.93460085359573,1
TXN_109415,150,Premium,29.99,13674,110.09739870910906,0
TXN_109416,341,Premium,29.99,11264,106.22953541533747,0
TXN_109417,393,Free,29.99,7937,119.10471582045506,0
TXN_109418,1019,Free,0.0,7175,112.86388158930887,0
TXN_109419,662,Premium,0.0,5444,99.48301660627972,0
TXN_109420,365,Free,29.99,11289,184.63361538149672,0
TXN_109421,219,Free,0.0,9513,132.70054958484104,0
TXN_109422,811,Premium,29.99,14406,116.64277541217581,0
TXN_109423,1016,Free,0.0,14357,149.85802600718299,0
TXN_109424,347,Free,29.99,14304,130.01499621267575,0
TXN_109425,169,Free,29.99,9934,125.31227063427323,0
TXN_109426,952,Unknown,499.0,3495,81.93696427015992,0
TXN_109427,156,Free,29.99,7211,131.59431515058043,0
TXN_109428,481,Enterprise,0.0,8452,151.40419555295819,0
TXN_109429,138,Free,0.0,5302,89.69491590957949,0
TXN_109430,900,Premium,29.99,12274,160.0038336394358,1
TXN_109431,542,Free,29.99,10441,140.2521760975875,0
TXN_109432,117,Free,29.99,3942,155.18562694929514,0
TXN_109433,831,Enterprise,29.99,9694,108.95683585535099,0
TXN_109434,924,Enterprise,499.0,9971,81.29668410998696,0
TXN_109435,855,Premium,499.0,11238,137.1795611240247,0
TXN_109436,451,Enterprise,0.0,8935,150.96769019576536,0
TXN_109437,915,Free,29.99,8379,206.7925694071273,0
TXN_109438,397,Free,0.0,5050,64.20926383683147,0
TXN_109439,382,Free,0.0,12395,126.5347117003985,0
TXN_109440,685,Enterprise,29.99,12247,149.23781883903231,0
TXN_109441,209,Free,29.99,12165,151.67506719264435,0
TXN_109442,279,Enterprise,0.0,8251,69.0683765814104,0
TXN_109443,1037,Free,499.0,6450,152.78715091063333,0
TXN_109444,643,Premium,0.0,11879,55.58923530346452,0
TXN_109445,845,Free,0.0,10513,60.439292096390176,0
TXN_109446,893,Free,0.0,11626,182.1862762082116,0
TXN_109447,124,Premium,29.99,10913,80.44307038802826,0
TXN_109448,942,Premium,0.0,14013,165.97253016985388,0
TXN_109449,890,Enterprise,0.0,11613,130.2323289260579,0
TXN_109450,837,Premium,0.0,8328,168.23169855806165,0
TXN_109451,156,Premium,0.0,7188,99.53744980232403,0
TXN_109452,279,Enterprise,0.0,14878,101.26838906301296,0
TXN_109453,331,Premium,0.0,7342,143.06091229811193,0
TXN_109454,993,Premium,0.0,5744,178.60659999753832,0
TXN_109455,442,Free,29.99,10178,171.0604027740192,0
TXN_109456,576,Free,0.0,10633,90.23577768079508,0
TXN_109457,898,Premium,29.99,15147,210.55251400062474,0
TXN_109458,675,Enterprise,0.0,4934,69.39007623660478,0
TXN_109459,554,Free,0.0,8479,109.47549338438623,0
TXN_109460,331,Free,499.0,9569,169.9404696569319,0
TXN_109461,388,Premium,29.99,8332,138.28910652895655,0
TXN_109462,312,Free,,6939,190.2921588692472,0
TXN_109463,357,Premium,0.0,6952,115.64881768771693,0
TXN_109464,629,Premium,499.0,15636,159.82958712550064,0
TXN_109465,786,Free,29.99,11869,72.51621769697068,0
TXN_109466,1028,Enterprise,499.0,11396,78.5404782792134,0
TXN_109467,328,Premium,,9514,96.55149445604334,1
TXN_109468,325,Premium,0.0,6812,69.46161728564468,1
TXN_109469,695,Free,0.0,11009,71.46916856348372,0
TXN_109470,902,Free,29.99,12889,111.25013518098889,0
TXN_109471,534,Enterprise,0.0,10093,125.80287785980194,0
TXN_109472,981,Free,499.0,7559,123.12397253163773,0
TXN_109473,857,Free,0.0,13452,153.09371053107543,0
TXN_109474,501,Free,499.0,8649,113.14101794589057,0
TXN_109475,721,Free,0.0,7760,56.10482143984783,0
TXN_109476,865,Free,0.0,8787,102.1863181766421,0
TXN_109477,187,Free,,12824,149.2666380073495,0
TXN_109478,683,Enterprise,0.0,9174,129.60657760141703,0
TXN_109479,992,Premium,0.0,13582,60.150212075667135,0
TXN_109480,641,Free,0.0,7468,70.04686932040728,0
TXN_109481,783,Premium,499.0,8148,99.86494197372832,0
TXN_109482,408,Free,29.99,8770,152.60339352664107,0
TXN_109483,1005,Premium,499.0,20595,103.03384101296665,0
TXN_109484,442,Free,29.99,11712,143.7460062851884,1
TXN_109485,535,Free,0.0,15028,161.48839184837732,0
TXN_109486,276,Enterprise,0.0,8312,145.40189694982527,0
TXN_109487,238,Free,0.0,6387,138.3904351819134,0
TXN_109488,293,Enterprise,29.99,11583,36.89636139356246,0
TXN_109489,285,Free,29.99,5781,72.86232091202416,0
TXN_109490,317,Free,0.0,11205,135.50832098699615,0
TXN_109491,263,Premium,0.0,6778,82.85647182596946,0
TXN_109492,260,Premium,0.0,8518,114.66387593937549,0
TXN_109493,1042,Free,0.0,12885,176.66631209205474,0
TXN_109494,624,Free,0.0,10332,71.62590275170415,0
TXN_109495,907,Free,0.0,10878,131.6965700700114,0
TXN_109496,700,Enterprise,0.0,12310,179.48403596695627,0
TXN_109497,935,Free,499.0,7714,33.33531469772794,0
TXN_109498,141,Free,0.0,12373,84.88971318202633,0
TXN_109499,1014,Enterprise,499.0,11561,82.94401756314004,0
TXN_109500,309,Free,0.0,7855,138.99486149885348,0
TXN_109501,840,Free,29.99,11078,106.71643423650596,0
TXN_109502,961,Free,0.0,14920,144.7339696934572,0
TXN_109503,374,Premium,29.99,6716,68.60757732642853,0
TXN_109504,378,Free,0.0,6244,99.12608083541056,1
TXN_109505,350,Free,0.0,13009,97.8934477092336,0
TXN_109506,409,Enterprise,499.0,8691,118.74218092923248,0
TXN_109507,819,Free,29.99,11360,127.63585023935856,0
TXN_109508,932,Free,0.0,10790,89.79834475567556,0
TXN_109509,239,Free,0.0,9098,123.03793238005068,0
TXN_109510,891,Premium,0.0,9952,127.04713285177127,0
TXN_109511,645,Enterprise,29.99,14829,24.109501176691282,0
TXN_109512,920,Free,29.99,16478,129.83528732761005,0
TXN_109513,1003,Free,0.0,8325,123.46858386889305,0
TXN_109514,629,Free,0.0,8222,221.68157389511964,0
TXN_109515,156,Free,29.99,3188,129.07416892383443,0
TXN_109516,211,Premium,0.0,11261,111.65697948381865,0
TXN_109517,104,Free,29.99,9333,180.34192538002037,0
TXN_109518,509,Free,29.99,14979,93.9708354253289,0
TXN_109519,513,Premium,29.99,8623,82.46673505183301,0
TXN_109520,281,Free,0.0,8947,104.93224549147024,0
TXN_109521,112,Premium,499.0,14558,144.11924914227848,0
TXN_109522,438,Free,0.0,10411,209.06447717991335,0
TXN_109523,896,Enterprise,29.99,8388,132.4359696037899,0
TXN_109524,358,Free,499.0,10091,106.81972878011501,0
TXN_109525,189,Enterprise,29.99,10411,96.41612914974066,0
TXN_109526,715,Free,29.99,7566,38.487652429712455,0
TXN_109527,990,Premium,0.0,8394,45.86285661781842,0
TXN_109528,797,Free,499.0,12807,119.04010054824069,0
TXN_109529,349,Premium,0.0,6683,85.65257827916031,0
TXN_109530,354,Free,29.99,10587,120.16298800052226,0
TXN_109531,687,Premium,0.0,9791,93.20957777895693,0
TXN_109532,997,Premium,0.0,12030,82.61413839390077,0
TXN_109533,207,Premium,0.0,16849,61.65626655591664,0
TXN_109534,767,Premium,0.0,12829,87.3190589367347,0
TXN_109535,693,Free,499.0,10780,214.01219630381433,0
TXN_109536,688,Free,499.0,13616,102.7283918367497,0
TXN_109537,584,Premium,29.99,12135,106.57712317971217,0
TXN_109538,357,Free,0.0,14526,115.50989555322582,0
TXN_109539,738,Free,0.0,8551,159.4988591668428,0
TXN_109540,1002,Free,29.99,11402,133.9093600897025,0
TXN_109541,381,Free,0.0,8935,111.78999593272812,0
TXN_109542,187,Premium,29.99,7845,110.21136976351627,0
TXN_109543,303,Premium,0.0,8628,102.29188911239982,0
TXN_109544,115,Enterprise,29.99,7828,37.83267721103681,0
TXN_109545,250,Free,499.0,15178,93.33492245347432,0
TXN_109546,1035,Enterprise,29.99,9602,199.3235473031893,0
TXN_109547,353,Premium,499.0,6380,184.23129664841196,0
TXN_109548,287,Enterprise,499.0,7637,72.76048725208256,0
TXN_109549,428,Enterprise,29.99,7977,75.81666819535266,0
TXN_109550,643,Premium,0.0,10536,204.22198194523764,0
TXN_109551,882,Free,0.0,15695,68.71674131484016,0
TXN_109552,496,Free,499.0,6267,51.11843074431441,0
TXN_109553,616,Free,29.99,10979,83.68186246255053,0
TXN_109554,558,Unknown,499.0,5766,-999.0,0
TXN_109555,429,Unknown,29.99,13713,143.2779056652637,0
TXN_109556,919,Premium,0.0,9468,72.65420322525091,0
TXN_109557,944,Enterprise,,14096,155.92074321110107,0
TXN_109558,268,Enterprise,0.0,10758,89.95787590746309,0
TXN_109559,792,Premium,499.0,8595,110.38497267648657,0
TXN_109560,465,Premium,0.0,4304,186.36876584129925,0
TXN_109561,277,Free,0.0,10695,201.44446932359764,0
TXN_109562,754,Free,0.0,5469,150.13368412434502,0
TXN_109563,461,Free,499.0,7533,132.9486941341005,0
TXN_109564,859,Free,499.0,9339,47.58485180365339,0
TXN_109565,738,Premium,499.0,9078,191.14267133526158,0
TXN_109566,874,Free,0.0,10941,123.92976592462635,0
TXN_109567,139,Enterprise,0.0,5411,125.76271117552835,0
TXN_109568,1023,Free,29.99,10590,116.35451969526018,0
TXN_109569,515,Free,0.0,9422,114.28350236802817,0
TXN_109570,454,Enterprise,499.0,12501,10.486924549175939,0
TXN_109571,354,Premium,499.0,9267,85.0772582844879,0
TXN_109572,242,Free,0.0,13002,105.01610030985839,0
TXN_109573,851,Premium,29.99,11135,83.29406474623407,0
TXN_109574,839,Free,499.0,9920,105.66095079704283,0
TXN_109575,952,Enterprise,499.0,6280,70.47966316836542,0
TXN_109576,809,Premium,29.99,10455,112.52418062020269,0
TXN_109577,676,Free,499.0,6123,107.287183252436,0
TXN_109578,999,Premium,29.99,9640,123.06936707325586,0
TXN_109579,110,Enterprise,0.0,7948,202.78524771583375,0
TXN_109580,719,Premium,0.0,12499,146.82242950288082,0
TXN_109581,125,Enterprise,0.0,9152,101.37788537268881,0
TXN_109582,520,Free,0.0,9881,184.689603316486,0
TXN_109583,762,Enterprise,0.0,9882,84.69822362913777,0
TXN_109584,320,Premium,499.0,8677,146.72834076326174,0
TXN_109585,952,Premium,29.99,3640,158.28229083974054,0
TXN_109586,595,Free,0.0,8462,33.936058045666684,0
TXN_109587,336,Enterprise,0.0,8711,119.59914925721583,0
TXN_109588,336,Premium,29.99,7669,101.14439104634836,0
TXN_109589,318,Enterprise,0.0,10703,145.9761553241653,0
TXN_109590,586,Free,0.0,6978,110.27640647984148,0
TXN_109591,1035,Free,499.0,9740,97.10684269997677,0
TXN_109592,560,Free,29.99,6580,58.1611569638629,0
TXN_109593,762,Free,29.99,7305,157.69009681464277,0
TXN_109594,734,Premium,29.99,15789,93.75861264747188,0
TXN_109595,243,Premium,0.0,9240,-999.0,0
TXN_109596,288,Premium,29.99,7566,99.41141630753606,0
TXN_109597,354,Enterprise,29.99,9976,121.53478104878329,0
TXN_109598,167,Free,29.99,16998,-999.0,0
TXN_109599,715,Free,0.0,10587,53.46310222845034,0
TXN_109600,435,Enterprise,499.0,10996,118.8610852864083,0
TXN_109601,770,Premium,0.0,8591,57.414843879429945,0
TXN_109602,920,Premium,29.99,8918,79.56359204172938,0
TXN_109603,973,Free,29.99,15456,80.2476153221998,0
TXN_109604,508,Premium,29.99,10878,183.59401393616724,0
TXN_109605,399,Free,29.99,9255,132.5638414927341,0
TXN_109606,1007,Premium,0.0,13351,119.22221981489267,0
TXN_109607,701,Unknown,0.0,9715,133.40052024025107,0
TXN_109608,456,Premium,0.0,6991,153.50813070701764,0
TXN_109609,355,Free,0.0,5883,21.612385478291415,0
TXN_109610,452,Premium,0.0,10782,108.44292265847821,0
TXN_109611,831,Free,29.99,6616,97.1434400676865,0
TXN_109612,620,Free,0.0,12873,89.11447184054929,0
TXN_109613,623,Enterprise,0.0,10112,80.66393989010605,0
TXN_109614,936,Free,29.99,6884,19.099908797963195,0
TXN_109615,1049,Enterprise,499.0,9463,95.24929676683819,0
TXN_109616,855,Free,499.0,10259,122.26432514164294,0
TXN_109617,793,Premium,499.0,8962,117.59106544393339,0
TXN_109618,383,Premium,29.99,10222,85.93995948178284,0
TXN_109619,411,Free,0.0,10338,128.30115178460895,0
TXN_109620,198,Premium,29.99,7027,134.3214065900572,0
TXN_109621,296,Unknown,0.0,14435,99.0753714061556,0
TXN_109622,581,Premium,0.0,5888,121.90946099964516,0
TXN_109623,977,Premium,0.0,5979,128.34527897851788,0
TXN_109624,325,Unknown,0.0,11034,92.2828166526307,0
TXN_109625,944,Free,29.99,10553,134.49921271102187,0
TXN_109626,714,Free,29.99,10823,61.103235486590336,0
TXN_109627,717,Free,0.0,8565,60.27662610478247,0
TXN_109628,464,Premium,499.0,11740,111.20705352718534,0
TXN_109629,467,Enterprise,29.99,7244,165.07197015011286,0
TXN_109630,669,Premium,29.99,7635,115.98030491900906,0
TXN_109631,689,Enterprise,499.0,8342,108.94681013775171,0
TXN_109632,174,Premium,0.0,12419,51.13031880060922,0
TXN_109633,141,Free,499.0,11919,161.11320315782893,0
TXN_109634,521,Free,0.0,12157,153.39616109537957,0
TXN_109635,935,Enterprise,29.99,9627,53.04504114622979,0
TXN_109636,280,Free,499.0,5994,167.41251646769075,0
TXN_109637,644,Premium,29.99,16338,86.6890024867995,0
TXN_109638,170,Free,0.0,11133,121.62117081775358,0
TXN_109639,667,Free,0.0,10716,191.83549240017317,0
TXN_109640,204,Premium,0.0,7703,60.36181225479323,0
TXN_109641,299,Free,499.0,11529,117.54466910665442,0
TXN_109642,200,Enterprise,0.0,15076,81.89745263389545,0
TXN_109643,867,Free,0.0,14323,37.92130142653404,0
TXN_109644,406,Premium,499.0,5859,92.48380495795027,1
TXN_109645,685,Premium,0.0,20144,58.172939084692594,0
TXN_109646,782,Premium,499.0,8401,117.94370815495638,0
TXN_109647,476,Enterprise,0.0,10210,173.60067278735147,0
TXN_109648,754,Free,0.0,16770,114.78254837858309,0
TXN_109649,777,Free,0.0,8002,62.01343734945356,0
TXN_109650,498,Free,,9496,63.352626265646244,0
TXN_109651,872,Enterprise,29.99,10618,141.8571328088999,0
TXN_109652,320,Unknown,0.0,8616,172.72299354213592,0
TXN_109653,694,Free,29.99,9056,142.3071952203961,1
TXN_109654,281,Premium,29.99,13162,6.749833002254178,0
TXN_109655,406,Free,0.0,7043,68.59148781728416,0
TXN_109656,621,Free,29.99,3833,134.34800824400955,0
TXN_109657,495,Premium,0.0,15822,225.86804090459106,0
TXN_109658,103,Free,0.0,7359,15.449965282219637,0
TXN_109659,962,Free,29.99,6550,156.65591283423166,0
TXN_109660,1013,Premium,0.0,5489,84.57318355965289,0
TXN_109661,947,Premium,499.0,9972,100.28492110854545,0
TXN_109662,903,Free,0.0,17207,112.67463101750405,0
TXN_109663,380,Premium,499.0,10920,161.43606142977748,0
TXN_109664,314,Premium,0.0,9127,132.02935671123063,0
TXN_109665,709,Free,499.0,9490,96.16877085749998,0
TXN_109666,519,Premium,0.0,9687,96.80633611189705,0
TXN_109667,200,Free,,10560,122.28285231720338,0
TXN_109668,620,Free,0.0,13345,119.74160520741074,0
TXN_109669,672,Free,499.0,4051,76.38459623583526,0
TXN_109670,408,Enterprise,29.99,16227,159.50419244265302,1
TXN_109671,757,Free,0.0,8726,198.8099222278071,0
TXN_109672,1038,Free,0.0,12672,140.02090269325637,0
TXN_109673,1030,Free,499.0,8110,129.00779579968537,0
TXN_109674,609,Free,0.0,9520,174.03061135670808,0
TXN_109675,162,Premium,29.99,17652,133.5944903821849,0
TXN_109676,732,Free,0.0,11498,92.01379310168485,0
TXN_109677,325,Enterprise,,8110,207.5445257528579,0
TXN_109678,204,Premium,29.99,12960,120.4785936039058,0
TXN_109679,871,Premium,0.0,8265,126.53314120468131,0
TXN_109680,960,Free,0.0,8117,158.8645930758276,0
TXN_109681,524,Free,0.0,5787,145.20876772246393,0
TXN_109682,354,Free,0.0,10730,80.40644165682474,0
TXN_109683,528,Premium,0.0,7114,142.07879573601866,0
TXN_109684,533,Free,499.0,8745,131.036073770901,0
TXN_109685,306,Premium,499.0,11286,147.183163738349,0
TXN_109686,127,Free,0.0,11745,141.4241444075544,0
TXN_109687,781,Free,29.99,8272,96.9519938576289,0
TXN_109688,435,Free,0.0,16464,157.46394338344405,0
TXN_109689,687,Free,0.0,10678,95.84350466609033,0
TXN_109690,727,Enterprise,0.0,16958,121.13696671325269,0
TXN_109691,168,Free,29.99,8220,123.11134512966449,0
TXN_109692,965,Enterprise,,11383,91.44454494462224,0
TXN_109693,845,Premium,0.0,9819,209.9619853879207,0
TXN_109694,612,Enterprise,0.0,11520,85.07900971937536,0
TXN_109695,266,Free,0.0,10478,29.994708819068464,0
TXN_109696,963,Enterprise,499.0,12614,160.81110169432299,0
TXN_109697,829,Free,0.0,11675,100.778639000299,0
TXN_109698,884,Premium,29.99,10389,181.0440724219729,0
TXN_109699,467,Free,499.0,10600,108.72869121301066,0
TXN_109700,350,Free,0.0,13305,117.31633800285499,0
TXN_109701,958,Premium,29.99,10946,240.93329435310272,0
TXN_109702,955,Premium,0.0,3566,113.33277513193472,0
TXN_109703,1030,Free,499.0,10311,122.85650598989396,0
TXN_109704,785,Free,0.0,5030,165.8364298119201,0
TXN_109705,269,Premium,,11285,126.1004028769341,0
TXN_109706,857,Free,499.0,6879,109.03498444215113,0
TXN_109707,1034,Free,29.99,11838,102.4471856808965,0
TXN_109708,189,Enterprise,29.99,12640,79.6425078345001,0
TXN_109709,660,Unknown,499.0,10249,-999.0,0
TXN_109710,545,Enterprise,0.0,10360,153.68670575300607,0
TXN_109711,393,Enterprise,0.0,19231,162.82011360512726,0
TXN_109712,1018,Free,0.0,16204,89.80928739001101,0
TXN_109713,249,Unknown,29.99,10117,170.98527600310777,0
TXN_109714,231,Free,499.0,10088,153.51290962358837,0
TXN_109715,532,Free,499.0,10126,102.70312304969974,1
TXN_109716,158,Enterprise,29.99,8365,148.2845562493668,0
TXN_109717,935,Free,29.99,8903,178.8015102816833,0
TXN_109718,298,Premium,499.0,10350,130.75683632589337,1
TXN_109719,314,Free,499.0,8268,118.58652424238844,0
TXN_109720,997,Free,29.99,12461,80.18464728295166,0
TXN_109721,660,Premium,0.0,7357,103.30158154783895,0
TXN_109722,571,Free,29.99,16556,117.16359496689024,0
TXN_109723,843,Free,29.99,7951,60.419307082419635,0
TXN_109724,346,Free,29.99,8017,73.82367283180005,0
TXN_109725,481,Free,,16022,151.15504808237267,0
TXN_109726,338,Free,499.0,14240,96.20390733394503,0
TXN_109727,1026,Enterprise,0.0,8175,35.86407939030198,0
TXN_109728,466,Free,0.0,9004,99.11098367619844,0
TXN_109729,267,Enterprise,0.0,7600,99.69079137169935,0
TXN_109730,659,Free,0.0,9143,125.2641266499956,0
TXN_109731,150,Free,0.0,9673,134.848029138664,0
TXN_109732,910,Free,499.0,9126,145.40910278973172,0
TXN_109733,709,Free,0.0,10505,106.2323860990147,0
TXN_109734,827,Free,29.99,6483,109.72962765479733,0
TXN_109735,788,Free,0.0,11352,63.96271581491761,0
TXN_109736,479,Free,29.99,9701,96.4317672122638,0
TXN_109737,573,Free,499.0,7437,80.53213588874581,0
TXN_109738,179,Premium,499.0,8634,144.45808209297326,0
TXN_109739,796,Unknown,0.0,15584,220.29635554493322,0
TXN_109740,466,Free,499.0,14622,137.36964898628167,0
TXN_109741,560,Premium,0.0,4766,171.62424702338416,0
TXN_109742,1010,Premium,29.99,9419,152.8397350511438,0
TXN_109743,638,Free,0.0,11002,53.35012527967257,0
TXN_109744,551,Enterprise,29.99,10501,120.67298759361522,0
TXN_109745,563,Unknown,0.0,8133,68.4105581094079,1
TXN_109746,577,Free,29.99,13865,51.172584546087535,0
TXN_109747,1025,Premium,29.99,9327,164.73731518603955,0
TXN_109748,519,Premium,0.0,7867,186.6306799126843,0
TXN_109749,806,Free,499.0,13450,-31.056043226969166,0
TXN_109750,313,Free,0.0,11209,91.76971701901061,0
TXN_109751,468,Enterprise,499.0,9158,127.3837959478149,0
TXN_109752,953,Premium,0.0,10487,102.87541363022748,0
TXN_109753,213,Free,29.99,14264,128.15100164581406,0
TXN_109754,853,Free,29.99,13215,126.3798130747387,0
TXN_109755,602,Enterprise,0.0,9797,135.9669939062079,0
TXN_109756,735,Free,0.0,8811,156.8090441236197,0
TXN_109757,916,Premium,29.99,13204,145.26753084686354,0
TXN_109758,687,Free,499.0,11971,-999.0,0
TXN_109759,410,Free,,8886,163.54611638029175,0
TXN_109760,568,Free,0.0,9916,38.05489767214415,0
TXN_109761,923,Free,0.0,8152,164.24494775255295,0
TXN_109762,807,Free,29.99,9503,113.2305541973092,0
TXN_109763,962,Premium,29.99,12435,82.58886939021724,0
TXN_109764,143,Premium,499.0,12689,66.39641090537971,0
TXN_109765,514,Free,0.0,15899,168.54088374755912,0
TXN_109766,797,Premium,0.0,4716,107.39997120834533,0
TXN_109767,954,Free,29.99,7932,67.85283596263565,0
TXN_109768,345,Free,0.0,17947,75.14459633252723,0
TXN_109769,1048,Free,29.99,11571,98.42432177981276,0
TXN_109770,183,Free,0.0,10314,176.87124784533538,0
TXN_109771,306,Unknown,29.99,7205,156.66511422174355,0
TXN_109772,250,Premium,29.99,5198,136.0986348772665,0
TXN_109773,767,Free,0.0,10842,111.08106492390408,0
TXN_109774,627,Premium,0.0,10637,51.357898502906195,1
TXN_109775,264,Free,,11824,244.1753200191966,0
TXN_109776,1016,Free,499.0,9117,96.28494195576161,0
TXN_109777,244,Free,499.0,9408,93.38835686753816,0
TXN_109778,136,Premium,,12492,121.84136751190772,0
TXN_109779,432,Free,0.0,6027,194.39707521835732,0
TXN_109780,502,Enterprise,0.0,12942,123.45915023459824,0
TXN_109781,513,Free,0.0,7047,106.86955049765821,0
TXN_109782,144,Free,499.0,10282,34.955580197693536,0
TXN_109783,501,Unknown,499.0,11774,106.61674545043594,0
TXN_109784,305,Free,29.99,11051,120.92689914520521,0
TXN_109785,161,Enterprise,499.0,11186,85.53521295819803,0
TXN_109786,519,Enterprise,29.99,9139,139.5810800392008,0
TXN_109787,967,Enterprise,0.0,6559,-999.0,0
TXN_109788,567,Free,0.0,999999,86.25769711790716,0
TXN_109789,919,Free,0.0,5584,-999.0,0
TXN_109790,118,Premium,0.0,6412,-999.0,0
TXN_109791,464,Premium,0.0,7102,109.91268942025033,0
TXN_109792,399,Premium,499.0,6809,130.36786759581815,0
TXN_109793,106,Free,0.0,7646,92.5351897215485,0
TXN_109794,860,Free,29.99,3785,142.4779018848581,0
TXN_109795,527,Premium,29.99,7475,71.8705862199785,0
TXN_109796,216,Free,,10923,81.5211607262612,0
TXN_109797,679,Free,499.0,9324,92.96791117075307,0
TXN_109798,606,Free,,10527,131.45152134296754,0
TXN_109799,645,Free,0.0,7615,107.59489505797605,1
TXN_109800,805,Premium,0.0,11662,82.05724620803052,0
TXN_109801,424,Premium,29.99,10367,102.87926022976846,0
TXN_109802,154,Free,0.0,15600,110.90553208123904,0
TXN_109803,877,Free,29.99,12827,172.58864563025878,0
TXN_109804,141,Premium,0.0,9529,149.6581025508653,0
TXN_109805,396,Free,29.99,13002,62.61318998802933,0
TXN_109806,330,Enterprise,499.0,6109,165.71796159553455,0
TXN_109807,552,Premium,0.0,9420,65.46990609002867,1
TXN_109808,989,Enterprise,,6052,161.4291582437852,0
TXN_109809,493,Premium,0.0,19175,138.87488519747876,0
TXN_109810,621,Free,0.0,5757,91.82367265780086,0
TXN_109811,457,Premium,29.99,8992,148.5249211728932,0
TXN_109812,543,Free,499.0,11317,118.98225560788906,0
TXN_109813,227,Free,29.99,12351,118.46733494441527,0
TXN_109814,790,Free,29.99,7199,87.36529389037146,0
TXN_109815,504,Free,0.0,9919,121.49755634841239,0
TXN_109816,491,Free,0.0,7543,-999.0,0
TXN_109817,292,Free,0.0,5333,24.425215779118602,0
TXN_109818,703,Premium,0.0,7629,143.53490793340444,0
TXN_109819,980,Unknown,,9040,122.94487880349884,1
TXN_109820,842,Free,499.0,10797,107.0755667087187,0
TXN_109821,177,Premium,0.0,8076,137.93523136827784,0
TXN_109822,184,Free,29.99,8963,117.89196565864977,0
TXN_109823,129,Enterprise,29.99,7287,143.60093511719091,0
TXN_109824,824,Free,0.0,13529,154.09240124039832,0
TXN_109825,148,Enterprise,0.0,6373,28.72381260464678,0
TXN_109826,876,Free,29.99,8388,-5.372400062649561,0
TXN_109827,244,Enterprise,29.99,13038,123.09342303950937,0
TXN_109828,168,Free,0.0,9583,125.87731055879784,0
TXN_109829,157,Free,499.0,6888,113.98164406149648,0
TXN_109830,796,Free,29.99,13211,81.56418715595007,0
TXN_109831,673,Free,0.0,12668,77.51089336778935,0
TXN_109832,578,Enterprise,0.0,9185,111.024034732928,0
TXN_109833,919,Premium,499.0,10621,98.42211112148472,0
TXN_109834,544,Free,29.99,9869,154.13162696305108,1
TXN_109835,395,Unknown,29.99,9429,127.74537437788102,0
TXN_109836,777,Free,0.0,13430,117.96107288439404,0
TXN_109837,270,Unknown,0.0,11774,165.08374675919333,0
TXN_109838,674,Free,0.0,9761,146.83571992172207,0
TXN_109839,246,Enterprise,0.0,6634,124.36479075775449,0
TXN_109840,583,Free,29.99,9000,76.93802845084262,0
TXN_109841,405,Premium,0.0,9453,158.7933421988805,0
TXN_109842,772,Free,0.0,11781,146.69499769649246,0
TXN_109843,752,Premium,0.0,9759,100.01400027661917,0
TXN_109844,945,Premium,29.99,12115,131.90053792713582,0
TXN_109845,708,Free,499.0,6171,65.78275874378895,0
TXN_109846,545,Unknown,499.0,9411,23.40278995756202,0
TXN_109847,320,Unknown,499.0,9701,152.11236751792416,0
TXN_109848,654,Unknown,29.99,12698,101.14281219108977,0
TXN_109849,1044,Unknown,0.0,10121,71.91640757644217,0
TXN_109850,903,Premium,29.99,6413,131.55151378958294,0
TXN_109851,477,Unknown,0.0,4864,89.19530158669964,0
TXN_109852,719,Enterprise,499.0,4999,110.69079121588527,0
TXN_109853,365,Free,499.0,7587,20.009365106844456,1
TXN_109854,194,Premium,29.99,8663,116.26782105914582,0
TXN_109855,361,Enterprise,0.0,16986,160.49289010228557,0
TXN_109856,924,Premium,,12894,98.97812018194035,0
TXN_109857,996,Free,499.0,6585,140.15705548113004,0
TXN_109858,170,Free,29.99,6295,159.29379218474153,0
TXN_109859,318,Enterprise,0.0,7964,130.43545409722617,0
TXN_109860,632,Unknown,0.0,10201,148.28369428737267,0
TXN_109861,191,Free,0.0,10915,84.77588278429148,0
TXN_109862,226,Free,0.0,14649,130.31668932362356,0
TXN_109863,179,Free,29.99,7487,92.43905145554226,0
TXN_109864,923,Premium,499.0,9278,97.51457338814518,0
TXN_109865,337,Free,0.0,5500,102.31892185099277,0
TXN_109866,471,Premium,29.99,10828,-999.0,0
TXN_109867,1015,Unknown,0.0,11035,151.2322371241163,0
TXN_109868,585,Premium,0.0,21681,33.537769296077826,0
TXN_109869,793,Free,499.0,15699,169.031342970808,0
TXN_109870,124,Enterprise,29.99,3888,182.95596768395083,0
TXN_109871,255,Premium,29.99,10886,117.6755600781108,0
TXN_109872,616,Free,0.0,13768,127.84335790144465,0
TXN_109873,731,Free,0.0,9982,146.02149845252853,0
TXN_109874,888,Premium,0.0,13288,192.58421406505335,0
TXN_109875,629,Enterprise,0.0,9177,66.82443216135525,0
TXN_109876,1042,Enterprise,0.0,5432,123.11520406937915,0
TXN_109877,809,Free,499.0,9227,93.82196161347888,0
TXN_109878,156,Free,0.0,10290,184.8140834155893,0
TXN_109879,704,Free,0.0,11611,140.2823731280484,0
TXN_109880,118,Premium,29.99,11841,82.55903145211622,0
TXN_109881,483,Premium,499.0,5913,160.5331391903759,0
TXN_109882,964,Free,,13474,111.16107564626688,0
TXN_109883,292,Free,499.0,21210,154.22576008855398,0
TXN_109884,336,Unknown,0.0,6445,10.17992948402302,0
TXN_109885,486,Enterprise,0.0,14393,128.70235630971763,0
TXN_109886,525,Free,499.0,6679,91.76590993979225,0
TXN_109887,376,Premium,499.0,9261,226.26210752310828,0
TXN_109888,326,Premium,29.99,8397,34.50749790861046,0
TXN_109889,844,Free,0.0,11767,127.57991320575138,0
TXN_109890,651,Free,0.0,10665,114.26673160818488,0
TXN_109891,422,Free,499.0,6180,87.4201950670166,0
TXN_109892,252,Free,0.0,13540,100.73930267872166,0
TXN_109893,738,Premium,29.99,10451,111.40107025071812,0
TXN_109894,336,Free,,8244,48.04738634371461,1
TXN_109895,154,Free,29.99,11555,111.46476225419401,0
TXN_109896,535,Premium,0.0,9792,97.69238012232108,0
TXN_109897,783,Free,0.0,10462,130.49107180822585,0
TXN_109898,208,Premium,0.0,11405,128.40767503211086,0
TXN_109899,965,Free,29.99,13430,132.4242504162309,0
TXN_109900,283,Free,29.99,9338,50.418681894152556,0
TXN_109901,467,Unknown,0.0,8748,113.07162138089636,0
TXN_109902,297,Free,0.0,7314,111.97885376805192,0
TXN_109903,470,Premium,0.0,9152,117.30434992263397,0
TXN_109904,472,Free,,11518,99.5864682462382,0
TXN_109905,596,Enterprise,499.0,6633,46.038106567585984,0
TXN_109906,698,Enterprise,0.0,9336,88.95151692953014,0
TXN_109907,300,Free,499.0,8860,137.93664062614712,0
TXN_109908,948,Premium,29.99,7570,32.199758103492115,0
TXN_109909,608,Free,499.0,10017,101.32572369287219,0
TXN_109910,421,Unknown,29.99,11543,173.7025919163446,0
TXN_109911,374,Free,499.0,9576,125.2007411307788,0
TXN_109912,310,Enterprise,0.0,11652,126.02453104061125,0
TXN_109913,603,Free,29.99,8192,101.22955722743257,0
TXN_109914,1002,Premium,499.0,11298,113.93567299734946,0
TXN_109915,217,Unknown,0.0,9781,67.3174388786561,0
TXN_109916,802,Enterprise,0.0,15494,77.12441963689355,0
TXN_109917,653,Free,0.0,5434,70.88380577020504,0
TXN_109918,141,Premium,0.0,12472,164.1115061173664,0
TXN_109919,414,Free,0.0,4469,54.13263188606825,0
TXN_109920,887,Free,29.99,5280,119.8648323591478,0
TXN_109921,428,Free,0.0,9119,130.54547543569316,1
TXN_109922,116,Free,0.0,10556,62.891856949079745,0
TXN_109923,382,Premium,499.0,9713,126.40857907510232,0
TXN_109924,1042,Free,29.99,11938,71.70209703796145,0
TXN_109925,357,Premium,0.0,11280,118.44636964879098,0
TXN_109926,674,Free,0.0,13672,148.30401495948246,0
TXN_109927,673,Free,29.99,14359,55.617249476695434,0
TXN_109928,711,Premium,499.0,10214,160.83189659015255,0
TXN_109929,118,Free,0.0,9788,119.31438638605006,0
TXN_109930,628,Free,499.0,10360,125.44478558181949,0
TXN_109931,936,Free,499.0,10471,133.79029600292944,0
TXN_109932,522,Free,499.0,7191,61.718798652345974,0
TXN_109933,565,Premium,0.0,5667,101.16118229488436,0
TXN_109934,472,Free,0.0,8421,48.071451265164015,0
TXN_109935,857,Free,0.0,8511,97.73642017265064,0
TXN_109936,862,Enterprise,0.0,6889,62.599132743750914,0
TXN_109937,180,Unknown,0.0,15024,107.99234283199937,0
TXN_109938,650,Free,0.0,16865,97.26450828059838,0
TXN_109939,647,Premium,29.99,14994,103.2885825640843,0
TXN_109940,523,Free,0.0,18859,123.26772679544676,0
TXN_109941,528,Free,0.0,8246,130.77567441474213,0
TXN_109942,487,Free,499.0,12078,150.87976685142303,0
TXN_109943,1020,Premium,0.0,15564,66.92568653825234,0
TXN_109944,808,Free,29.99,9527,55.30512277062728,0
TXN_109945,769,Enterprise,29.99,6345,96.0608967958801,1
TXN_109946,303,Free,,10169,205.60008579185103,0
TXN_109947,295,Free,499.0,10412,141.39049803716563,0
TXN_109948,827,Premium,0.0,9985,173.4566710204083,0
TXN_109949,384,Free,499.0,14525,54.33444584758048,0
TXN_109950,295,Free,0.0,8308,29.95808170988566,0
TXN_109951,406,Free,29.99,11201,178.80258090642945,1
TXN_109952,763,Free,0.0,11414,177.60954737829547,0
TXN_109953,113,Free,29.99,7049,164.7167404212051,0
TXN_109954,936,Free,29.99,8009,126.70854548894866,0
TXN_109955,245,Free,29.99,7278,102.80084502375962,0
TXN_109956,1037,Free,29.99,15579,-999.0,0
TXN_109957,156,Unknown,0.0,8418,107.6950220699174,0
TXN_109958,822,Free,0.0,11648,135.34459981719004,0
TXN_109959,879,Free,29.99,18419,132.10350436651106,0
TXN_109960,309,Unknown,0.0,9666,148.0458972295889,0
TXN_109961,628,Premium,0.0,4630,63.703696986577285,1
TXN_109962,897,Free,29.99,10708,154.0074153457351,0
TXN_109963,443,Free,499.0,11273,67.10404239588792,0
TXN_109964,814,Premium,0.0,8680,203.6464530894369,0
TXN_109965,710,Free,29.99,9776,101.82995782638808,0
TXN_109966,378,Premium,0.0,9459,74.98266840341077,0
TXN_109967,308,Unknown,0.0,11463,156.99500524642397,0
TXN_109968,740,Premium,0.0,6169,135.96671534814513,0
TXN_109969,434,Free,29.99,6605,41.560440218359375,0
TXN_109970,387,Premium,499.0,8874,96.86663467302068,0
TXN_109971,351,Premium,0.0,9018,105.36789127986623,0
TXN_109972,364,Premium,29.99,11125,68.86114579843982,0
TXN_109973,370,Free,0.0,8352,100.6873974908009,0
TXN_109974,1023,Premium,0.0,7071,41.19949700309411,0
TXN_109975,1019,Premium,29.99,10555,132.58365801223354,0
TXN_109976,799,Unknown,0.0,11507,98.6644681137332,0
TXN_109977,518,Enterprise,0.0,7996,74.51574703193376,0
TXN_109978,825,Free,499.0,4655,57.51502694649232,0
TXN_109979,894,Premium,499.0,9623,116.90035400553329,1
TXN_109980,310,Free,499.0,6403,113.61288051244458,0
TXN_109981,464,Premium,0.0,13425,117.34210915747416,0
TXN_109982,175,Free,0.0,18094,67.07774550007227,0
TXN_109983,759,Free,499.0,7763,58.86127344436694,0
TXN_109984,420,Premium,0.0,8714,132.07927988205452,0
TXN_109985,824,Free,29.99,14952,150.5139813462412,0
TXN_109986,532,Enterprise,499.0,18203,209.9934863714433,0
TXN_109987,208,Premium,499.0,9251,163.62635342710706,0
TXN_109988,740,Free,0.0,4727,185.13982555516444,0
TXN_109989,621,Free,499.0,8204,68.58616043351557,0
TXN_109990,146,Enterprise,29.99,9326,136.27795845673887,0
TXN_109991,478,Free,29.99,16396,106.08803140259948,1
TXN_109992,926,Premium,29.99,13209,158.14131842018344,0
TXN_109993,195,Premium,0.0,9974,94.51584484982665,0
TXN_109994,202,Enterprise,0.0,14806,202.19837438011973,0
TXN_109995,991,Premium,499.0,9198,111.21989116820839,0
TXN_109996,953,Premium,0.0,8942,158.2617839301147,0
TXN_109997,245,Enterprise,0.0,8865,60.58819939014807,0
TXN_109998,979,Enterprise,0.0,9351,131.403869872164,0
TXN_109999,1041,Premium,0.0,8338,57.18381912614323,0
