CustomerID,Recency,Frequency,Monetary,R_Score,F_Score,M_Score,RFM_Class,Customer_Segment
12346.0,326,1,77183.6,1,1,5,115,Lost
12347.0,2,7,4310.0,5,5,5,555,Champions
12348.0,75,4,1797.24,2,4,4,244,At Risk / Churning
12349.0,19,1,1757.55,4,1,4,414,New/Promising
12350.0,310,1,334.4,1,1,2,112,Lost
12352.0,36,8,2506.04,3,5,5,355,Loyal Customers
12353.0,204,1,89.0,1,1,1,111,Lost
12354.0,232,1,1079.4,1,1,4,114,Lost
12355.0,214,1,459.4,1,1,2,112,Lost
12356.0,23,3,2811.43,4,3,5,435,Loyal Customers
12357.0,33,1,6207.67,4,1,5,415,New/Promising
12358.0,2,2,1168.06,5,2,4,524,New/Promising
12359.0,58,4,6372.58,3,4,5,345,Loyal Customers
12360.0,52,3,2662.06,3,3,5,335,Loyal Customers
12361.0,287,1,189.9,1,1,1,111,Lost
12362.0,3,10,5226.23,5,5,5,555,Champions
12363.0,110,2,552.0,2,2,3,223,Lost
12364.0,8,4,1313.1,5,4,4,544,Champions
12365.0,291,2,641.38,1,2,3,123,Lost
12367.0,4,1,168.9,5,1,1,511,New/Promising
12370.0,51,4,3545.69,3,4,5,345,Loyal Customers
12371.0,45,2,1887.96,3,2,4,324,Needs Attention
12372.0,72,3,1298.04,3,3,4,334,Loyal Customers
12373.0,311,1,364.6,1,1,2,112,Lost
12374.0,25,1,742.9300000000001,4,1,3,413,New/Promising
12375.0,11,2,457.5,5,2,2,522,New/Promising
12377.0,315,2,1628.12,1,2,4,124,Lost
12378.0,130,1,4008.62,2,1,5,215,Lost
12379.0,82,2,852.24,2,2,3,223,Lost
12380.0,22,4,2724.81,4,4,5,445,Champions
12381.0,5,5,1845.31,5,4,4,544,Champions
12383.0,185,5,1850.56,1,4,4,144,At Risk / Churning
12384.0,29,2,585.27,4,2,3,423,New/Promising
12386.0,338,2,401.9,1,2,2,122,Lost
12388.0,16,6,2780.66,4,4,5,445,Champions
12390.0,80,1,549.84,2,1,3,213,Lost
12391.0,22,1,460.89,4,1,2,412,New/Promising
12393.0,72,4,1582.6000000000001,3,4,4,344,Loyal Customers
12394.0,64,2,1272.48,3,2,4,324,Needs Attention
12395.0,19,12,3018.63,4,5,5,455,Champions
12397.0,36,2,2409.9,3,2,5,325,Needs Attention
12398.0,46,1,1635.6599999999999,3,1,4,314,Needs Attention
12399.0,119,4,1108.65,2,4,4,244,At Risk / Churning
12401.0,303,1,84.3,1,1,1,111,Lost
12402.0,323,1,225.6,1,1,1,111,Lost
12403.0,50,1,427.7,3,1,2,312,Needs Attention
12405.0,149,1,1710.39,2,1,4,214,Lost
12406.0,22,2,3415.3,4,2,5,425,New/Promising
12407.0,50,5,1708.1200000000001,3,4,4,344,Loyal Customers
12408.0,33,5,2888.55,4,4,5,445,Champions
12409.0,79,3,11072.67,2,3,5,235,At Risk / Churning
12410.0,309,2,693.3299999999999,1,2,3,123,Lost
12412.0,75,3,1226.88,2,3,4,234,At Risk / Churning
12413.0,67,3,758.1,3,3,3,333,Loyal Customers
12414.0,217,3,562.41,1,3,3,133,At Risk / Churning
12415.0,24,21,124914.53,4,5,5,455,Champions
12417.0,3,9,3649.1,5,5,5,555,Champions
12418.0,113,1,668.58,2,1,3,213,Lost
12420.0,64,1,600.39,3,1,3,313,Needs Attention
12421.0,16,4,807.04,4,4,3,443,Champions
12422.0,96,3,803.5600000000001,2,3,3,233,At Risk / Churning
12423.0,1,8,1859.31,5,5,4,554,Champions
12424.0,163,2,1760.96,2,2,4,224,Lost
12425.0,78,1,777.2,2,1,3,213,Lost
12426.0,195,1,582.73,1,1,3,113,Lost
12427.0,22,3,825.8,4,3,3,433,Loyal Customers
12428.0,26,9,7956.46,4,5,5,455,Champions
12429.0,9,4,3750.4,5,4,5,545,Champions
12430.0,43,1,256.4,3,1,2,312,Needs Attention
12431.0,36,15,6487.45,3,5,5,355,Loyal Customers
12432.0,43,5,5059.32,3,4,5,345,Loyal Customers
12433.0,1,7,13375.87,5,5,5,555,Champions
12434.0,85,2,806.14,2,2,3,223,Lost
12435.0,80,2,7829.89,2,2,5,225,Lost
12436.0,100,1,509.01,2,1,3,213,Lost
12437.0,2,18,4951.41,5,5,5,555,Champions
12438.0,14,2,2906.85,4,2,5,425,New/Promising
12441.0,367,1,173.55,1,1,1,111,Lost
12442.0,3,1,172.06,5,1,1,511,New/Promising
12444.0,21,5,5005.46,4,4,5,445,Champions
12445.0,22,1,133.4,4,1,1,411,New/Promising
12446.0,58,1,1002.3100000000001,3,1,4,314,Needs Attention
12447.0,243,1,476.49,1,1,2,112,Lost
12448.0,44,1,449.45,3,1,2,312,Needs Attention
12449.0,22,4,4067.29,4,4,5,445,Champions
12450.0,156,2,197.88,2,2,1,221,Lost
12451.0,11,5,9035.52,5,4,5,545,Champions
12452.0,17,2,430.57,4,2,2,422,New/Promising
12453.0,134,1,707.09,2,1,3,213,Lost
12454.0,56,1,3528.34,3,1,5,315,Needs Attention
12455.0,73,6,2466.86,2,4,5,245,At Risk / Churning
12456.0,44,3,3181.04,3,3,5,335,Loyal Customers
12457.0,66,7,2363.23,3,5,5,355,Loyal Customers
12458.0,71,2,947.4,3,2,4,324,Needs Attention
12461.0,94,2,826.88,2,2,3,223,Lost
12462.0,19,2,1189.59,4,2,4,424,New/Promising
12463.0,53,4,1344.78,3,4,4,344,Loyal Customers
12464.0,10,8,1212.05,5,5,4,554,Champions
12465.0,17,2,742.1899999999999,4,2,3,423,New/Promising
12468.0,188,2,729.5400000000001,1,2,3,123,Lost
12471.0,2,30,19824.05,5,5,5,555,Champions
12472.0,32,7,6572.11,4,5,5,455,Champions
12473.0,29,5,3938.5499999999997,4,4,5,445,Champions
12474.0,17,18,7375.79,4,5,5,455,Champions
12475.0,54,1,723.38,3,1,3,313,Needs Attention
12476.0,16,11,6816.42,4,5,5,455,Champions
12477.0,23,6,13219.74,4,4,5,445,Champions
12478.0,4,1,680.99,5,1,3,513,New/Promising
12479.0,11,1,527.2,5,1,3,513,New/Promising
12480.0,28,4,3281.63,4,4,5,445,Champions
12481.0,23,10,5596.32,4,5,5,455,Champions
12483.0,17,8,2484.98,4,5,5,455,Champions
12484.0,33,6,4541.72,4,4,5,445,Champions
12488.0,10,3,1298.66,5,3,4,534,Loyal Customers
12489.0,336,1,334.93,1,1,2,112,Lost
12490.0,5,10,5417.93,5,5,5,555,Champions
12491.0,39,1,460.40000000000003,3,1,2,312,Needs Attention
12492.0,63,2,263.21000000000004,3,2,2,322,Needs Attention
12493.0,166,2,433.74,2,2,2,222,Lost
12494.0,16,7,1246.1000000000001,4,5,4,454,Champions
12497.0,82,1,1043.1,2,1,4,214,Lost
12498.0,21,3,403.70000000000005,4,3,2,432,Loyal Customers
12500.0,23,11,4257.82,4,5,5,455,Champions
12501.0,337,1,2169.39,1,1,5,115,Lost
12502.0,96,5,3723.87,2,4,5,245,At Risk / Churning
12504.0,18,2,482.04999999999995,4,2,2,422,New/Promising
12506.0,233,1,73.5,1,1,1,111,Lost
12507.0,134,3,1304.81,2,3,4,234,At Risk / Churning
12508.0,26,2,398.27,4,2,2,422,New/Promising
12509.0,284,1,176.5,1,1,1,111,Lost
12510.0,143,2,982.5699999999999,2,2,4,224,Lost
12512.0,66,2,138.03,3,2,1,321,Needs Attention
12513.0,113,1,612.29,2,1,3,213,Lost
12514.0,267,1,1017.68,1,1,4,114,Lost
12515.0,353,1,383.7,1,1,2,112,Lost
12516.0,78,2,1312.06,2,2,4,224,Lost
12517.0,28,5,2502.84,4,4,5,445,Champions
12518.0,1,5,2056.89,5,4,4,544,Champions
12519.0,64,1,340.84,3,1,2,312,Needs Attention
12520.0,79,5,2634.26,2,4,5,245,At Risk / Churning
12521.0,143,1,599.68,2,1,3,213,Lost
12522.0,39,2,192.72,3,2,1,321,Needs Attention
12523.0,19,11,1789.77,4,5,4,454,Champions
12524.0,9,8,4485.72,5,5,5,555,Champions
12526.0,1,3,1316.66,5,3,4,534,Loyal Customers
12527.0,82,3,348.71000000000004,2,3,2,232,At Risk / Churning
12528.0,9,6,1933.48,5,5,4,554,Champions
12530.0,60,4,1662.28,3,4,4,344,Loyal Customers
12531.0,15,1,125.22,4,1,1,411,New/Promising
12532.0,30,1,349.83000000000004,4,1,2,412,New/Promising
12534.0,131,1,1089.18,2,1,4,214,Lost
12535.0,92,2,716.35,2,2,3,223,Lost
12536.0,43,3,12601.830000000002,3,3,5,335,Loyal Customers
12538.0,29,1,363.95,4,1,2,412,New/Promising
12539.0,22,4,5568.35,4,4,5,445,Champions
12540.0,20,17,13400.24,4,5,5,455,Champions
12541.0,30,3,981.18,4,3,4,434,Loyal Customers
12544.0,36,1,372.7,3,1,2,312,Needs Attention
12545.0,75,2,1000.39,2,2,4,224,Lost
12546.0,47,2,1161.5,3,2,4,324,Needs Attention
12547.0,198,2,207.79999999999998,1,2,1,121,Lost
12548.0,166,1,95.19999999999999,2,1,1,211,Lost
12550.0,79,1,964.83,2,1,4,214,Lost
12551.0,358,1,168.0,1,1,1,111,Lost
12552.0,39,2,437.82,3,2,2,322,Needs Attention
12553.0,8,10,3692.28,5,5,5,555,Champions
12556.0,50,2,603.71,3,2,3,323,Needs Attention
12557.0,16,5,11990.960000000001,4,4,5,445,Champions
12558.0,8,1,269.96,5,1,2,512,New/Promising
12559.0,311,2,561.71,1,2,3,123,Lost
12560.0,5,3,2134.01,5,3,5,535,Loyal Customers
12561.0,303,1,238.85,1,1,1,111,Lost
12562.0,8,7,3781.7400000000002,5,5,5,555,Champions
12564.0,261,1,456.9,1,1,2,112,Lost
12565.0,289,1,145.92,1,1,1,111,Lost
12566.0,86,1,351.65,2,1,2,212,Lost
12567.0,23,10,9401.28,4,5,5,455,Champions
12569.0,2,32,4124.69,5,5,5,555,Champions
12571.0,40,2,519.61,3,2,3,323,Needs Attention
12572.0,9,2,1020.42,5,2,4,524,New/Promising
12573.0,227,1,160.54000000000002,1,1,1,111,Lost
12574.0,316,1,218.45,1,1,1,111,Lost
12576.0,36,5,1315.83,3,4,4,344,Loyal Customers
12577.0,35,3,657.8,3,3,3,333,Loyal Customers
12578.0,21,2,2794.51,4,2,5,425,New/Promising
12579.0,78,1,440.42,2,1,2,212,Lost
12580.0,247,1,415.7,1,1,2,112,Lost
12581.0,40,1,197.71,3,1,1,311,Needs Attention
12582.0,239,2,511.36,1,2,3,123,Lost
12583.0,3,15,7281.38,5,5,5,555,Champions
12584.0,4,9,2338.15,5,5,5,555,Champions
12585.0,234,2,2040.1,1,2,4,124,Lost
12586.0,17,1,196.94000000000003,4,1,1,411,New/Promising
12587.0,8,1,144.0,5,1,1,511,New/Promising
12588.0,39,1,214.89999999999998,3,1,1,311,Needs Attention
12589.0,29,2,646.68,4,2,3,423,New/Promising
12590.0,211,2,9864.26,1,2,5,125,Lost
12591.0,317,1,452.84999999999997,1,1,2,112,Lost
12592.0,92,2,437.6,2,2,2,222,Lost
12593.0,109,3,418.09999999999997,2,3,2,232,At Risk / Churning
12594.0,38,10,3338.2200000000003,3,5,5,355,Loyal Customers
12596.0,51,2,618.27,3,2,3,323,Needs Attention
12597.0,19,4,3811.22,4,4,5,445,Champions
12598.0,10,8,3023.08,5,5,5,555,Champions
12599.0,29,7,1032.58,4,5,4,454,Champions
12600.0,29,10,2599.04,4,5,5,455,Champions
12601.0,190,5,577.0600000000001,1,4,3,143,At Risk / Churning
12602.0,59,1,153.12,3,1,1,311,Needs Attention
12603.0,22,1,739.1999999999999,4,1,3,413,New/Promising
12604.0,79,2,254.18,2,2,2,222,Lost
12607.0,60,1,1579.51,3,1,4,314,Needs Attention
12609.0,78,3,1126.85,2,3,4,234,At Risk / Churning
12610.0,23,5,2099.54,4,4,5,445,Champions
12611.0,52,1,1193.32,3,1,4,314,Needs Attention
12612.0,74,1,704.0400000000001,2,1,3,213,Lost
12613.0,57,5,3344.38,3,4,5,345,Loyal Customers
12614.0,278,1,315.6,1,1,2,112,Lost
12615.0,2,4,2291.19,5,4,5,545,Champions
12616.0,95,2,713.3,2,2,3,223,Lost
12617.0,29,1,355.53,4,1,2,412,New/Promising
12618.0,22,1,177.31,4,1,1,411,New/Promising
12619.0,16,9,3641.24,4,5,5,455,Champions
12620.0,15,3,1339.41,4,3,4,434,Loyal Customers
12621.0,2,20,13689.67,5,5,5,555,Champions
12622.0,232,1,180.1,1,1,1,111,Lost
12623.0,276,1,305.1,1,1,2,112,Lost
12624.0,106,2,641.13,2,2,3,223,Lost
12625.0,212,2,2683.82,1,2,5,125,Lost
12626.0,23,9,6620.48,4,5,5,455,Champions
12627.0,11,7,4478.53,5,5,5,555,Champions
12628.0,4,3,786.46,5,3,3,533,Loyal Customers
12630.0,10,2,1270.88,5,2,4,524,New/Promising
12631.0,57,1,640.5,3,1,3,313,Needs Attention
12633.0,59,4,2163.98,3,4,5,345,Loyal Customers
12635.0,90,2,1689.18,2,2,4,224,Lost
12637.0,67,8,6021.9,3,5,5,355,Loyal Customers
12638.0,33,1,671.69,4,1,3,413,New/Promising
12639.0,239,1,486.1,1,1,2,112,Lost
12640.0,24,3,1174.58,4,3,4,434,Loyal Customers
12641.0,115,1,185.9,2,1,1,211,Lost
12642.0,25,3,1013.26,4,3,4,434,Loyal Customers
12643.0,128,6,3344.64,2,5,5,255,At Risk / Churning
12644.0,130,1,477.91,2,1,2,212,Lost
12645.0,34,4,1775.18,3,4,4,344,Loyal Customers
12646.0,5,2,1346.97,5,2,4,524,New/Promising
12647.0,22,12,3722.82,4,5,5,455,Champions
12648.0,155,1,318.05,2,1,2,212,Lost
12649.0,107,3,623.51,2,3,3,233,At Risk / Churning
12650.0,3,1,314.44,5,1,2,512,New/Promising
12651.0,335,1,114.0,1,1,1,111,Lost
12652.0,331,1,919.98,1,1,3,113,Lost
12653.0,149,2,2209.85,2,2,5,225,Lost
12654.0,11,5,601.98,5,4,3,543,Champions
12656.0,17,5,4051.17,4,4,5,445,Champions
12657.0,11,4,1643.18,5,4,4,544,Champions
12658.0,19,1,686.05,4,1,3,413,New/Promising
12659.0,30,1,91.68,4,1,1,411,New/Promising
12660.0,11,1,245.1,5,1,1,511,New/Promising
12662.0,1,11,3849.78,5,5,5,555,Champions
12664.0,8,9,4881.88,5,5,5,555,Champions
12665.0,325,1,63.0,1,1,1,111,Lost
12667.0,58,1,620.13,3,1,3,313,Needs Attention
12668.0,12,4,3807.15,5,4,5,545,Champions
12669.0,151,3,2744.0299999999997,2,3,5,235,At Risk / Churning
12670.0,10,5,2996.05,5,4,5,545,Champions
12672.0,330,1,225.89999999999998,1,1,1,111,Lost
12673.0,5,2,610.52,5,2,3,523,New/Promising
12674.0,39,4,1970.6,3,4,4,344,Loyal Customers
12676.0,25,6,1331.39,4,5,4,454,Champions
12678.0,42,12,17628.46,3,5,5,355,Loyal Customers
12679.0,59,4,1113.02,3,4,4,344,Loyal Customers
12680.0,1,4,862.81,5,4,3,543,Champions
12681.0,15,22,13787.54,4,5,5,455,Champions
12682.0,4,31,12288.22,5,5,5,555,Champions
12683.0,4,15,8476.57,5,5,5,555,Champions
12684.0,8,7,2283.63,5,5,5,555,Champions
12685.0,28,6,2863.08,4,5,5,455,Champions
12686.0,372,1,89.14,1,1,1,111,Lost
12688.0,114,1,4873.8099999999995,2,1,5,215,Lost
12689.0,26,2,1247.61,4,2,4,424,New/Promising
12690.0,206,1,389.01,1,1,2,112,Lost
12691.0,28,6,1035.8,4,5,4,454,Champions
12693.0,127,4,855.91,2,4,3,243,At Risk / Churning
12694.0,70,2,869.67,3,2,3,323,Needs Attention
12695.0,7,4,582.1,5,4,3,543,Champions
12697.0,29,3,957.59,4,3,4,434,Loyal Customers
12700.0,8,4,4939.99,5,4,5,545,Champions
12701.0,80,2,797.71,2,2,3,223,Lost
12702.0,20,1,219.0,4,1,1,411,New/Promising
12703.0,71,1,283.55,3,1,2,312,Needs Attention
12704.0,7,8,2340.84,5,5,5,555,Champions
12705.0,15,9,6868.29,4,5,5,455,Champions
12707.0,292,1,603.42,1,1,3,113,Lost
12708.0,30,10,2712.91,4,5,5,455,Champions
12709.0,15,15,9736.52,4,5,5,455,Champions
12710.0,97,3,1149.02,2,3,4,234,At Risk / Churning
12712.0,29,13,4396.13,4,5,5,455,Champions
12713.0,1,1,848.55,5,1,3,513,New/Promising
12714.0,9,5,4708.86,5,4,5,545,Champions
12715.0,106,1,353.86,2,1,2,212,Lost
12716.0,4,2,1053.49,5,2,4,524,New/Promising
12717.0,151,2,1030.98,2,2,4,224,Lost
12718.0,71,1,238.25,3,1,1,311,Needs Attention
12719.0,5,2,644.95,5,2,3,523,New/Promising
12720.0,3,25,5781.73,5,5,5,555,Champions
12721.0,32,6,2656.13,4,5,5,455,Champions
12722.0,85,4,997.63,2,4,4,244,At Risk / Churning
12723.0,4,5,725.07,5,4,3,543,Champions
12724.0,5,4,1031.41,5,4,4,544,Champions
12725.0,371,1,427.8,1,1,2,112,Lost
12726.0,28,7,2609.1,4,5,5,455,Champions
12727.0,11,7,3980.7,5,5,5,555,Champions
12728.0,71,4,836.33,3,4,3,343,Loyal Customers
12729.0,114,1,453.01,2,1,2,212,Lost
12731.0,24,12,18895.91,4,5,5,455,Champions
12732.0,180,1,236.26000000000002,1,1,1,111,Lost
12733.0,234,1,383.95,1,1,2,112,Lost
12734.0,353,1,110.39999999999999,1,1,1,111,Lost
12735.0,315,2,779.5699999999999,1,2,3,123,Lost
12736.0,333,1,234.0,1,1,1,111,Lost
12738.0,372,1,155.35,1,1,1,111,Lost
12739.0,78,2,1013.04,2,2,4,224,Lost
12740.0,64,1,427.6,3,1,2,312,Needs Attention
12743.0,134,2,546.43,2,2,3,223,Lost
12744.0,52,7,21279.29,3,5,5,355,Loyal Customers
12747.0,2,11,4196.01,5,5,5,555,Champions
12748.0,1,210,33719.73,5,5,5,555,Champions
12749.0,4,5,4090.88,5,4,5,545,Champions
12750.0,129,1,275.88,2,1,2,212,Lost
12752.0,81,1,4366.78,2,1,5,215,Lost
12753.0,23,6,21429.39,4,5,5,455,Champions
12754.0,236,3,3010.74,1,3,5,135,At Risk / Churning
12755.0,281,2,3811.95,1,2,5,125,Lost
12756.0,87,1,112.07999999999998,2,1,1,211,Lost
12757.0,16,13,7857.1,4,5,5,455,Champions
12758.0,117,2,2791.59,2,2,5,225,Lost
12759.0,52,3,1531.44,3,3,4,334,Loyal Customers
12762.0,8,2,1898.52,5,2,4,524,New/Promising
12763.0,138,2,494.08,2,2,3,223,Lost
12764.0,317,1,1693.88,1,1,4,114,Lost
12766.0,4,7,6989.63,5,5,5,555,Champions
12769.0,239,1,1143.6,1,1,4,114,Lost
12770.0,211,1,1351.45,1,1,4,114,Lost
12772.0,60,1,892.47,3,1,3,313,Needs Attention
12775.0,17,5,1386.04,4,4,4,444,Champions
12778.0,20,6,822.23,4,5,3,453,Champions
12779.0,38,8,3981.36,3,5,5,355,Loyal Customers
12781.0,64,2,826.74,3,2,3,323,Needs Attention
12782.0,5,5,2330.92,5,4,5,545,Champions
12783.0,2,6,2225.91,5,5,5,555,Champions
12784.0,9,2,574.42,5,2,3,523,New/Promising
12785.0,364,1,311.95,1,1,2,112,Lost
12787.0,10,3,463.66,5,3,2,532,Loyal Customers
12789.0,65,1,91.85,3,1,1,311,Needs Attention
12790.0,192,1,324.92,1,1,2,112,Lost
12791.0,374,1,192.60000000000002,1,1,1,111,Lost
12792.0,257,1,400.53999999999996,1,1,2,112,Lost
12793.0,335,2,545.48,1,2,3,123,Lost
12794.0,53,2,860.41,3,2,3,323,Needs Attention
12795.0,19,1,430.48,4,1,2,412,New/Promising
12797.0,366,1,254.03,1,1,2,112,Lost
12798.0,10,3,6977.04,5,3,5,535,Loyal Customers
12802.0,187,1,427.58,1,1,2,112,Lost
12808.0,37,3,483.65000000000003,3,3,2,332,Loyal Customers
12809.0,178,1,489.31,2,1,2,212,Lost
12811.0,261,3,514.85,1,3,3,133,At Risk / Churning
12812.0,45,1,229.64000000000001,3,1,1,311,Needs Attention
12814.0,102,1,125.92,2,1,1,211,Lost
12815.0,148,2,1063.46,2,2,4,224,Lost
12816.0,96,2,572.2,2,2,3,223,Lost
12817.0,281,1,166.04,1,1,1,111,Lost
12818.0,262,1,1542.08,1,1,4,114,Lost
12820.0,3,4,942.34,5,4,4,544,Champions
12821.0,214,1,92.72,1,1,1,111,Lost
12822.0,71,2,948.88,3,2,4,324,Needs Attention
12823.0,75,5,1759.5,2,4,4,244,At Risk / Churning
12824.0,60,1,397.12,3,1,2,312,Needs Attention
12826.0,3,7,1474.72,5,5,4,554,Champions
12827.0,6,3,430.15000000000003,5,3,2,532,Loyal Customers
12828.0,3,6,1018.71,5,5,4,554,Champions
12829.0,337,2,293.0,1,2,2,122,Lost
12830.0,38,6,6814.64,3,5,5,355,Loyal Customers
12831.0,262,1,215.05,1,1,1,111,Lost
12832.0,32,2,383.03,4,2,2,422,New/Promising
12833.0,145,1,417.38,2,1,2,212,Lost
12834.0,283,1,312.38,1,1,2,112,Lost
12836.0,59,4,2612.86,3,4,5,345,Loyal Customers
12837.0,173,1,134.1,2,1,1,211,Lost
12838.0,34,2,683.13,3,2,3,323,Needs Attention
12839.0,3,14,5591.42,5,5,5,555,Champions
12840.0,144,4,2726.77,2,4,5,245,At Risk / Churning
12841.0,5,25,4022.35,5,5,5,555,Champions
12842.0,70,2,1118.99,3,2,4,324,Needs Attention
12843.0,66,8,1702.26,3,5,4,354,Loyal Customers
12844.0,29,2,325.96000000000004,4,2,2,422,New/Promising
12845.0,267,4,354.09,1,4,2,142,At Risk / Churning
12847.0,22,1,871.54,4,1,3,413,New/Promising
12849.0,31,2,1050.8899999999999,4,2,4,424,New/Promising
12851.0,97,1,135.18,2,1,1,211,Lost
12852.0,295,1,311.55,1,1,2,112,Lost
12853.0,135,6,1957.1000000000001,2,5,4,254,At Risk / Churning
12854.0,79,3,1324.5,2,3,4,234,At Risk / Churning
12855.0,373,1,38.1,1,1,1,111,Lost
12856.0,8,6,2179.93,5,5,5,555,Champions
12857.0,211,2,1106.4,1,2,4,124,Lost
12863.0,52,1,521.2,3,1,3,313,Needs Attention
12864.0,138,1,147.12,2,1,1,211,Lost
12865.0,26,2,1568.23,4,2,4,424,New/Promising
12866.0,283,1,559.12,1,1,3,113,Lost
12867.0,26,7,4036.82,4,5,5,455,Champions
12868.0,186,6,1607.0600000000002,1,5,4,154,At Risk / Churning
12871.0,84,2,380.64,2,2,2,222,Lost
12872.0,327,2,599.97,1,2,3,123,Lost
12873.0,282,1,374.0,1,1,2,112,Lost
12875.0,143,2,343.2300000000001,2,2,2,222,Lost
12876.0,58,2,2218.02,3,2,5,325,Needs Attention
12877.0,4,12,1535.77,5,5,4,554,Champions
12878.0,236,2,854.99,1,2,3,123,Lost
12879.0,45,3,573.22,3,3,3,333,Loyal Customers
12881.0,276,1,298.0,1,1,2,112,Lost
12882.0,9,2,1463.04,5,2,4,524,New/Promising
12883.0,25,4,703.47,4,4,3,443,Champions
12884.0,88,1,309.05,2,1,2,212,Lost
12885.0,63,3,1175.22,3,3,4,334,Loyal Customers
12886.0,68,2,1378.4,3,2,4,324,Needs Attention
12888.0,214,2,354.12,1,2,2,122,Lost
12890.0,24,1,380.46999999999997,4,1,2,412,New/Promising
12891.0,186,3,331.0,1,3,2,132,At Risk / Churning
12893.0,31,1,188.14,4,1,1,411,New/Promising
12895.0,42,2,372.8,3,2,2,322,Needs Attention
12897.0,205,2,216.5,1,2,1,121,Lost
12901.0,9,28,17654.54,5,5,5,555,Champions
12902.0,265,1,138.68,1,1,1,111,Lost
12904.0,18,2,509.58,4,2,3,423,New/Promising
12906.0,12,5,2919.81,5,4,5,545,Champions
12908.0,176,2,750.0,2,2,3,223,Lost
12909.0,40,5,2178.67,3,4,5,345,Loyal Customers
12910.0,23,8,3075.04,4,5,5,455,Champions
12912.0,3,5,1662.3,5,4,4,544,Champions
12913.0,5,5,2483.63,5,4,5,545,Champions
12915.0,149,2,363.65,2,2,2,222,Lost
12916.0,139,4,3006.15,2,4,5,245,At Risk / Churning
12917.0,128,1,594.0,2,1,3,213,Lost
12919.0,8,6,1335.19,5,5,4,554,Champions
12920.0,17,1,164.23,4,1,1,411,New/Promising
12921.0,9,37,16587.09,5,5,5,555,Champions
12922.0,161,1,405.38,2,1,2,212,Lost
12923.0,64,1,176.97,3,1,1,311,Needs Attention
12924.0,88,4,933.7,2,4,3,243,At Risk / Churning
12925.0,5,2,694.05,5,2,3,523,New/Promising
12928.0,35,5,2062.7000000000003,3,4,5,345,Loyal Customers
12929.0,312,1,117.85,1,1,1,111,Lost
12930.0,78,2,415.8,2,2,2,222,Lost
12931.0,22,15,42055.96,4,5,5,455,Champions
12933.0,24,3,607.53,4,3,3,433,Loyal Customers
12935.0,2,7,2160.7,5,5,5,555,Champions
12936.0,17,4,1063.9,4,4,4,444,Champions
12937.0,15,4,1504.27,4,4,4,444,Champions
12938.0,26,1,114.14,4,1,1,411,New/Promising
12939.0,64,8,11581.8,3,5,5,355,Loyal Customers
12940.0,55,2,913.54,3,2,3,323,Needs Attention
12942.0,131,3,683.9,2,3,3,233,At Risk / Churning
12944.0,36,2,604.51,3,2,3,323,Needs Attention
12945.0,288,1,462.95,1,1,2,112,Lost
12947.0,144,6,1603.99,2,5,4,254,At Risk / Churning
12948.0,16,7,2064.95,4,5,5,455,Champions
12949.0,31,8,4167.22,4,5,5,455,Champions
12950.0,2,3,1843.0,5,3,4,534,Loyal Customers
12951.0,9,6,1064.07,5,5,4,554,Champions
12952.0,6,4,1387.79,5,4,4,544,Champions
12953.0,10,1,329.85,5,1,2,512,New/Promising
12955.0,1,11,4757.16,5,5,5,555,Champions
12956.0,306,1,108.07,1,1,1,111,Lost
12957.0,10,8,4017.54,5,5,5,555,Champions
12962.0,7,2,266.39,5,2,2,522,New/Promising
12963.0,8,8,1856.63,5,5,4,554,Champions
12965.0,89,1,771.91,2,1,3,213,Lost
12966.0,10,1,160.18,5,1,1,511,New/Promising
12967.0,358,2,1660.9,1,2,4,124,Lost
12968.0,112,1,135.95,2,1,1,211,Lost
12970.0,7,4,452.24,5,4,2,542,Champions
12971.0,4,86,11189.91,5,5,5,555,Champions
12974.0,198,1,144.8,1,1,1,111,Lost
12976.0,212,1,738.6,1,1,3,113,Lost
12977.0,156,1,39.239999999999995,2,1,1,211,Lost
12980.0,158,9,7374.900000000001,2,5,5,255,At Risk / Churning
12981.0,30,2,372.21999999999997,4,2,2,422,New/Promising
12982.0,243,1,390.54,1,1,2,112,Lost
12984.0,19,1,97.5,4,1,1,411,New/Promising
12985.0,1,2,1239.38,5,2,4,524,New/Promising
12987.0,74,2,558.7,2,2,3,223,Lost
12988.0,292,1,535.32,1,1,3,113,Lost
12989.0,3,15,6924.110000000001,5,5,5,555,Champions
12990.0,31,3,409.5,4,3,2,432,Loyal Customers
12991.0,23,2,503.76,4,2,3,423,New/Promising
12993.0,23,4,414.76,4,4,2,442,Champions
12994.0,4,3,974.4200000000001,5,3,4,534,Loyal Customers
12995.0,85,1,211.32,2,1,1,211,Lost
12997.0,22,4,1226.89,4,4,4,444,Champions
12999.0,196,3,455.88,1,3,2,132,At Risk / Churning
13000.0,107,3,534.85,2,3,3,233,At Risk / Churning
13001.0,4,13,9818.82,5,5,5,555,Champions
13002.0,318,1,120.94999999999999,1,1,1,111,Lost
13003.0,106,3,149.05,2,3,1,231,At Risk / Churning
13004.0,12,18,5655.91,5,5,5,555,Champions
13005.0,174,2,513.7,2,2,3,223,Lost
13006.0,56,1,81.57,3,1,1,311,Needs Attention
13008.0,323,1,229.46999999999997,1,1,1,111,Lost
13011.0,372,1,50.550000000000004,1,1,1,111,Lost
13012.0,9,8,1661.8400000000001,5,5,4,554,Champions
13013.0,1,13,4810.9400000000005,5,5,5,555,Champions
13014.0,11,10,3466.2799999999997,5,5,5,555,Champions
13015.0,53,5,3346.28,3,4,5,345,Loyal Customers
13016.0,73,3,789.89,2,3,3,233,At Risk / Churning
13017.0,7,1,204.0,5,1,1,511,New/Promising
13018.0,16,28,7277.7,4,5,5,455,Champions
13021.0,4,9,2616.38,5,5,5,555,Champions
13023.0,64,2,689.9,3,2,3,323,Needs Attention
13026.0,1,5,975.36,5,4,4,544,Champions
13027.0,114,6,6912.0,2,5,5,255,At Risk / Churning
13028.0,23,2,661.3199999999999,4,2,3,423,New/Promising
13029.0,31,3,1247.5,4,3,4,434,Loyal Customers
13030.0,11,2,799.48,5,2,3,523,New/Promising
13032.0,52,2,1010.18,3,2,4,324,Needs Attention
13033.0,357,1,190.55,1,1,1,111,Lost
13034.0,55,2,642.77,3,2,3,323,Needs Attention
13035.0,74,2,921.88,2,2,3,223,Lost
13037.0,138,3,881.07,2,3,3,233,At Risk / Churning
13038.0,80,3,908.46,2,3,3,233,At Risk / Churning
13040.0,9,2,676.99,5,2,3,523,New/Promising
13043.0,273,1,516.42,1,1,3,113,Lost
13044.0,291,1,560.47,1,1,3,113,Lost
13045.0,99,1,305.28000000000003,2,1,2,212,Lost
13046.0,31,2,629.31,4,2,3,423,New/Promising
13047.0,32,10,3237.54,4,5,5,455,Champions
13048.0,14,4,1835.91,4,4,4,444,Champions
13049.0,64,2,656.6800000000001,3,2,3,323,Needs Attention
13050.0,15,17,5836.86,4,5,5,455,Champions
13052.0,212,1,348.15000000000003,1,1,2,112,Lost
13055.0,78,3,1214.41,2,3,4,234,At Risk / Churning
13058.0,25,3,271.40000000000003,4,3,2,432,Loyal Customers
13059.0,250,1,183.4,1,1,1,111,Lost
13060.0,254,1,307.53,1,1,2,112,Lost
13061.0,72,1,248.61,3,1,1,311,Needs Attention
13062.0,191,1,346.98,1,1,2,112,Lost
13064.0,13,4,1119.49,5,4,4,544,Champions
13065.0,373,1,205.86,1,1,1,111,Lost
13066.0,24,2,470.8,4,2,2,422,New/Promising
13067.0,82,1,115.46000000000001,2,1,1,211,Lost
13068.0,10,2,344.0,5,2,2,522,New/Promising
13069.0,1,24,4436.12,5,5,5,555,Champions
13070.0,192,1,228.8,1,1,1,111,Lost
13072.0,267,1,177.15,1,1,1,111,Lost
13075.0,130,1,919.61,2,1,3,213,Lost
13077.0,1,4,729.27,5,4,3,543,Champions
13078.0,3,26,12627.94,5,5,5,555,Champions
13079.0,4,5,220.10000000000002,5,4,1,541,Champions
13080.0,179,1,58.08,2,1,1,211,Lost
13081.0,12,11,28337.38,5,5,5,555,Champions
13082.0,126,9,3613.63,2,5,5,255,At Risk / Churning
13083.0,4,2,303.75,5,2,2,522,New/Promising
13085.0,158,2,416.08000000000004,2,2,2,222,Lost
13089.0,3,97,58825.83,5,5,5,555,Champions
13090.0,9,14,8910.82,5,5,5,555,Champions
13091.0,28,1,345.82,4,1,2,412,New/Promising
13092.0,71,5,477.83,3,4,2,342,Loyal Customers
13093.0,276,8,7832.47,1,5,5,155,At Risk / Churning
13094.0,21,12,1927.3200000000002,4,5,4,454,Champions
13095.0,71,1,74.39999999999999,3,1,1,311,Needs Attention
13097.0,33,10,6010.42,4,5,5,455,Champions
13098.0,1,28,28882.44,5,5,5,555,Champions
13099.0,99,1,207.35999999999999,2,1,1,211,Lost
13101.0,234,1,101.19,1,1,1,111,Lost
13102.0,1,24,6424.09,5,5,5,555,Champions
13103.0,40,1,243.94,3,1,1,311,Needs Attention
13104.0,3,6,1098.48,5,5,4,554,Champions
13106.0,133,1,76.5,2,1,1,211,Lost
13107.0,44,4,1531.6200000000001,3,4,4,344,Loyal Customers
13108.0,373,1,350.06,1,1,2,112,Lost
13109.0,60,2,786.54,3,2,3,323,Needs Attention
13110.0,31,7,1488.67,4,5,4,454,Champions
13113.0,1,24,12245.960000000001,5,5,5,555,Champions
13115.0,12,4,2294.78,5,4,5,545,Champions
13116.0,138,1,501.14,2,1,3,213,Lost
13117.0,22,8,984.91,4,5,4,454,Champions
13118.0,20,5,1197.81,4,4,4,444,Champions
13120.0,239,1,30.599999999999998,1,1,1,111,Lost
13121.0,269,1,283.73,1,1,2,112,Lost
13122.0,94,2,922.39,2,2,3,223,Lost
13124.0,90,3,3866.33,2,3,5,235,At Risk / Churning
13126.0,5,8,2099.64,5,5,5,555,Champions
13127.0,78,1,259.17,2,1,2,212,Lost
13130.0,94,1,64.0,2,1,1,211,Lost
13131.0,23,3,1073.3,4,3,4,434,Loyal Customers
13132.0,262,1,77.3,1,1,1,111,Lost
13133.0,274,2,109.8,1,2,1,121,Lost
13134.0,86,4,1793.58,2,4,4,244,At Risk / Churning
13135.0,197,1,3096.0,1,1,5,115,Lost
13136.0,56,5,2607.61,3,4,5,345,Loyal Customers
13137.0,11,8,3650.41,5,5,5,555,Champions
13138.0,22,6,962.39,4,5,4,454,Champions
13139.0,16,7,5064.94,4,5,5,455,Champions
13140.0,108,3,423.72,2,3,2,232,At Risk / Churning
13141.0,85,5,2388.75,2,4,5,245,At Risk / Churning
13142.0,19,1,307.09,4,1,2,412,New/Promising
13144.0,333,1,110.95,1,1,1,111,Lost
13145.0,40,4,618.52,3,4,3,343,Loyal Customers
13146.0,26,1,228.91,4,1,1,411,New/Promising
13147.0,10,4,712.8000000000001,5,4,3,543,Champions
13148.0,29,12,3707.12,4,5,5,455,Champions
13149.0,14,4,1676.06,4,4,4,444,Champions
13151.0,296,1,1257.8700000000001,1,1,4,114,Lost
13153.0,6,1,486.22,5,1,2,512,New/Promising
13155.0,33,4,971.76,4,4,4,444,Champions
13157.0,49,4,1741.22,3,4,4,344,Loyal Customers
13158.0,95,4,1201.06,2,4,4,244,At Risk / Churning
13159.0,9,4,1437.85,5,4,4,544,Champions
13160.0,22,1,91.8,4,1,1,411,New/Promising
13161.0,313,1,112.75,1,1,1,111,Lost
13162.0,122,4,1688.29,2,4,4,244,At Risk / Churning
13165.0,46,2,1021.48,3,2,4,324,Needs Attention
13166.0,283,1,417.2,1,1,2,112,Lost
13167.0,19,4,791.33,4,4,3,443,Champions
13168.0,36,4,1319.19,3,4,4,344,Loyal Customers
13169.0,64,2,712.88,3,2,3,323,Needs Attention
13170.0,27,1,116.00999999999999,4,1,1,411,New/Promising
13171.0,22,3,468.41,4,3,2,432,Loyal Customers
13173.0,4,2,353.65,5,2,2,522,New/Promising
13174.0,16,3,2817.03,4,3,5,435,Loyal Customers
13176.0,46,1,492.84,3,1,3,313,Needs Attention
13177.0,65,1,282.45,3,1,2,312,Needs Attention
13178.0,26,11,5725.47,4,5,5,455,Champions
13182.0,45,1,121.18,3,1,1,311,Needs Attention
13183.0,8,9,3957.78,5,5,5,555,Champions
13184.0,15,10,1701.29,4,5,4,454,Champions
13185.0,268,1,71.4,1,1,1,111,Lost
13186.0,40,3,1575.89,3,3,4,334,Loyal Customers
13187.0,337,1,236.02,1,1,1,111,Lost
13188.0,11,1,114.60000000000001,5,1,1,511,New/Promising
13189.0,19,2,260.68,4,2,2,422,New/Promising
13192.0,95,2,911.94,2,2,3,223,Lost
13193.0,61,1,117.88,3,1,1,311,Needs Attention
13194.0,136,1,60.7,2,1,1,211,Lost
13196.0,11,4,1797.78,5,4,4,544,Champions
13198.0,10,6,3401.2400000000002,5,5,5,555,Champions
13199.0,4,38,9817.12,5,5,5,555,Champions
13200.0,19,4,870.09,4,4,3,443,Champions
13203.0,10,4,869.46,5,4,3,543,Champions
13207.0,15,2,250.26000000000002,4,2,2,422,New/Promising
13208.0,59,6,1223.9,3,5,4,354,Loyal Customers
13209.0,30,8,5891.61,4,5,5,455,Champions
13210.0,94,1,353.48,2,1,2,212,Lost
13211.0,10,3,1197.42,5,3,4,534,Loyal Customers
13212.0,20,3,788.08,4,3,3,433,Loyal Customers
13213.0,57,5,1520.58,3,4,4,344,Loyal Customers
13216.0,268,1,333.74,1,1,2,112,Lost
13217.0,122,3,533.98,2,3,3,233,At Risk / Churning
13218.0,127,1,62.63999999999999,2,1,1,211,Lost
13220.0,78,4,819.2900000000001,2,4,3,243,At Risk / Churning
13221.0,240,2,847.41,1,2,3,123,Lost
13223.0,200,2,163.20000000000002,1,2,1,121,Lost
13224.0,60,2,2155.95,3,2,5,325,Needs Attention
13225.0,3,7,6463.84,5,5,5,555,Champions
13226.0,273,1,108.21000000000001,1,1,1,111,Lost
13227.0,202,1,257.7,1,1,2,112,Lost
13228.0,81,1,358.0,2,1,2,212,Lost
13229.0,226,1,160.95,1,1,1,111,Lost
13230.0,4,14,2806.97,5,5,5,555,Champions
13232.0,13,7,1357.6,5,5,4,554,Champions
13233.0,74,2,605.12,2,2,3,223,Lost
13235.0,212,1,1031.07,1,1,4,114,Lost
13236.0,25,2,744.85,4,2,3,423,New/Promising
13238.0,17,4,700.73,4,4,3,443,Champions
13239.0,262,1,329.56,1,1,2,112,Lost
13240.0,96,4,663.65,2,4,3,243,At Risk / Churning
13242.0,112,3,270.40000000000003,2,3,2,232,At Risk / Churning
13243.0,203,1,600.07,1,1,3,113,Lost
13244.0,93,1,121.74000000000001,2,1,1,211,Lost
13245.0,51,1,430.5,3,1,2,312,Needs Attention
13246.0,18,6,1987.3,4,5,4,454,Champions
13247.0,18,4,501.12,4,4,3,443,Champions
13248.0,125,2,465.68,2,2,2,222,Lost
13249.0,92,3,711.41,2,3,3,233,At Risk / Churning
13253.0,157,2,1030.4,2,2,4,224,Lost
13255.0,9,2,399.51,5,2,2,522,New/Promising
13256.0,14,1,0.0,4,1,1,411,New/Promising
13258.0,12,3,698.58,5,3,3,533,Loyal Customers
13259.0,62,1,292.32,3,1,2,312,Needs Attention
13260.0,61,1,557.62,3,1,3,313,Needs Attention
13261.0,269,2,944.1,1,2,4,124,Lost
13262.0,263,1,200.29,1,1,1,111,Lost
13263.0,1,35,7454.07,5,5,5,555,Champions
13265.0,53,5,2107.66,3,4,5,345,Loyal Customers
13266.0,11,12,3834.2599999999998,5,5,5,555,Champions
13267.0,3,19,4521.49,5,5,5,555,Champions
13268.0,18,11,3214.69,4,5,5,455,Champions
13269.0,1,15,5346.2300000000005,5,5,5,555,Champions
13270.0,366,1,590.0,1,1,3,113,Lost
13271.0,37,1,217.38,3,1,1,311,Needs Attention
13272.0,31,2,276.56,4,2,2,422,New/Promising
13273.0,113,1,138.98,2,1,1,211,Lost
13276.0,64,2,590.9300000000001,3,2,3,323,Needs Attention
13277.0,16,4,258.4,4,4,2,442,Champions
13278.0,41,1,542.73,3,1,3,313,Needs Attention
13279.0,78,1,137.75,2,1,1,211,Lost
13280.0,122,3,814.86,2,3,3,233,At Risk / Churning
13282.0,18,3,1132.14,4,3,4,434,Loyal Customers
13283.0,60,2,93.66,3,2,1,321,Needs Attention
13284.0,331,1,201.19,1,1,1,111,Lost
13285.0,23,4,2709.12,4,4,5,445,Champions
13291.0,156,1,361.11,2,1,2,212,Lost
13292.0,39,2,578.9399999999999,3,2,3,323,Needs Attention
13294.0,190,2,873.74,1,2,3,123,Lost
13295.0,360,1,201.20000000000002,1,1,1,111,Lost
13296.0,137,1,87.4,2,1,1,211,Lost
13297.0,8,4,2089.85,5,4,5,545,Champions
13298.0,1,1,360.0,5,1,2,512,New/Promising
13299.0,268,1,142.5,1,1,1,111,Lost
13300.0,169,1,371.89,2,1,2,212,Lost
13301.0,104,4,618.09,2,4,3,243,At Risk / Churning
13302.0,155,1,63.75,2,1,1,211,Lost
13304.0,351,1,300.42,1,1,2,112,Lost
13305.0,4,10,2000.86,5,5,4,554,Champions
13307.0,120,1,15.0,2,1,1,211,Lost
13308.0,23,3,1385.51,4,3,4,434,Loyal Customers
13309.0,7,5,1456.79,5,4,4,544,Champions
13310.0,28,3,1132.03,4,3,4,434,Loyal Customers
13311.0,4,2,598.57,5,2,3,523,New/Promising
13313.0,22,5,1555.32,4,4,4,444,Champions
13314.0,2,3,775.94,5,3,3,533,Loyal Customers
13316.0,37,4,5977.7300000000005,3,4,5,345,Loyal Customers
13317.0,66,6,2273.68,3,5,5,355,Loyal Customers
13318.0,1,3,640.76,5,3,3,533,Loyal Customers
13319.0,5,26,10845.550000000001,5,5,5,555,Champions
13320.0,78,4,1548.7,2,4,4,244,At Risk / Churning
13321.0,72,2,567.36,3,2,3,323,Needs Attention
13322.0,17,1,199.48000000000002,4,1,1,411,New/Promising
13323.0,3,5,787.85,5,4,3,543,Champions
13324.0,36,10,7121.95,3,5,5,355,Loyal Customers
13325.0,82,1,675.3,2,1,3,213,Lost
13327.0,39,8,3627.77,3,5,5,355,Loyal Customers
13328.0,316,1,1308.48,1,1,4,114,Lost
13329.0,32,2,789.0,4,2,3,423,New/Promising
13330.0,93,3,1140.93,2,3,4,234,At Risk / Churning
13332.0,14,1,350.9,4,1,2,412,New/Promising
13334.0,82,3,3536.82,2,3,5,235,At Risk / Churning
13336.0,77,1,795.12,2,1,3,213,Lost
13338.0,158,1,487.02,2,1,2,212,Lost
13339.0,201,1,860.12,1,1,3,113,Lost
13340.0,45,7,10736.48,3,5,5,355,Loyal Customers
13341.0,261,1,775.85,1,1,3,113,Lost
13343.0,178,1,353.43,2,1,2,212,Lost
13344.0,68,3,2543.72,3,3,5,335,Loyal Customers
13345.0,288,1,389.5,1,1,2,112,Lost
13347.0,70,1,341.36,3,1,2,312,Needs Attention
13348.0,64,1,233.76,3,1,1,311,Needs Attention
13349.0,11,1,247.32,5,1,1,511,New/Promising
13350.0,16,2,979.12,4,2,4,424,New/Promising
13351.0,66,1,373.94,3,1,2,312,Needs Attention
13352.0,60,1,397.97999999999996,3,1,2,312,Needs Attention
13354.0,71,1,743.53,3,1,3,313,Needs Attention
13355.0,122,1,674.7,2,1,3,213,Lost
13356.0,80,1,768.24,2,1,3,213,Lost
13357.0,257,1,609.95,1,1,3,113,Lost
13358.0,269,1,439.03,1,1,2,112,Lost
13359.0,64,1,439.56,3,1,2,312,Needs Attention
13362.0,9,4,3090.7400000000002,5,4,5,545,Champions
13363.0,18,2,992.5,4,2,4,424,New/Promising
13364.0,71,1,134.95999999999998,3,1,1,311,Needs Attention
13365.0,34,2,2225.37,3,2,5,325,Needs Attention
13366.0,50,1,56.160000000000004,3,1,1,311,Needs Attention
13368.0,257,2,623.4,1,2,3,123,Lost
13369.0,366,1,308.28000000000003,1,1,2,112,Lost
13370.0,372,1,754.87,1,1,3,113,Lost
13372.0,90,1,378.64,2,1,2,212,Lost
13373.0,61,3,3312.25,3,3,5,335,Loyal Customers
13375.0,89,1,778.65,2,1,3,213,Lost
13376.0,99,3,1019.76,2,3,4,234,At Risk / Churning
13379.0,26,3,572.56,4,3,3,433,Loyal Customers
13381.0,32,6,3639.31,4,5,5,455,Champions
13382.0,281,1,222.99,1,1,1,111,Lost
13384.0,31,7,4151.93,4,5,5,455,Champions
13385.0,330,1,534.57,1,1,3,113,Lost
13388.0,131,2,677.1,2,2,3,223,Lost
13389.0,11,3,797.96,5,3,3,533,Loyal Customers
13390.0,75,1,544.08,2,1,3,213,Lost
13391.0,204,1,59.8,1,1,1,111,Lost
13394.0,2,8,2520.02,5,5,5,555,Champions
13395.0,185,1,307.72,1,1,2,112,Lost
13396.0,29,2,1360.99,4,2,4,424,New/Promising
13397.0,73,5,1544.13,2,4,4,244,At Risk / Churning
13398.0,192,1,457.34,1,1,2,112,Lost
13402.0,127,2,621.23,2,2,3,223,Lost
13403.0,18,1,75.0,4,1,1,411,New/Promising
13404.0,1,2,252.49,5,2,2,522,New/Promising
13405.0,74,3,572.451,2,3,3,233,At Risk / Churning
13408.0,2,62,28117.04,5,5,5,555,Champions
13410.0,24,5,1003.06,4,4,4,444,Champions
13411.0,107,1,213.55,2,1,1,211,Lost
13414.0,134,3,1390.5,2,3,4,234,At Risk / Churning
13416.0,44,2,712.5,3,2,3,323,Needs Attention
13417.0,5,2,640.83,5,2,3,523,New/Promising
13418.0,12,18,6127.43,5,5,5,555,Champions
13419.0,64,1,221.06,3,1,1,311,Needs Attention
13420.0,150,2,159.85,2,2,1,221,Lost
13421.0,40,2,1851.08,3,2,4,324,Needs Attention
13422.0,64,1,2626.3,3,1,5,315,Needs Attention
13425.0,108,3,1624.21,2,3,4,234,At Risk / Churning
13426.0,1,10,3641.32,5,5,5,555,Champions
13427.0,19,3,582.6,4,3,3,433,Loyal Customers
13428.0,10,1,218.47,5,1,1,511,New/Promising
13429.0,11,4,1006.8,5,4,4,544,Champions
13430.0,19,2,679.45,4,2,3,423,New/Promising
13431.0,67,2,1269.1,3,2,4,324,Needs Attention
13434.0,74,2,534.24,2,2,3,223,Lost
13435.0,5,7,3809.8900000000003,5,5,5,555,Champions
13436.0,2,1,196.89,5,1,1,511,New/Promising
13437.0,14,7,3408.06,4,5,5,455,Champions
13439.0,255,1,283.71,1,1,2,112,Lost
13441.0,92,1,296.64,2,1,2,212,Lost
13447.0,23,3,1129.14,4,3,4,434,Loyal Customers
13448.0,17,6,3539.37,4,5,5,455,Champions
13449.0,24,1,291.88,4,1,2,412,New/Promising
13450.0,27,6,2043.7199999999998,4,5,4,454,Champions
13451.0,26,5,2976.15,4,4,5,445,Champions
13452.0,259,2,590.0,1,2,3,123,Lost
13453.0,166,2,356.97999999999996,2,2,2,222,Lost
13455.0,25,2,1058.34,4,2,4,424,New/Promising
13456.0,18,6,1766.72,4,5,4,454,Champions
13458.0,7,14,9646.57,5,5,5,555,Champions
13460.0,29,2,183.44,4,2,1,421,New/Promising
13461.0,39,3,1445.0,3,3,4,334,Loyal Customers
13462.0,253,1,151.5,1,1,1,111,Lost
13464.0,58,1,674.68,3,1,3,313,Needs Attention
13466.0,184,1,307.9,1,1,2,112,Lost
13467.0,11,2,1083.71,5,2,4,524,New/Promising
13468.0,2,37,5704.97,5,5,5,555,Champions
13470.0,99,2,165.0,2,2,1,221,Lost
13471.0,1,4,2531.58,5,4,5,545,Champions
13473.0,61,2,422.64,3,2,2,322,Needs Attention
13474.0,236,1,229.59,1,1,1,111,Lost
13475.0,191,4,1431.78,1,4,4,144,At Risk / Churning
13476.0,179,2,1238.47,2,2,4,224,Lost
13477.0,38,6,1454.58,3,5,4,354,Loyal Customers
13479.0,201,2,300.95,1,2,2,122,Lost
13481.0,46,5,1804.56,3,4,4,344,Loyal Customers
13482.0,232,1,184.64,1,1,1,111,Lost
13483.0,66,1,140.34,3,1,1,311,Needs Attention
13484.0,241,1,313.8,1,1,2,112,Lost
13485.0,233,1,454.24,1,1,2,112,Lost
13486.0,78,3,1122.41,2,3,4,234,At Risk / Churning
13487.0,58,3,575.4,3,3,3,333,Loyal Customers
13488.0,17,13,8968.31,4,5,5,455,Champions
13489.0,105,4,449.52,2,4,2,242,At Risk / Churning
13491.0,52,10,1215.82,3,5,4,354,Loyal Customers
13492.0,136,3,1269.84,2,3,4,234,At Risk / Churning
13493.0,275,2,618.63,1,2,3,123,Lost
13494.0,312,1,316.26000000000005,1,1,2,112,Lost
13495.0,8,5,2044.8700000000001,5,4,4,544,Champions
13496.0,11,2,653.33,5,2,3,523,New/Promising
13497.0,283,2,348.05,1,2,2,122,Lost
13499.0,18,5,1159.11,4,4,4,444,Champions
13500.0,23,3,1166.77,4,3,4,434,Loyal Customers
13501.0,288,1,1340.32,1,1,4,114,Lost
13502.0,17,3,292.0,4,3,2,432,Loyal Customers
13503.0,71,1,216.85,3,1,1,311,Needs Attention
13504.0,64,1,295.93,3,1,2,312,Needs Attention
13505.0,73,4,4393.63,2,4,5,245,At Risk / Churning
13506.0,316,2,458.52,1,2,2,122,Lost
13507.0,3,4,2479.16,5,4,5,545,Champions
13508.0,244,1,110.97,1,1,1,111,Lost
13509.0,9,7,979.72,5,5,4,554,Champions
13510.0,1,4,1791.56,5,4,4,544,Champions
13512.0,261,1,251.21,1,1,2,112,Lost
13513.0,127,1,205.1,2,1,1,211,Lost
13514.0,74,1,152.20000000000002,2,1,1,211,Lost
13515.0,73,4,891.12,2,4,3,243,At Risk / Churning
13516.0,21,3,1389.41,4,3,4,434,Loyal Customers
13517.0,60,3,2128.42,3,3,5,335,Loyal Customers
13518.0,86,1,659.4399999999999,2,1,3,213,Lost
13519.0,78,1,122.75,2,1,1,211,Lost
13520.0,59,6,3624.35,3,5,5,355,Loyal Customers
13521.0,1,3,1093.65,5,3,4,534,Loyal Customers
13522.0,30,1,125.80000000000001,4,1,1,411,New/Promising
13523.0,33,5,3964.88,4,4,5,445,Champions
13524.0,41,5,680.1800000000001,3,4,3,343,Loyal Customers
13525.0,15,2,628.78,4,2,3,423,New/Promising
13527.0,34,7,2287.51,3,5,5,355,Loyal Customers
13529.0,79,2,307.76,2,2,2,222,Lost
13531.0,205,2,483.8,1,2,2,122,Lost
13532.0,34,1,210.31,3,1,1,311,Needs Attention
13533.0,183,3,270.79,1,3,2,132,At Risk / Churning
13534.0,2,25,5870.08,5,5,5,555,Champions
13536.0,1,7,3448.29,5,5,5,555,Champions
13538.0,43,7,1280.85,3,5,4,354,Loyal Customers
13539.0,86,3,631.34,2,3,3,233,At Risk / Churning
13544.0,40,2,291.41,3,2,2,322,Needs Attention
13546.0,12,3,626.99,5,3,3,533,Loyal Customers
13548.0,96,2,682.41,2,2,3,223,Lost
13549.0,26,7,918.2,4,5,3,453,Champions
13551.0,319,1,91.80000000000001,1,1,1,111,Lost
13552.0,66,12,3740.07,3,5,5,355,Loyal Customers
13555.0,74,4,4149.28,2,4,5,245,At Risk / Churning
13557.0,28,2,584.06,4,2,3,423,New/Promising
13558.0,6,4,605.06,5,4,3,543,Champions
13560.0,7,1,174.37,5,1,1,511,New/Promising
13561.0,216,1,141.85999999999999,1,1,1,111,Lost
13562.0,82,3,1799.33,2,3,4,234,At Risk / Churning
13563.0,84,2,777.53,2,2,3,223,Lost
13564.0,144,3,1749.02,2,3,4,234,At Risk / Churning
13565.0,19,2,240.22,4,2,1,421,New/Promising
13566.0,41,2,874.71,3,2,3,323,Needs Attention
13568.0,173,1,192.85,2,1,1,211,Lost
13569.0,17,2,373.75,4,2,2,422,New/Promising
13570.0,243,1,239.49,1,1,1,111,Lost
13571.0,13,12,2092.32,5,5,5,555,Champions
13572.0,206,1,1384.25,1,1,4,114,Lost
13573.0,50,2,294.4,3,2,2,322,Needs Attention
13575.0,23,5,732.0699999999999,4,4,3,443,Champions
13576.0,10,18,6717.34,5,5,5,555,Champions
13577.0,25,4,1687.6000000000001,4,4,4,444,Champions
13579.0,15,2,467.04,4,2,2,422,New/Promising
13581.0,309,1,118.0,1,1,1,111,Lost
13583.0,156,1,781.03,2,1,3,213,Lost
13584.0,307,1,142.4,1,1,1,111,Lost
13587.0,64,1,712.4,3,1,3,313,Needs Attention
13588.0,16,9,2478.95,4,5,5,455,Champions
13589.0,15,2,379.65,4,2,2,422,New/Promising
13590.0,11,6,1981.92,5,5,4,554,Champions
13591.0,65,3,1117.13,3,3,4,334,Loyal Customers
13592.0,36,4,247.95999999999998,3,4,1,341,Loyal Customers
13593.0,108,5,2037.0800000000002,2,4,4,244,At Risk / Churning
13594.0,53,1,396.97,3,1,2,312,Needs Attention
13596.0,6,2,697.04,5,2,3,523,New/Promising
13598.0,47,1,180.17000000000002,3,1,1,311,Needs Attention
13599.0,1,21,5153.67,5,5,5,555,Champions
13600.0,312,1,219.52,1,1,1,111,Lost
13601.0,45,2,693.32,3,2,3,323,Needs Attention
13602.0,65,1,428.89,3,1,2,312,Needs Attention
13603.0,26,1,164.34,4,1,1,411,New/Promising
13606.0,29,3,280.53999999999996,4,3,2,432,Loyal Customers
13607.0,40,1,678.01,3,1,3,313,Needs Attention
13610.0,12,7,1131.88,5,5,4,554,Champions
13611.0,89,3,1171.8,2,3,4,234,At Risk / Churning
13614.0,24,4,1610.46,4,4,4,444,Champions
13615.0,319,1,417.69,1,1,2,112,Lost
13617.0,40,3,544.18,3,3,3,333,Loyal Customers
13618.0,174,1,177.34,2,1,1,211,Lost
13621.0,117,1,213.85,2,1,1,211,Lost
13623.0,31,5,747.78,4,4,3,443,Champions
13626.0,253,1,257.23,1,1,2,112,Lost
13627.0,59,5,1638.47,3,4,4,344,Loyal Customers
13629.0,23,11,7792.36,4,5,5,455,Champions
13630.0,5,7,2031.78,5,5,4,554,Champions
13631.0,100,11,3070.42,2,5,5,255,At Risk / Churning
13632.0,25,5,2121.27,4,4,5,445,Champions
13634.0,33,5,1575.16,4,4,4,444,Champions
13635.0,68,1,1071.03,3,1,4,314,Needs Attention
13636.0,37,5,949.12,3,4,4,344,Loyal Customers
13637.0,52,3,810.5,3,3,3,333,Loyal Customers
13638.0,16,1,122.64,4,1,1,411,New/Promising
13639.0,74,1,1033.34,2,1,4,214,Lost
13642.0,216,1,354.8,1,1,2,112,Lost
13643.0,31,3,519.44,4,3,3,433,Loyal Customers
13644.0,16,4,2624.26,4,4,5,445,Champions
13645.0,120,1,252.1,2,1,2,212,Lost
13647.0,10,4,1678.1200000000001,5,4,4,544,Champions
13649.0,257,2,346.6,1,2,2,122,Lost
13650.0,17,6,1836.34,4,5,4,454,Champions
13651.0,35,2,94.2,3,2,1,321,Needs Attention
13652.0,46,3,1095.08,3,3,4,334,Loyal Customers
13654.0,43,6,2707.33,3,5,5,355,Loyal Customers
13655.0,114,2,932.97,2,2,3,223,Lost
13656.0,165,2,379.65,2,2,2,222,Lost
13657.0,11,2,382.14,5,2,2,522,New/Promising
13658.0,10,5,2639.17,5,4,5,545,Champions
13659.0,206,2,1573.2,1,2,4,124,Lost
13662.0,86,3,897.76,2,3,3,233,At Risk / Churning
13663.0,179,1,189.47,2,1,1,211,Lost
13666.0,60,3,84.65,3,3,1,331,Loyal Customers
13667.0,149,1,305.02,2,1,2,212,Lost
13668.0,3,21,6363.59,5,5,5,555,Champions
13669.0,51,2,218.55,3,2,1,321,Needs Attention
13670.0,75,1,349.7,2,1,2,212,Lost
13672.0,301,2,186.39000000000001,1,2,1,121,Lost
13673.0,19,2,396.92,4,2,2,422,New/Promising
13675.0,151,2,486.82000000000005,2,2,2,222,Lost
13678.0,152,1,232.6,2,1,1,211,Lost
13680.0,1,4,3722.42,5,4,5,545,Champions
13681.0,18,4,827.83,4,4,3,443,Champions
13682.0,187,1,59.5,1,1,1,111,Lost
13684.0,286,1,67.23,1,1,1,111,Lost
13685.0,3,7,3119.44,5,5,5,555,Champions
13686.0,183,1,72.0,1,1,1,111,Lost
13689.0,63,1,910.0,3,1,3,313,Needs Attention
13690.0,59,1,172.25,3,1,1,311,Needs Attention
13692.0,25,3,1488.32,4,3,4,434,Loyal Customers
13694.0,4,50,65039.62,5,5,5,555,Champions
13695.0,31,15,2504.13,4,5,5,455,Champions
13697.0,39,1,151.29999999999998,3,1,1,311,Needs Attention
13699.0,155,1,308.58000000000004,2,1,2,212,Lost
13700.0,26,10,2265.12,4,5,5,455,Champions
13703.0,318,1,99.5,1,1,1,111,Lost
13704.0,5,9,2308.06,5,5,5,555,Champions
13705.0,8,3,711.86,5,3,3,533,Loyal Customers
13706.0,303,1,330.79,1,1,2,112,Lost
13707.0,267,2,806.41,1,2,3,123,Lost
13708.0,271,1,296.88,1,1,2,112,Lost
13709.0,4,13,6328.05,5,5,5,555,Champions
13710.0,32,1,180.48,4,1,1,411,New/Promising
13711.0,219,2,252.06,1,2,2,122,Lost
13712.0,247,1,228.84,1,1,1,111,Lost
13715.0,281,5,1079.34,1,4,4,144,At Risk / Churning
13716.0,269,1,138.28,1,1,1,111,Lost
13717.0,32,6,1445.01,4,5,4,454,Champions
13718.0,246,2,306.55,1,2,2,122,Lost
13719.0,15,5,1041.68,4,4,4,444,Champions
13720.0,117,4,799.9,2,4,3,243,At Risk / Churning
13721.0,36,1,524.14,3,1,3,313,Needs Attention
13722.0,132,3,2375.41,2,3,5,235,At Risk / Churning
13723.0,217,1,199.85000000000002,1,1,1,111,Lost
13725.0,50,8,1980.56,3,5,4,354,Loyal Customers
13726.0,39,2,1079.6599999999999,3,2,4,324,Needs Attention
13727.0,29,2,333.48,4,2,2,422,New/Promising
13728.0,37,6,1016.14,3,5,4,354,Loyal Customers
13730.0,136,2,752.6,2,2,3,223,Lost
13731.0,219,2,610.59,1,2,3,123,Lost
13732.0,28,1,491.86,4,1,3,413,New/Promising
13735.0,25,4,2885.2400000000002,4,4,5,445,Champions
13736.0,5,2,731.9,5,2,3,523,New/Promising
13737.0,200,1,339.59999999999997,1,1,2,112,Lost
13739.0,18,1,216.9,4,1,1,411,New/Promising
13740.0,241,1,350.75,1,1,2,112,Lost
13741.0,72,3,668.4300000000001,3,3,3,333,Loyal Customers
13742.0,17,12,3131.02,4,5,5,455,Champions
13743.0,3,7,1341.6,5,5,4,554,Champions
13744.0,95,2,1156.36,2,2,4,224,Lost
13745.0,162,1,300.04,2,1,2,212,Lost
13747.0,374,1,79.6,1,1,1,111,Lost
13748.0,96,5,948.25,2,4,4,244,At Risk / Churning
13750.0,54,5,1647.26,3,4,4,344,Loyal Customers
13751.0,288,1,296.25,1,1,2,112,Lost
13752.0,124,6,1186.28,2,5,4,254,At Risk / Churning
13753.0,288,1,741.26,1,1,3,113,Lost
13754.0,152,2,282.59999999999997,2,2,2,222,Lost
13755.0,4,9,2161.35,5,5,5,555,Champions
13756.0,2,14,5189.52,5,5,5,555,Champions
13758.0,12,7,3190.55,5,5,5,555,Champions
13759.0,33,2,659.4100000000001,4,2,3,423,New/Promising
13760.0,54,2,286.79,3,2,2,322,Needs Attention
13761.0,50,2,1070.65,3,2,4,324,Needs Attention
13762.0,219,1,306.72,1,1,2,112,Lost
13763.0,63,1,1714.96,3,1,4,314,Needs Attention
13764.0,71,3,1521.76,3,3,4,334,Loyal Customers
13767.0,2,37,17220.36,5,5,5,555,Champions
13769.0,2,10,2796.51,5,5,5,555,Champions
13771.0,64,4,2634.45,3,4,5,345,Loyal Customers
13772.0,34,3,1132.13,3,3,4,334,Loyal Customers
13774.0,82,1,345.0,2,1,2,212,Lost
13777.0,1,33,25977.16,5,5,5,555,Champions
13778.0,103,1,178.7,2,1,1,211,Lost
13780.0,7,2,360.01,5,2,2,522,New/Promising
13781.0,251,1,127.84,1,1,1,111,Lost
13782.0,13,6,912.0,5,5,3,553,Champions
13784.0,10,11,2462.79,5,5,5,555,Champions
13786.0,367,1,230.39999999999998,1,1,1,111,Lost
13787.0,76,2,309.04,2,2,2,222,Lost
13790.0,4,1,348.8,5,1,2,512,New/Promising
13791.0,128,2,1516.0,2,2,4,224,Lost
13792.0,66,2,195.55,3,2,1,321,Needs Attention
13798.0,1,57,37153.85,5,5,5,555,Champions
13799.0,117,2,688.86,2,2,3,223,Lost
13800.0,310,1,558.32,1,1,3,113,Lost
13801.0,67,1,324.8,3,1,2,312,Needs Attention
13802.0,139,3,4599.42,2,3,5,235,At Risk / Churning
13803.0,255,1,277.07,1,1,2,112,Lost
13804.0,31,7,2635.79,4,5,5,455,Champions
13805.0,52,2,924.6,3,2,3,323,Needs Attention
13806.0,64,1,256.38,3,1,2,312,Needs Attention
13807.0,367,1,112.6,1,1,1,111,Lost
13808.0,6,5,1747.66,5,4,4,544,Champions
13809.0,305,1,155.05,1,1,1,111,Lost
13810.0,29,3,1499.01,4,3,4,434,Loyal Customers
13811.0,184,3,814.5,1,3,3,133,At Risk / Churning
13812.0,42,3,539.0,3,3,3,333,Loyal Customers
13813.0,40,4,1366.8600000000001,3,4,4,344,Loyal Customers
13814.0,92,2,1579.12,2,2,4,224,Lost
13815.0,22,4,4027.36,4,4,5,445,Champions
13816.0,24,2,571.6700000000001,4,2,3,423,New/Promising
13817.0,29,2,382.98,4,2,2,422,New/Promising
13819.0,302,3,1140.35,1,3,4,134,At Risk / Churning
13821.0,145,2,385.64,2,2,2,222,Lost
13822.0,6,2,632.0,5,2,3,523,New/Promising
13823.0,19,2,957.66,4,2,4,424,New/Promising
13824.0,33,5,1698.94,4,4,4,444,Champions
13826.0,176,1,189.5,2,1,1,211,Lost
13827.0,58,3,412.05,3,3,2,332,Loyal Customers
13828.0,22,1,209.49,4,1,1,411,New/Promising
13831.0,16,6,2202.99,4,5,5,455,Champions
13832.0,19,1,52.199999999999996,4,1,1,411,New/Promising
13833.0,159,1,384.8,2,1,2,212,Lost
13835.0,25,4,834.57,4,4,3,443,Champions
13837.0,212,2,271.24,1,2,2,122,Lost
13838.0,6,4,691.73,5,4,3,543,Champions
13841.0,253,1,85.0,1,1,1,111,Lost
13842.0,59,9,3385.62,3,5,5,355,Loyal Customers
13844.0,11,1,361.62,5,1,2,512,New/Promising
13845.0,65,1,312.98,3,1,2,312,Needs Attention
13846.0,25,3,865.0600000000001,4,3,3,433,Loyal Customers
13848.0,92,3,1255.0,2,3,4,234,At Risk / Churning
13849.0,52,2,1537.95,3,2,4,324,Needs Attention
13850.0,129,1,1595.48,2,1,4,214,Lost
13851.0,96,3,2651.46,2,3,5,235,At Risk / Churning
13853.0,57,1,1090.14,3,1,4,314,Needs Attention
13854.0,9,25,8109.5199999999995,5,5,5,555,Champions
13856.0,169,3,388.5,2,3,2,232,At Risk / Churning
13858.0,57,1,216.17,3,1,1,311,Needs Attention
13859.0,326,1,201.16,1,1,1,111,Lost
13860.0,1,5,1245.9,5,4,4,544,Champions
13862.0,18,8,2209.36,4,5,5,455,Champions
13863.0,248,1,305.78,1,1,2,112,Lost
13865.0,58,4,501.56,3,4,3,343,Loyal Customers
13866.0,74,1,145.67000000000002,2,1,1,211,Lost
13867.0,31,3,1015.29,4,3,4,434,Loyal Customers
13868.0,7,2,3192.54,5,2,5,525,New/Promising
13869.0,123,4,3104.95,2,4,5,245,At Risk / Churning
13870.0,2,8,2770.94,5,5,5,555,Champions
13871.0,23,13,6403.25,4,5,5,455,Champions
13873.0,120,3,389.6,2,3,2,232,At Risk / Churning
13874.0,358,1,540.45,1,1,3,113,Lost
13875.0,54,5,1786.79,3,4,4,344,Loyal Customers
13876.0,64,1,122.7,3,1,1,311,Needs Attention
13877.0,86,1,117.24,2,1,1,211,Lost
13878.0,55,1,1281.53,3,1,4,314,Needs Attention
13880.0,21,13,3219.77,4,5,5,455,Champions
13881.0,4,20,17159.52,5,5,5,555,Champions
13882.0,3,5,1191.13,5,4,4,544,Champions
13883.0,11,5,2674.48,5,4,5,545,Champions
13884.0,7,5,787.6,5,4,3,543,Champions
13885.0,189,2,506.8,1,2,3,123,Lost
13886.0,71,1,243.56,3,1,1,311,Needs Attention
13887.0,204,1,349.55,1,1,2,112,Lost
13888.0,120,2,605.63,2,2,3,223,Lost
13889.0,93,1,416.90000000000003,2,1,2,212,Lost
13890.0,1,10,1883.8100000000002,5,5,4,554,Champions
13892.0,27,4,632.97,4,4,3,443,Champions
13893.0,298,1,821.1,1,1,3,113,Lost
13894.0,24,3,564.62,4,3,3,433,Loyal Customers
13895.0,28,4,2593.07,4,4,5,445,Champions
13897.0,50,1,311.16,3,1,2,312,Needs Attention
13898.0,326,1,155.93,1,1,1,111,Lost
13899.0,16,2,388.52,4,2,2,422,New/Promising
13900.0,183,3,740.95,1,3,3,133,At Risk / Churning
13901.0,72,5,2867.2,3,4,5,345,Loyal Customers
13904.0,37,2,332.64,3,2,2,322,Needs Attention
13908.0,80,4,2369.55,2,4,5,245,At Risk / Churning
13911.0,57,9,2580.91,3,5,5,355,Loyal Customers
13914.0,12,2,626.45,5,2,3,523,New/Promising
13917.0,50,2,272.04,3,2,2,322,Needs Attention
13918.0,50,2,1212.8400000000001,3,2,4,324,Needs Attention
13919.0,59,2,384.81,3,2,2,322,Needs Attention
13922.0,352,1,172.25,1,1,1,111,Lost
13923.0,54,1,351.13,3,1,2,312,Needs Attention
13924.0,2,6,1838.8500000000001,5,5,4,554,Champions
13925.0,93,4,678.25,2,4,3,243,At Risk / Churning
13926.0,23,1,223.85000000000002,4,1,1,411,New/Promising
13927.0,75,1,348.99,2,1,2,212,Lost
13928.0,11,4,464.57,5,4,2,542,Champions
13929.0,169,2,842.65,2,2,3,223,Lost
13930.0,58,2,337.34,3,2,2,322,Needs Attention
13931.0,96,2,1237.53,2,2,4,224,Lost
13932.0,295,1,307.4,1,1,2,112,Lost
13933.0,109,2,608.7900000000001,2,2,3,223,Lost
13934.0,264,1,922.1,1,1,3,113,Lost
13936.0,180,1,376.58,1,1,2,112,Lost
13937.0,169,1,158.85,2,1,1,211,Lost
13938.0,35,1,71.66,3,1,1,311,Needs Attention
13939.0,23,3,568.55,4,3,3,433,Loyal Customers
13940.0,17,4,839.14,4,4,3,443,Champions
13941.0,22,5,5112.96,4,4,5,445,Champions
13946.0,79,3,561.5699999999999,2,3,3,233,At Risk / Churning
13947.0,65,1,90.6,3,1,1,311,Needs Attention
13948.0,361,1,102.0,1,1,1,111,Lost
13949.0,3,6,2427.32,5,5,5,555,Champions
13950.0,11,4,745.06,5,4,3,543,Champions
13951.0,176,3,674.45,2,3,3,233,At Risk / Churning
13952.0,218,2,3251.071,1,2,5,125,Lost
13953.0,7,7,3515.68,5,5,5,555,Champions
13954.0,2,2,439.92,5,3,2,532,Loyal Customers
13955.0,154,2,322.96,2,3,2,232,At Risk / Churning
13956.0,5,5,1026.42,5,4,4,544,Champions
13959.0,79,3,598.2,2,3,3,233,At Risk / Churning
13960.0,21,2,230.22,4,3,1,431,Loyal Customers
13962.0,22,2,169.55,4,3,1,431,Loyal Customers
13963.0,308,4,664.54,1,4,3,143,At Risk / Churning
13967.0,146,1,80.7,2,1,1,211,Lost
13969.0,7,18,9053.94,5,5,5,555,Champions
13971.0,19,8,2758.26,4,5,5,455,Champions
13972.0,71,2,190.25,3,3,1,331,Loyal Customers
13973.0,287,1,264.7,1,1,2,112,Lost
13974.0,49,1,413.59000000000003,3,1,2,312,Needs Attention
13975.0,31,6,2526.28,4,5,5,455,Champions
13976.0,207,1,357.98,1,1,2,112,Lost
13978.0,15,2,196.79000000000002,4,3,1,431,Loyal Customers
13979.0,73,1,869.87,2,1,3,213,Lost
13980.0,60,1,200.14,3,1,1,311,Needs Attention
13982.0,39,4,1871.81,3,4,4,344,Loyal Customers
13983.0,30,12,2603.43,4,5,5,455,Champions
13984.0,27,5,920.51,4,4,3,443,Champions
13985.0,4,15,7060.13,5,5,5,555,Champions
13986.0,17,1,320.46,4,1,2,412,New/Promising
13988.0,20,6,4147.96,4,5,5,455,Champions
13989.0,66,2,1266.08,3,3,4,334,Loyal Customers
13990.0,213,1,311.3,1,1,2,112,Lost
13991.0,12,6,855.97,5,5,3,553,Champions
13992.0,30,1,76.8,4,1,1,411,New/Promising
13993.0,43,9,3466.36,3,5,5,355,Loyal Customers
13994.0,4,6,2313.14,5,5,5,555,Champions
13995.0,15,5,1393.69,4,4,4,444,Champions
13999.0,10,12,3901.81,5,5,5,555,Champions
14000.0,211,1,635.66,1,1,3,113,Lost
14001.0,46,3,2043.0800000000002,3,3,4,334,Loyal Customers
14002.0,134,2,529.73,2,3,3,233,At Risk / Churning
14004.0,43,7,4582.64,3,5,5,355,Loyal Customers
14005.0,10,5,2874.72,5,4,5,545,Champions
14006.0,116,3,962.19,2,3,4,234,At Risk / Churning
14009.0,198,2,695.61,1,3,3,133,At Risk / Churning
14012.0,278,1,328.8,1,1,2,112,Lost
14013.0,110,3,473.02,2,3,2,232,At Risk / Churning
14014.0,77,1,505.18,2,1,3,213,Lost
14015.0,53,1,917.34,3,1,3,313,Needs Attention
14016.0,162,4,4341.21,2,4,5,245,At Risk / Churning
14019.0,47,3,1421.61,3,3,4,334,Loyal Customers
14020.0,17,2,642.8,4,3,3,433,Loyal Customers
14021.0,155,3,631.9,2,3,3,233,At Risk / Churning
14022.0,225,1,440.0,1,1,2,112,Lost
14023.0,7,2,584.07,5,3,3,533,Loyal Customers
14024.0,122,2,327.7,2,3,2,232,At Risk / Churning
14027.0,61,1,104.82,3,1,1,311,Needs Attention
14029.0,63,2,467.66,3,3,2,332,Loyal Customers
14030.0,18,8,2360.09,4,5,5,455,Champions
14031.0,7,19,17286.86,5,5,5,555,Champions
14032.0,2,11,2975.59,5,5,5,555,Champions
14034.0,22,3,651.8199999999999,4,3,3,433,Loyal Customers
14035.0,29,5,1428.02,4,4,4,444,Champions
14036.0,285,1,626.65,1,1,3,113,Lost
14037.0,176,2,147.20000000000002,2,3,1,231,At Risk / Churning
14038.0,78,3,1560.38,2,3,4,234,At Risk / Churning
14039.0,33,1,152.2,4,1,1,411,New/Promising
14040.0,41,12,3614.92,3,5,5,355,Loyal Customers
14041.0,266,1,141.41,1,1,1,111,Lost
14044.0,27,4,652.82,4,4,3,443,Champions
14045.0,109,4,1659.75,2,4,4,244,At Risk / Churning
14046.0,284,1,154.99,1,1,1,111,Lost
14047.0,9,5,1308.6100000000001,5,4,4,544,Champions
14048.0,305,1,409.93,1,1,2,112,Lost
14049.0,17,4,5681.72,4,4,5,445,Champions
14050.0,32,2,746.36,4,3,3,433,Loyal Customers
14051.0,1,23,15610.390000000001,5,5,5,555,Champions
14052.0,20,1,225.36,4,1,1,411,New/Promising
14053.0,124,2,260.25,2,3,2,232,At Risk / Churning
14054.0,65,1,92.46,3,1,1,311,Needs Attention
14055.0,106,1,725.6400000000001,2,1,3,213,Lost
14056.0,1,23,8214.65,5,5,5,555,Champions
14057.0,24,17,6217.96,4,5,5,455,Champions
14059.0,267,1,183.6,1,1,1,111,Lost
14060.0,5,19,6140.42,5,5,5,555,Champions
14062.0,10,12,10464.85,5,5,5,555,Champions
14064.0,29,5,1353.74,4,4,4,444,Champions
14066.0,267,1,152.55,1,1,1,111,Lost
14067.0,64,2,374.7,3,3,2,332,Loyal Customers
14068.0,320,1,265.85,1,1,2,112,Lost
14071.0,4,8,1438.82,5,5,4,554,Champions
14073.0,32,1,151.04,4,1,1,411,New/Promising
14075.0,5,3,942.26,5,3,4,534,Loyal Customers
14076.0,129,1,122.47,2,1,1,211,Lost
14077.0,41,5,499.41999999999996,3,4,3,343,Loyal Customers
14078.0,102,6,1049.37,2,5,4,254,At Risk / Churning
14079.0,125,1,375.1,2,1,2,212,Lost
14080.0,33,1,45.599999999999994,4,1,1,411,New/Promising
14081.0,302,2,934.52,1,3,3,133,At Risk / Churning
14082.0,365,1,182.25,1,1,1,111,Lost
14083.0,4,9,1018.43,5,5,4,554,Champions
14085.0,2,18,4448.54,5,5,5,555,Champions
14087.0,3,1,194.42,5,1,1,511,New/Promising
14088.0,10,13,50491.81,5,5,5,555,Champions
14089.0,57,1,161.0,3,1,1,311,Needs Attention
14090.0,325,1,76.32000000000001,1,1,1,111,Lost
14092.0,8,14,4076.91,5,5,5,555,Champions
14093.0,12,1,442.85,5,1,2,512,New/Promising
14096.0,4,17,65164.79,5,5,5,555,Champions
14098.0,37,1,147.35,3,1,1,311,Needs Attention
14099.0,16,11,3104.17,4,5,5,455,Champions
14100.0,138,1,194.9,2,1,1,211,Lost
14101.0,74,6,5976.79,2,5,5,255,At Risk / Churning
14102.0,5,5,1360.28,5,4,4,544,Champions
14104.0,155,2,216.20999999999998,2,3,1,231,At Risk / Churning
14105.0,239,1,1266.23,1,1,4,114,Lost
14107.0,52,7,2703.23,3,5,5,355,Loyal Customers
14108.0,31,2,597.91,4,3,3,433,Loyal Customers
14109.0,73,1,144.2,2,1,1,211,Lost
14110.0,4,12,5683.15,5,5,5,555,Champions
14111.0,14,4,692.85,4,4,3,443,Champions
14112.0,23,7,2915.15,4,5,5,455,Champions
14113.0,4,4,1840.42,5,4,4,544,Champions
14114.0,274,2,386.53,1,3,2,132,At Risk / Churning
14116.0,20,5,1382.74,4,4,4,444,Champions
14117.0,144,1,90.0,2,1,1,211,Lost
14121.0,4,4,2780.15,5,4,5,545,Champions
14124.0,84,1,419.58000000000004,2,1,2,212,Lost
14125.0,11,3,2740.43,5,3,5,535,Loyal Customers
14126.0,8,3,706.1300000000001,5,3,3,533,Loyal Customers
14127.0,123,3,709.71,2,3,3,233,At Risk / Churning
14128.0,61,2,637.5,3,3,3,333,Loyal Customers
14129.0,2,5,1123.8600000000001,5,4,4,544,Champions
14130.0,319,1,483.86,1,1,2,112,Lost
14132.0,2,11,3586.0299999999997,5,5,5,555,Champions
14133.0,130,3,605.64,2,3,3,233,At Risk / Churning
14135.0,2,15,4690.31,5,5,5,555,Champions
14138.0,2,2,982.3800000000001,5,3,4,534,Loyal Customers
14139.0,46,1,415.82,3,1,2,312,Needs Attention
14140.0,4,2,935.05,5,3,3,533,Loyal Customers
14141.0,3,4,915.13,5,4,3,543,Champions
14142.0,373,1,311.81,1,1,2,112,Lost
14143.0,134,1,115.8,2,1,1,211,Lost
14145.0,47,4,3742.2,3,4,5,345,Loyal Customers
14146.0,9,5,4191.0,5,4,5,545,Champions
14147.0,78,2,483.4,2,3,2,232,At Risk / Churning
14148.0,234,1,157.2,1,1,1,111,Lost
14149.0,221,1,446.62,1,1,2,112,Lost
14150.0,36,2,658.64,3,3,3,333,Loyal Customers
14152.0,75,2,621.29,2,3,3,233,At Risk / Churning
14154.0,239,2,1345.62,1,3,4,134,At Risk / Churning
14155.0,266,1,118.75,1,1,1,111,Lost
14156.0,10,55,117379.63,5,5,5,555,Champions
14157.0,20,2,432.88,4,3,2,432,Loyal Customers
14158.0,40,1,507.66,3,1,3,313,Needs Attention
14159.0,20,11,4693.01,4,5,5,455,Champions
14161.0,216,3,1110.52,1,3,4,134,At Risk / Churning
14162.0,174,2,289.36,2,3,2,232,At Risk / Churning
14163.0,87,4,2445.91,2,4,5,245,At Risk / Churning
14164.0,71,2,1631.77,3,3,4,334,Loyal Customers
14165.0,276,1,122.53999999999999,1,1,1,111,Lost
14167.0,39,4,574.84,3,4,3,343,Loyal Customers
14171.0,98,1,363.79,2,1,2,212,Lost
14173.0,11,4,450.84,5,4,2,542,Champions
14174.0,33,1,134.46,4,1,1,411,New/Promising
14175.0,60,3,3222.3,3,3,5,335,Loyal Customers
14176.0,297,4,576.9000000000001,1,4,3,143,At Risk / Churning
14177.0,86,4,559.41,2,4,3,243,At Risk / Churning
14178.0,9,7,1620.93,5,5,4,554,Champions
14179.0,41,2,719.78,3,3,3,333,Loyal Customers
14180.0,11,25,4748.52,5,5,5,555,Champions
14184.0,67,1,452.89,3,1,2,312,Needs Attention
14185.0,331,1,197.65,1,1,1,111,Lost
14188.0,31,6,2054.36,4,5,4,454,Champions
14189.0,2,15,4654.08,5,5,5,555,Champions
14191.0,2,13,4684.76,5,5,5,555,Champions
14193.0,68,2,853.39,3,3,3,333,Loyal Customers
14194.0,5,21,11349.52,5,5,5,555,Champions
14195.0,202,2,1012.0,1,3,4,134,At Risk / Churning
14196.0,107,1,335.52,2,1,2,212,Lost
14198.0,18,4,701.4,4,4,3,443,Champions
14199.0,218,1,185.39999999999998,1,1,1,111,Lost
14201.0,60,7,747.44,3,5,3,353,Loyal Customers
14204.0,2,1,161.03,5,1,1,511,New/Promising
14205.0,17,2,466.7,4,3,2,432,Loyal Customers
14206.0,239,1,328.15999999999997,1,1,2,112,Lost
14208.0,95,1,151.74,2,1,1,211,Lost
14209.0,11,6,2073.43,5,5,5,555,Champions
14210.0,106,6,1905.8400000000001,2,5,4,254,At Risk / Churning
14211.0,53,9,2241.1,3,5,5,355,Loyal Customers
14212.0,90,1,1070.48,2,1,4,214,Lost
14214.0,31,5,1004.38,4,4,4,444,Champions
14215.0,12,6,1789.72,5,5,4,554,Champions
14216.0,3,4,1839.3,5,4,4,544,Champions
14217.0,2,17,2004.98,5,5,4,554,Champions
14218.0,43,1,169.48000000000002,3,1,1,311,Needs Attention
14219.0,4,1,89.94,5,1,1,511,New/Promising
14220.0,247,2,632.4,1,3,3,133,At Risk / Churning
14221.0,42,9,3432.8,3,5,5,355,Loyal Customers
14222.0,177,1,683.17,2,1,3,213,Lost
14223.0,92,3,991.13,2,3,4,234,At Risk / Churning
14224.0,110,4,1050.12,2,4,4,244,At Risk / Churning
14226.0,29,5,2232.19,4,4,5,445,Champions
14227.0,26,10,3350.96,4,5,5,455,Champions
14229.0,52,3,1547.2,3,3,4,334,Loyal Customers
14231.0,184,3,925.71,1,3,3,133,At Risk / Churning
14232.0,43,5,2048.07,3,4,4,344,Loyal Customers
14233.0,49,4,1462.72,3,4,4,344,Loyal Customers
14234.0,22,4,775.46,4,4,3,443,Champions
14235.0,75,5,3144.86,2,4,5,245,At Risk / Churning
14236.0,81,2,490.86,2,3,3,233,At Risk / Churning
14237.0,373,1,161.0,1,1,1,111,Lost
14238.0,326,1,146.85,1,1,1,111,Lost
14239.0,43,11,2380.85,3,5,5,355,Loyal Customers
14240.0,30,2,890.34,4,3,3,433,Loyal Customers
14241.0,184,1,213.70000000000002,1,1,1,111,Lost
14242.0,235,2,280.55,1,3,2,132,At Risk / Churning
14243.0,9,10,2588.77,5,5,5,555,Champions
14245.0,220,2,1693.45,1,3,4,134,At Risk / Churning
14246.0,111,3,1474.06,2,3,4,234,At Risk / Churning
14247.0,278,1,136.76999999999998,1,1,1,111,Lost
14248.0,318,1,302.58,1,1,2,112,Lost
14250.0,7,3,1904.05,5,3,4,534,Loyal Customers
14251.0,2,5,2879.7000000000003,5,4,5,545,Champions
14256.0,260,2,969.0600000000001,1,3,4,134,At Risk / Churning
14257.0,64,5,3099.7200000000003,3,4,5,345,Loyal Customers
14258.0,9,9,12669.98,5,5,5,555,Champions
14259.0,142,1,120.0,2,1,1,211,Lost
14261.0,51,2,1163.45,3,3,4,334,Loyal Customers
14262.0,8,8,2618.23,5,5,5,555,Champions
14264.0,155,2,333.97,2,3,2,232,At Risk / Churning
14265.0,109,2,530.18,2,3,3,233,At Risk / Churning
14267.0,163,3,1516.24,2,3,4,234,At Risk / Churning
14270.0,332,1,492.65000000000003,1,1,3,113,Lost
14271.0,226,1,112.32,1,1,1,111,Lost
14272.0,74,2,437.96,2,3,2,232,At Risk / Churning
14273.0,51,4,559.97,3,4,3,343,Loyal Customers
14276.0,99,3,1119.74,2,3,4,234,At Risk / Churning
14277.0,15,3,4216.2,4,3,5,435,Loyal Customers
14280.0,197,1,134.04,1,1,1,111,Lost
14282.0,3,15,3729.34,5,5,5,555,Champions
14284.0,31,2,595.25,4,3,3,433,Loyal Customers
14285.0,21,4,1910.01,4,4,4,444,Champions
14286.0,24,3,4628.75,4,3,5,435,Loyal Customers
14287.0,8,3,176.63,5,3,1,531,Loyal Customers
14288.0,213,1,426.6,1,1,2,112,Lost
14289.0,9,6,911.26,5,5,3,553,Champions
14290.0,11,5,2314.65,5,4,5,545,Champions
14291.0,2,11,3883.25,5,5,5,555,Champions
14292.0,8,9,4871.93,5,5,5,555,Champions
14293.0,3,4,1046.56,5,4,4,544,Champions
14295.0,40,1,166.20000000000002,3,1,1,311,Needs Attention
14297.0,18,4,1305.33,4,4,4,444,Champions
14298.0,8,44,51527.3,5,5,5,555,Champions
14299.0,8,9,3965.62,5,5,5,555,Champions
14300.0,19,1,43.2,4,1,1,411,New/Promising
14301.0,117,1,640.14,2,1,3,213,Lost
14304.0,223,1,383.45,1,1,2,112,Lost
14305.0,71,3,1858.96,3,3,4,334,Loyal Customers
14306.0,51,2,2093.32,3,3,5,335,Loyal Customers
14307.0,89,6,2995.72,2,5,5,255,At Risk / Churning
14309.0,8,9,2352.53,5,5,5,555,Champions
14311.0,243,1,310.26,1,1,2,112,Lost
14312.0,47,6,1611.59,3,5,4,354,Loyal Customers
14314.0,107,1,120.0,2,1,1,211,Lost
14315.0,45,6,2481.13,3,5,5,355,Loyal Customers
14317.0,65,1,508.58000000000004,3,1,3,313,Needs Attention
14320.0,207,2,477.79,1,3,2,132,At Risk / Churning
14321.0,11,5,1530.75,5,4,4,544,Champions
14323.0,115,2,605.0600000000001,2,3,3,233,At Risk / Churning
14326.0,242,1,183.85,1,1,1,111,Lost
14327.0,163,1,311.65,2,1,2,212,Lost
14329.0,17,7,5014.84,4,5,5,455,Champions
14331.0,124,2,462.65999999999997,2,3,2,232,At Risk / Churning
14332.0,23,3,866.31,4,3,3,433,Loyal Customers
14333.0,68,1,415.2,3,1,2,312,Needs Attention
14334.0,17,8,2552.21,4,5,5,455,Champions
14335.0,16,2,468.26,4,3,2,432,Loyal Customers
14336.0,17,4,1614.91,4,4,4,444,Champions
14338.0,161,2,588.22,2,3,3,233,At Risk / Churning
14339.0,243,1,309.52,1,1,2,112,Lost
14340.0,219,1,134.7,1,1,1,111,Lost
14341.0,45,8,2182.28,3,5,5,355,Loyal Customers
14342.0,21,4,668.5600000000001,4,4,3,443,Champions
14344.0,127,8,889.9300000000001,2,5,3,253,At Risk / Churning
14345.0,39,1,108.97999999999999,3,1,1,311,Needs Attention
14346.0,121,2,1021.58,2,3,4,234,At Risk / Churning
14348.0,260,1,409.57,1,1,2,112,Lost
14349.0,10,1,133.5,5,1,1,511,New/Promising
14350.0,274,1,282.93,1,1,2,112,Lost
14351.0,165,1,51.0,2,1,1,211,Lost
14352.0,157,4,1078.96,2,4,4,244,At Risk / Churning
14353.0,215,1,90.6,1,1,1,111,Lost
14354.0,6,2,163.62,5,3,1,531,Loyal Customers
14355.0,366,1,174.4,1,1,1,111,Lost
14356.0,80,2,701.23,2,3,3,233,At Risk / Churning
14357.0,43,1,225.77,3,1,1,311,Needs Attention
14359.0,19,3,912.18,4,3,3,433,Loyal Customers
14360.0,32,4,2128.23,4,4,5,445,Champions
14362.0,22,1,161.2,4,1,1,411,New/Promising
14364.0,109,8,3717.35,2,5,5,255,At Risk / Churning
14367.0,8,16,9261.52,5,5,5,555,Champions
14368.0,320,1,155.0,1,1,1,111,Lost
14371.0,295,1,100.5,1,1,1,111,Lost
14373.0,358,1,76.55,1,1,1,111,Lost
14375.0,185,1,257.68,1,1,2,112,Lost
14377.0,191,2,617.05,1,3,3,133,At Risk / Churning
14379.0,44,2,348.1,3,3,2,332,Loyal Customers
14381.0,52,1,202.68,3,1,1,311,Needs Attention
14382.0,26,1,626.0699999999999,4,1,3,413,New/Promising
14383.0,38,3,1247.69,3,3,4,334,Loyal Customers
14385.0,9,3,202.11,5,3,1,531,Loyal Customers
14386.0,297,1,142.4,1,1,1,111,Lost
14387.0,33,3,1770.56,4,3,4,434,Loyal Customers
14388.0,10,8,3212.84,5,5,5,555,Champions
14389.0,65,2,1043.46,3,3,4,334,Loyal Customers
14390.0,10,9,4652.82,5,5,5,555,Champions
14393.0,218,1,67.95,1,1,1,111,Lost
14395.0,2,9,3507.71,5,5,5,555,Champions
14396.0,65,2,487.99,3,3,2,332,Loyal Customers
14397.0,3,19,2612.96,5,5,5,555,Champions
14400.0,149,1,574.7,2,1,3,213,Lost
14401.0,4,13,4051.48,5,5,5,555,Champions
14403.0,130,4,1475.81,2,4,4,244,At Risk / Churning
14404.0,34,6,1474.32,3,5,4,354,Loyal Customers
14406.0,119,1,156.75,2,1,1,211,Lost
14407.0,107,6,2157.73,2,5,5,255,At Risk / Churning
14408.0,11,7,2606.53,5,5,5,555,Champions
14409.0,71,6,2059.4500000000003,3,5,5,355,Loyal Customers
14410.0,92,9,1105.07,2,5,4,254,At Risk / Churning
14411.0,311,1,1063.0,1,1,4,114,Lost
14412.0,43,2,770.03,3,3,3,333,Loyal Customers
14413.0,362,1,122.7,1,1,1,111,Lost
14414.0,92,7,1496.98,2,5,4,254,At Risk / Churning
14415.0,1,13,5900.28,5,5,5,555,Champions
14416.0,22,2,490.22,4,3,3,433,Loyal Customers
14418.0,4,3,1937.25,5,3,4,534,Loyal Customers
14419.0,11,6,1058.06,5,5,4,554,Champions
14420.0,99,1,387.52,2,1,2,212,Lost
14421.0,57,2,813.11,3,3,3,333,Loyal Customers
14422.0,1,6,4263.64,5,5,5,555,Champions
14423.0,218,1,265.2,1,1,2,112,Lost
14424.0,18,1,322.08,4,1,2,412,New/Promising
14426.0,24,10,4481.67,4,5,5,455,Champions
14427.0,50,2,363.34000000000003,3,3,2,332,Loyal Customers
14428.0,7,5,1244.83,5,4,4,544,Champions
14431.0,303,1,470.36,1,1,2,112,Lost
14432.0,10,6,2255.51,5,5,5,555,Champions
14434.0,22,6,1372.8,4,5,4,454,Champions
14436.0,99,1,89.06,2,1,1,211,Lost
14437.0,366,1,63.0,1,1,1,111,Lost
14438.0,306,1,131.9,1,1,1,111,Lost
14439.0,320,1,2661.24,1,1,5,115,Lost
14440.0,8,5,2357.6800000000003,5,4,5,545,Champions
14441.0,1,4,1712.89,5,4,4,544,Champions
14442.0,205,2,1589.82,1,3,4,134,At Risk / Churning
14443.0,54,4,1420.2,3,4,4,344,Loyal Customers
14446.0,1,4,1039.58,5,4,4,544,Champions
14447.0,19,5,1163.23,4,4,4,444,Champions
14448.0,9,2,375.35,5,3,2,532,Loyal Customers
14449.0,19,4,907.1,4,4,3,443,Champions
14450.0,181,3,483.25,1,3,2,132,At Risk / Churning
14451.0,60,2,662.59,3,3,3,333,Loyal Customers
14452.0,11,2,264.44,5,3,2,532,Loyal Customers
14453.0,190,1,119.93,1,1,1,111,Lost
14456.0,5,9,3062.4,5,5,5,555,Champions
14457.0,311,1,113.64,1,1,1,111,Lost
14459.0,155,1,1837.92,2,1,4,214,Lost
14460.0,110,3,434.34,2,3,2,232,At Risk / Churning
14461.0,148,3,2103.06,2,3,5,235,At Risk / Churning
14462.0,66,11,2004.02,3,5,4,354,Loyal Customers
14463.0,98,3,529.62,2,3,3,233,At Risk / Churning
14465.0,247,3,1058.6200000000001,1,3,4,134,At Risk / Churning
14466.0,29,7,2272.4,4,5,5,455,Champions
14467.0,18,4,598.76,4,4,3,443,Champions
14470.0,12,2,461.19,5,3,2,532,Loyal Customers
14472.0,104,8,1936.84,2,5,4,254,At Risk / Churning
14473.0,74,2,234.34000000000003,2,3,1,231,At Risk / Churning
14474.0,46,1,547.66,3,1,3,313,Needs Attention
14475.0,72,3,925.85,3,3,3,333,Loyal Customers
14476.0,257,1,215.7,1,1,1,111,Lost
14477.0,20,4,1309.6,4,4,4,444,Champions
14479.0,254,2,316.25,1,3,2,132,At Risk / Churning
14480.0,11,1,279.05,5,1,2,512,New/Promising
14481.0,165,2,636.51,2,3,3,233,At Risk / Churning
14482.0,18,6,2068.15,4,5,5,455,Champions
14483.0,282,1,137.1,1,1,1,111,Lost
14484.0,50,1,321.92,3,1,2,312,Needs Attention
14485.0,39,1,165.75,3,1,1,311,Needs Attention
14487.0,27,6,1196.33,4,5,4,454,Champions
14488.0,68,1,1064.28,3,1,4,314,Needs Attention
14489.0,207,1,463.38,1,1,2,112,Lost
14491.0,175,2,340.93,2,3,2,232,At Risk / Churning
14493.0,7,5,2383.2400000000002,5,4,5,545,Champions
14494.0,26,1,139.56,4,1,1,411,New/Promising
14495.0,51,2,123.8,3,3,1,331,Loyal Customers
14496.0,312,2,538.8100000000001,1,3,3,133,At Risk / Churning
14497.0,309,1,475.37,1,1,2,112,Lost
14498.0,43,5,1957.32,3,4,4,344,Loyal Customers
14499.0,26,3,815.32,4,3,3,433,Loyal Customers
14500.0,88,3,356.85,2,3,2,232,At Risk / Churning
14501.0,184,2,251.21,1,3,2,132,At Risk / Churning
14502.0,20,11,2470.67,4,5,5,455,Champions
14503.0,3,6,3543.26,5,5,5,555,Champions
14504.0,47,4,673.26,3,4,3,343,Loyal Customers
14505.0,17,8,5905.64,4,5,5,455,Champions
14506.0,17,5,2012.17,4,4,4,444,Champions
14507.0,24,6,1383.18,4,5,4,454,Champions
14508.0,22,2,276.42,4,3,2,432,Loyal Customers
14511.0,11,5,1314.81,5,4,4,544,Champions
14512.0,188,2,275.28,1,3,2,132,At Risk / Churning
14513.0,101,3,455.59000000000003,2,3,2,232,At Risk / Churning
14514.0,61,3,1055.35,3,3,4,334,Loyal Customers
14515.0,18,6,2102.09,4,5,5,455,Champions
14517.0,33,2,330.45,4,3,2,432,Loyal Customers
14518.0,64,1,174.37,3,1,1,311,Needs Attention
14520.0,2,2,270.6,5,3,2,532,Loyal Customers
14522.0,24,4,974.54,4,4,4,444,Champions
14523.0,108,1,241.09,2,1,1,211,Lost
14524.0,32,9,1867.68,4,5,4,454,Champions
14525.0,20,9,4332.2,4,5,5,455,Champions
14527.0,3,55,8508.82,5,5,5,555,Champions
14528.0,37,1,364.21999999999997,3,1,2,312,Needs Attention
14529.0,60,3,620.04,3,3,3,333,Loyal Customers
14530.0,26,6,2925.91,4,5,5,455,Champions
14532.0,236,4,932.85,1,4,3,143,At Risk / Churning
14533.0,25,7,1949.72,4,5,4,454,Champions
14534.0,3,18,4447.05,5,5,5,555,Champions
14535.0,60,3,2864.19,3,3,5,335,Loyal Customers
14536.0,260,1,171.8,1,1,1,111,Lost
14537.0,58,1,355.56,3,1,2,312,Needs Attention
14538.0,65,2,388.25,3,3,2,332,Loyal Customers
14539.0,16,2,537.48,4,3,3,433,Loyal Customers
14540.0,10,3,996.26,5,3,4,534,Loyal Customers
14541.0,59,8,1461.65,3,5,4,354,Loyal Customers
14542.0,186,1,103.25,1,1,1,111,Lost
14543.0,29,16,3630.33,4,5,5,455,Champions
14544.0,24,2,2024.45,4,3,4,434,Loyal Customers
14546.0,5,5,2578.09,5,4,5,545,Champions
14547.0,4,8,4007.54,5,5,5,555,Champions
14548.0,151,2,652.8,2,3,3,233,At Risk / Churning
14549.0,311,1,289.24,1,1,2,112,Lost
14550.0,11,2,765.62,5,3,3,533,Loyal Customers
14551.0,18,2,186.23,4,3,1,431,Loyal Customers
14552.0,152,1,165.07,2,1,1,211,Lost
14553.0,19,5,859.27,4,4,3,443,Champions
14554.0,10,4,2381.04,5,4,5,545,Champions
14555.0,57,2,324.14,3,3,2,332,Loyal Customers
14557.0,85,1,788.38,2,1,3,213,Lost
14560.0,7,22,2237.77,5,5,5,555,Champions
14561.0,76,3,1080.76,2,3,4,234,At Risk / Churning
14562.0,4,18,5074.77,5,5,5,555,Champions
14565.0,96,4,3099.12,2,4,5,245,At Risk / Churning
14566.0,111,1,1432.0,2,1,4,214,Lost
14567.0,57,2,1530.3600000000001,3,3,4,334,Loyal Customers
14569.0,1,1,227.39,5,1,1,511,New/Promising
14570.0,281,2,218.06,1,3,1,131,At Risk / Churning
14572.0,3,7,2832.84,5,5,5,555,Champions
14573.0,180,9,1653.42,1,5,4,154,At Risk / Churning
14576.0,372,1,35.400000000000006,1,1,1,111,Lost
14577.0,13,4,859.71,5,4,3,543,Champions
14578.0,3,1,168.63,5,1,1,511,New/Promising
14581.0,17,1,138.6,4,1,1,411,New/Promising
14582.0,41,1,114.11,3,1,1,311,Needs Attention
14583.0,6,5,1052.55,5,4,4,544,Champions
14584.0,169,4,1042.26,2,4,4,244,At Risk / Churning
14585.0,50,1,157.05,3,1,1,311,Needs Attention
14586.0,277,1,237.36,1,1,1,111,Lost
14587.0,19,9,1601.14,4,5,4,454,Champions
14589.0,372,1,39.75,1,1,1,111,Lost
14591.0,15,4,1447.14,4,4,4,444,Champions
14592.0,35,3,570.46,3,3,3,333,Loyal Customers
14593.0,22,3,617.99,4,3,3,433,Loyal Customers
14594.0,7,2,379.83,5,3,2,532,Loyal Customers
14595.0,20,6,1740.6,4,5,4,454,Champions
14597.0,11,2,883.15,5,3,3,533,Loyal Customers
14598.0,44,1,221.97,3,1,1,311,Needs Attention
14600.0,306,1,393.33000000000004,1,1,2,112,Lost
14601.0,11,1,213.96,5,1,1,511,New/Promising
14603.0,275,1,660.0,1,1,3,113,Lost
14606.0,1,93,12156.65,5,5,5,555,Champions
14607.0,16,14,16569.5,4,5,5,455,Champions
14608.0,4,4,1785.15,5,4,4,544,Champions
14609.0,72,4,601.56,3,4,3,343,Loyal Customers
14616.0,243,3,406.08000000000004,1,3,2,132,At Risk / Churning
14618.0,9,3,553.44,5,3,3,533,Loyal Customers
14619.0,246,1,394.44,1,1,2,112,Lost
14620.0,206,2,412.78000000000003,1,3,2,132,At Risk / Churning
14621.0,1,5,1788.3600000000001,5,4,4,544,Champions
14622.0,185,1,320.58000000000004,1,1,2,112,Lost
14623.0,32,5,889.25,4,4,3,443,Champions
14624.0,57,2,225.85,3,3,1,331,Loyal Customers
14625.0,196,2,899.63,1,3,3,133,At Risk / Churning
14626.0,24,4,2791.27,4,4,5,445,Champions
14628.0,91,2,671.96,2,3,3,233,At Risk / Churning
14629.0,4,2,959.01,5,3,4,534,Loyal Customers
14631.0,51,3,1006.98,3,3,4,334,Loyal Customers
14632.0,263,1,114.56,1,1,1,111,Lost
14633.0,266,1,344.90000000000003,1,1,2,112,Lost
14636.0,36,2,609.85,3,3,3,333,Loyal Customers
14638.0,51,1,443.6,3,1,2,312,Needs Attention
14639.0,52,6,2984.49,3,5,5,355,Loyal Customers
14640.0,24,6,2125.08,4,5,5,455,Champions
14641.0,22,1,110.46,4,1,1,411,New/Promising
14642.0,59,1,96.12,3,1,1,311,Needs Attention
14643.0,170,2,693.8100000000001,2,3,3,233,At Risk / Churning
14644.0,68,2,830.76,3,3,3,333,Loyal Customers
14645.0,157,2,597.09,2,3,3,233,At Risk / Churning
14646.0,2,74,280206.02,5,5,5,555,Champions
14647.0,201,1,243.22,1,1,1,111,Lost
14649.0,5,4,1417.29,5,4,4,544,Champions
14651.0,67,2,654.6,3,3,3,333,Loyal Customers
14652.0,77,1,114.18,2,1,1,211,Lost
14653.0,1,7,1947.55,5,5,4,554,Champions
14655.0,8,4,1932.23,5,4,4,544,Champions
14656.0,169,2,291.05,2,3,2,232,At Risk / Churning
14657.0,18,4,848.22,4,4,3,443,Champions
14658.0,5,2,247.15,5,3,1,531,Loyal Customers
14659.0,9,9,2529.93,5,5,5,555,Champions
14660.0,87,2,285.74,2,3,2,232,At Risk / Churning
14661.0,27,1,107.95,4,1,1,411,New/Promising
14662.0,29,4,771.17,4,4,3,443,Champions
14664.0,20,2,637.89,4,3,3,433,Loyal Customers
14665.0,61,5,1835.7,3,4,4,344,Loyal Customers
14666.0,24,1,195.25,4,1,1,411,New/Promising
14667.0,11,25,9241.2,5,5,5,555,Champions
14669.0,242,3,1269.99,1,3,4,134,At Risk / Churning
14670.0,280,2,411.53,1,3,2,132,At Risk / Churning
14672.0,235,2,765.55,1,3,3,133,At Risk / Churning
14673.0,3,5,1736.4,5,4,4,544,Champions
14675.0,16,1,604.75,4,1,3,413,New/Promising
14676.0,31,6,2548.2400000000002,4,5,5,455,Champions
14680.0,25,16,28754.11,4,5,5,455,Champions
14681.0,71,3,498.95,3,3,3,333,Loyal Customers
14682.0,188,2,52.0,1,3,1,131,At Risk / Churning
14684.0,26,5,1236.28,4,4,4,444,Champions
14687.0,107,1,628.38,2,1,3,213,Lost
14688.0,8,21,5630.87,5,5,5,555,Champions
14689.0,209,1,112.8,1,1,1,111,Lost
14690.0,44,2,371.7,3,3,2,332,Loyal Customers
14691.0,31,5,2114.33,4,4,5,445,Champions
14692.0,137,4,591.55,2,4,3,243,At Risk / Churning
14693.0,265,1,172.9,1,1,1,111,Lost
14696.0,4,7,2078.95,5,5,5,555,Champions
14697.0,218,2,188.60999999999999,1,3,1,131,At Risk / Churning
14698.0,2,5,1250.76,5,4,4,544,Champions
14699.0,214,1,109.13000000000001,1,1,1,111,Lost
14700.0,32,3,2235.3,4,3,5,435,Loyal Customers
14701.0,11,9,2549.37,5,5,5,555,Champions
14702.0,1,17,3292.14,5,5,5,555,Champions
14703.0,15,1,318.17,4,1,2,412,New/Promising
14704.0,11,9,1546.91,5,5,4,554,Champions
14705.0,199,1,179.0,1,1,1,111,Lost
14708.0,3,3,1126.37,5,3,4,534,Loyal Customers
14709.0,15,13,4921.04,4,5,5,455,Champions
14710.0,14,4,606.13,4,4,3,443,Champions
14711.0,10,11,2868.8,5,5,5,555,Champions
14712.0,29,3,917.07,4,3,3,433,Loyal Customers
14713.0,9,11,2666.36,5,5,5,555,Champions
14714.0,24,1,160.19,4,1,1,411,New/Promising
14715.0,25,4,867.38,4,4,3,443,Champions
14716.0,43,2,329.68,3,3,2,332,Loyal Customers
14719.0,2,5,1602.13,5,4,4,544,Champions
14720.0,6,3,663.81,5,3,3,533,Loyal Customers
14722.0,147,1,187.92000000000002,2,1,1,211,Lost
14723.0,10,6,1158.3,5,5,4,554,Champions
14725.0,25,1,718.08,4,1,3,413,New/Promising
14727.0,274,1,268.58,1,1,2,112,Lost
14729.0,374,1,313.49,1,1,2,112,Lost
14730.0,1,8,2005.06,5,5,4,554,Champions
14731.0,47,3,380.02,3,3,2,332,Loyal Customers
14732.0,8,8,2702.4900000000002,5,5,5,555,Champions
14733.0,16,12,9585.91,4,5,5,455,Champions
14735.0,4,32,6065.69,5,5,5,555,Champions
14737.0,4,3,1164.55,5,3,4,534,Loyal Customers
14738.0,43,7,1314.45,3,5,4,354,Loyal Customers
14739.0,4,7,3902.28,5,5,5,555,Champions
14740.0,197,3,1448.21,1,3,4,134,At Risk / Churning
14741.0,12,6,1400.34,5,5,4,554,Champions
14744.0,16,7,1099.98,4,5,4,454,Champions
14745.0,113,5,1220.26,2,4,4,244,At Risk / Churning
14747.0,249,1,328.2,1,1,2,112,Lost
14748.0,29,5,1415.75,4,4,4,444,Champions
14752.0,44,1,389.64,3,1,2,312,Needs Attention
14753.0,87,1,563.15,2,1,3,213,Lost
14754.0,45,2,638.05,3,3,3,333,Loyal Customers
14755.0,10,11,5010.28,5,5,5,555,Champions
14756.0,15,1,738.96,4,1,3,413,New/Promising
14757.0,75,1,420.5,2,1,2,212,Lost
14758.0,145,4,1484.06,2,4,4,244,At Risk / Churning
14759.0,5,3,1625.97,5,3,4,534,Loyal Customers
14760.0,297,1,89.2,1,1,1,111,Lost
14761.0,59,2,255.9,3,3,2,332,Loyal Customers
14762.0,264,1,300.52,1,1,2,112,Lost
14764.0,47,1,278.3,3,1,2,312,Needs Attention
14765.0,29,3,254.11,4,3,2,432,Loyal Customers
14766.0,8,6,2473.37,5,5,5,555,Champions
14768.0,17,2,192.60000000000002,4,3,1,431,Loyal Customers
14769.0,3,8,10674.75,5,5,5,555,Champions
14770.0,232,2,876.42,1,3,3,133,At Risk / Churning
14772.0,112,1,139.26,2,1,1,211,Lost
14775.0,58,3,1011.9,3,3,4,334,Loyal Customers
14776.0,51,11,2538.3,3,5,5,355,Loyal Customers
14778.0,127,2,730.86,2,3,3,233,At Risk / Churning
14779.0,281,3,386.15,1,3,2,132,At Risk / Churning
14780.0,55,2,447.68,3,3,2,332,Loyal Customers
14782.0,320,1,200.10000000000002,1,1,1,111,Lost
14784.0,26,2,289.99,4,3,2,432,Loyal Customers
14785.0,10,2,77.4,5,3,1,531,Loyal Customers
14788.0,7,2,679.4399999999999,5,3,3,533,Loyal Customers
14789.0,29,1,197.64,4,1,1,411,New/Promising
14790.0,17,4,745.06,4,4,3,443,Champions
14792.0,64,1,6.2,3,1,1,311,Needs Attention
14793.0,21,1,228.99,4,1,1,411,New/Promising
14794.0,3,7,1319.91,5,5,4,554,Champions
14795.0,166,1,131.45000000000002,2,1,1,211,Lost
14796.0,1,17,8022.49,5,5,5,555,Champions
14798.0,53,3,173.74,3,3,1,331,Loyal Customers
14799.0,51,1,157.7,3,1,1,311,Needs Attention
14800.0,48,12,4339.74,3,5,5,355,Loyal Customers
14801.0,61,1,193.14,3,1,1,311,Needs Attention
14803.0,162,3,845.55,2,3,3,233,At Risk / Churning
14804.0,9,1,353.27,5,1,2,512,New/Promising
14805.0,15,4,554.65,4,4,3,443,Champions
14806.0,75,1,193.39000000000001,2,1,1,211,Lost
14808.0,40,8,2741.17,3,5,5,355,Loyal Customers
14810.0,41,11,2087.88,3,5,5,355,Loyal Customers
14813.0,370,2,155.43,1,3,1,131,At Risk / Churning
14815.0,37,2,778.5,3,3,3,333,Loyal Customers
14816.0,197,1,271.85,1,1,2,112,Lost
14817.0,200,2,1110.34,1,3,4,134,At Risk / Churning
14818.0,74,3,657.8,2,3,3,233,At Risk / Churning
14819.0,64,2,272.07,3,3,2,332,Loyal Customers
14820.0,21,4,507.29,4,4,3,443,Champions
14821.0,367,1,48.800000000000004,1,1,1,111,Lost
14823.0,180,3,321.43,1,3,2,132,At Risk / Churning
14824.0,10,4,1127.71,5,4,4,544,Champions
14825.0,4,12,2226.91,5,5,5,555,Champions
14828.0,197,3,2139.76,1,3,5,135,At Risk / Churning
14829.0,29,4,697.55,4,4,3,443,Champions
14830.0,53,1,197.13,3,1,1,311,Needs Attention
14834.0,18,6,1720.3,4,5,4,454,Champions
14836.0,10,3,102.44999999999999,5,3,1,531,Loyal Customers
14837.0,90,4,1649.5,2,4,4,244,At Risk / Churning
14840.0,268,1,62.85,1,1,1,111,Lost
14841.0,53,6,3295.76,3,5,5,355,Loyal Customers
14842.0,44,4,2824.69,3,4,5,345,Loyal Customers
14844.0,64,4,3189.81,3,4,5,345,Loyal Customers
14847.0,149,1,309.4,2,1,2,212,Lost
14849.0,22,25,7930.54,4,5,5,455,Champions
14850.0,312,1,325.75,1,1,2,112,Lost
14851.0,23,2,511.35,4,3,3,433,Loyal Customers
14852.0,58,6,2836.69,3,5,5,355,Loyal Customers
14853.0,24,2,475.8,4,3,2,432,Loyal Customers
14854.0,78,7,2759.83,2,5,5,255,At Risk / Churning
14855.0,119,2,645.65,2,3,3,233,At Risk / Churning
14856.0,36,3,1311.3799999999999,3,3,4,334,Loyal Customers
14857.0,60,2,1173.12,3,3,4,334,Loyal Customers
14859.0,13,4,1353.74,5,4,4,544,Champions
14860.0,19,1,170.32,4,1,1,411,New/Promising
14861.0,52,1,125.79,3,1,1,311,Needs Attention
14862.0,26,2,841.1999999999999,4,3,3,433,Loyal Customers
14863.0,29,1,266.76,4,1,2,412,New/Promising
14865.0,7,2,52.2,5,3,1,531,Loyal Customers
14866.0,11,12,14389.9,5,5,5,555,Champions
14867.0,186,3,710.28,1,3,3,133,At Risk / Churning
14868.0,3,8,2953.59,5,5,5,555,Champions
14869.0,9,2,725.7,5,3,3,533,Loyal Customers
14870.0,262,1,327.25,1,1,2,112,Lost
14871.0,3,4,522.38,5,4,3,543,Champions
14873.0,210,1,519.68,1,1,3,113,Lost
14875.0,108,2,1465.3200000000002,2,3,4,234,At Risk / Churning
14878.0,13,9,1485.54,5,5,4,554,Champions
14880.0,77,3,706.19,2,3,3,233,At Risk / Churning
14881.0,20,1,255.4,4,1,2,412,New/Promising
14882.0,27,2,589.7,4,3,3,433,Loyal Customers
14883.0,19,6,761.59,4,5,3,453,Champions
14885.0,132,1,765.3199999999999,2,1,3,213,Lost
14886.0,253,1,364.8,1,1,2,112,Lost
14887.0,79,1,1862.0,2,1,4,214,Lost
14888.0,207,1,369.2,1,1,2,112,Lost
14889.0,336,1,135.9,1,1,1,111,Lost
14890.0,254,1,125.65,1,1,1,111,Lost
14891.0,148,2,554.38,2,3,3,233,At Risk / Churning
14893.0,10,2,1237.8500000000001,5,3,4,534,Loyal Customers
14894.0,85,1,655.75,2,1,3,213,Lost
14895.0,8,20,11138.710000000001,5,5,5,555,Champions
14896.0,205,2,468.77000000000004,1,3,2,132,At Risk / Churning
14897.0,8,4,1366.38,5,4,4,544,Champions
14898.0,23,6,1303.52,4,5,4,454,Champions
14901.0,11,9,1421.29,5,5,4,554,Champions
14902.0,26,1,332.66,4,1,2,412,New/Promising
14903.0,21,5,2810.63,4,4,5,445,Champions
14904.0,2,2,1025.44,5,3,4,534,Loyal Customers
14905.0,158,2,616.15,2,3,3,233,At Risk / Churning
14907.0,3,7,3501.1,5,5,5,555,Champions
14908.0,74,1,277.8,2,1,2,212,Lost
14910.0,3,4,434.35,5,4,2,542,Champions
14911.0,1,201,143825.06,5,5,5,555,Champions
14912.0,17,2,867.85,4,3,3,433,Loyal Customers
14913.0,36,4,1227.43,3,4,4,344,Loyal Customers
14915.0,91,2,307.48,2,3,2,232,At Risk / Churning
14916.0,71,4,1268.98,3,4,4,344,Loyal Customers
14918.0,116,2,1610.15,2,3,4,234,At Risk / Churning
14920.0,213,2,977.77,1,3,4,134,At Risk / Churning
14921.0,30,2,1316.07,4,3,4,434,Loyal Customers
14923.0,51,1,749.1,3,1,3,313,Needs Attention
14924.0,246,1,310.05,1,1,2,112,Lost
14929.0,32,1,223.88,4,1,1,411,New/Promising
14930.0,109,3,2372.86,2,3,5,235,At Risk / Churning
14931.0,5,5,1257.68,5,4,4,544,Champions
14932.0,366,1,363.53,1,1,2,112,Lost
14934.0,82,2,1890.94,2,3,4,234,At Risk / Churning
14935.0,297,1,1784.71,1,1,4,114,Lost
14936.0,34,8,8137.02,3,5,5,355,Loyal Customers
14937.0,57,3,1621.88,3,3,4,334,Loyal Customers
14944.0,30,12,5900.25,4,5,5,455,Champions
14946.0,14,1,100.9,4,1,1,411,New/Promising
14947.0,72,2,290.82,3,3,2,332,Loyal Customers
14948.0,23,6,1101.97,4,5,4,454,Champions
14950.0,19,1,371.2,4,1,2,412,New/Promising
14951.0,79,1,311.69,2,1,2,212,Lost
14952.0,60,11,8099.49,3,5,5,355,Loyal Customers
14953.0,25,1,289.82,4,1,2,412,New/Promising
14954.0,12,1,336.17,5,1,2,512,New/Promising
14957.0,253,1,58.49,1,1,1,111,Lost
14958.0,147,3,499.68,2,3,3,233,At Risk / Churning
14959.0,64,4,695.42,3,4,3,343,Loyal Customers
14960.0,8,2,221.27,5,3,1,531,Loyal Customers
14961.0,11,9,7044.68,5,5,5,555,Champions
14962.0,271,1,126.7,1,1,1,111,Lost
14963.0,10,5,1487.8,5,4,4,544,Champions
14964.0,247,1,206.21,1,1,1,111,Lost
14965.0,96,2,599.0,2,3,3,233,At Risk / Churning
14966.0,15,1,191.32,4,1,1,411,New/Promising
14967.0,50,1,463.8,3,1,2,312,Needs Attention
14968.0,30,1,147.59,4,1,1,411,New/Promising
14970.0,68,4,1592.06,3,4,4,344,Loyal Customers
14971.0,35,3,1116.57,3,3,4,334,Loyal Customers
14972.0,128,1,114.77,2,1,1,211,Lost
14973.0,107,3,1314.45,2,3,4,234,At Risk / Churning
14974.0,37,1,114.39,3,1,1,311,Needs Attention
14975.0,57,1,279.94,3,1,2,312,Needs Attention
14976.0,57,7,790.86,3,5,3,353,Loyal Customers
14978.0,72,5,1931.42,3,4,4,344,Loyal Customers
14981.0,246,1,102.12,1,1,1,111,Lost
14984.0,19,2,213.27,4,3,1,431,Loyal Customers
14985.0,198,2,296.75,1,3,2,132,At Risk / Churning
14987.0,16,2,326.4,4,3,2,432,Loyal Customers
14988.0,212,1,334.54,1,1,2,112,Lost
14995.0,39,2,233.23000000000002,3,3,1,331,Loyal Customers
14997.0,46,3,546.1999999999999,3,3,3,333,Loyal Customers
14998.0,170,2,429.87,2,3,2,232,At Risk / Churning
15000.0,48,1,490.52,3,1,3,313,Needs Attention
15002.0,116,4,1641.76,2,4,4,244,At Risk / Churning
15004.0,147,1,1246.32,2,1,4,214,Lost
15005.0,16,28,6316.57,4,5,5,455,Champions
15006.0,51,1,502.09,3,1,3,313,Needs Attention
15007.0,159,1,156.91,2,1,1,211,Lost
15009.0,12,3,1261.78,5,3,4,534,Loyal Customers
15010.0,36,1,308.94,3,1,2,312,Needs Attention
15012.0,54,2,423.04,3,3,2,332,Loyal Customers
15014.0,43,2,260.17,3,3,2,332,Loyal Customers
15016.0,173,1,170.04,2,1,1,211,Lost
15017.0,34,1,125.58,3,1,1,311,Needs Attention
15018.0,39,3,496.21000000000004,3,3,3,333,Loyal Customers
15019.0,267,1,266.0,1,1,2,112,Lost
15021.0,9,9,1914.82,5,5,4,554,Champions
15022.0,12,4,905.04,5,4,3,543,Champions
15023.0,3,11,6802.76,5,5,5,555,Champions
15024.0,10,10,1661.33,5,5,4,554,Champions
15025.0,33,1,377.01,4,1,2,412,New/Promising
15026.0,80,3,469.0,2,3,2,232,At Risk / Churning
15027.0,31,4,1066.1499999999999,4,4,4,444,Champions
15028.0,8,4,627.13,5,4,3,543,Champions
15030.0,72,2,518.28,3,3,3,333,Loyal Customers
15031.0,4,4,668.14,5,4,3,543,Champions
15032.0,256,3,4959.1,1,3,5,135,At Risk / Churning
15033.0,5,10,2586.67,5,5,5,555,Champions
15034.0,16,8,4308.61,4,5,5,455,Champions
15035.0,90,1,252.73000000000002,2,1,2,212,Lost
15036.0,72,3,465.55,3,3,2,332,Loyal Customers
15038.0,59,6,705.49,3,5,3,353,Loyal Customers
15039.0,10,47,19914.44,5,5,5,555,Champions
15041.0,170,1,180.35,2,1,1,211,Lost
15042.0,199,1,135.93,1,1,1,111,Lost
15043.0,31,1,537.0,4,1,3,413,New/Promising
15044.0,19,17,7700.2300000000005,4,5,5,455,Champions
15045.0,152,2,735.66,2,3,3,233,At Risk / Churning
15046.0,9,15,5213.7699999999995,5,5,5,555,Champions
15047.0,270,1,343.62,1,1,2,112,Lost
15048.0,65,4,384.05,3,4,2,342,Loyal Customers
15049.0,274,1,121.17000000000002,1,1,1,111,Lost
15050.0,25,3,1782.09,4,3,4,434,Loyal Customers
15051.0,23,3,1391.61,4,3,4,434,Loyal Customers
15052.0,319,1,215.78,1,1,1,111,Lost
15053.0,5,3,697.79,5,3,3,533,Loyal Customers
15054.0,12,2,302.1,5,3,2,532,Loyal Customers
15057.0,275,2,1489.5,1,3,4,134,At Risk / Churning
15058.0,25,11,2124.9900000000002,4,5,5,455,Champions
15059.0,41,9,1337.72,3,5,4,354,Loyal Customers
15060.0,8,4,303.09,5,4,2,542,Champions
15061.0,4,48,54534.14,5,5,5,555,Champions
15062.0,71,4,987.86,3,4,4,344,Loyal Customers
15063.0,213,1,370.79999999999995,1,1,2,112,Lost
15065.0,38,4,3158.13,3,4,5,345,Loyal Customers
15066.0,53,1,893.59,3,1,3,313,Needs Attention
15067.0,78,3,1744.76,2,3,4,234,At Risk / Churning
15068.0,46,2,553.36,3,3,3,333,Loyal Customers
15069.0,179,1,1109.53,2,1,4,214,Lost
15070.0,373,1,106.2,1,1,1,111,Lost
15071.0,94,2,982.07,2,3,4,234,At Risk / Churning
15073.0,10,3,1043.41,5,3,4,534,Loyal Customers
15074.0,105,1,748.87,2,1,3,213,Lost
15075.0,78,1,773.03,2,1,3,213,Lost
15076.0,173,1,880.85,2,1,3,213,Lost
15078.0,7,32,9743.11,5,5,5,555,Champions
15079.0,213,4,895.61,1,4,3,143,At Risk / Churning
15081.0,22,5,504.8,4,4,3,443,Champions
15083.0,257,1,88.2,1,1,1,111,Lost
15087.0,282,1,306.94,1,1,2,112,Lost
15088.0,21,2,1160.07,4,3,4,434,Loyal Customers
15089.0,10,6,2420.84,5,5,5,555,Champions
15090.0,308,1,381.32,1,1,2,112,Lost
15091.0,68,1,480.71,3,1,2,312,Needs Attention
15092.0,215,2,457.81,1,3,2,132,At Risk / Churning
15093.0,18,6,4597.02,4,5,5,455,Champions
15095.0,104,4,1370.6,2,4,4,244,At Risk / Churning
15096.0,43,1,219.39000000000001,3,1,1,311,Needs Attention
15097.0,4,1,248.08,5,1,1,511,New/Promising
15098.0,182,3,39916.5,1,3,5,135,At Risk / Churning
15099.0,84,1,410.48,2,1,2,212,Lost
15100.0,334,3,876.0,1,3,3,133,At Risk / Churning
15101.0,9,2,317.53,5,3,2,532,Loyal Customers
15103.0,31,2,703.36,4,3,3,433,Loyal Customers
15104.0,197,2,1027.44,1,3,4,134,At Risk / Churning
15105.0,18,7,2298.93,4,5,5,455,Champions
15106.0,18,5,1422.52,4,4,4,444,Champions
15107.0,311,6,319.5,1,5,2,152,At Risk / Churning
15108.0,142,4,1300.25,2,4,4,244,At Risk / Churning
15109.0,246,1,484.95,1,1,2,112,Lost
15110.0,24,4,996.1,4,4,4,444,Champions
15111.0,29,3,1567.48,4,3,4,434,Loyal Customers
15113.0,10,3,3609.33,5,3,5,535,Loyal Customers
15114.0,30,10,2760.56,4,5,5,455,Champions
15115.0,18,1,340.11,4,1,2,412,New/Promising
15116.0,18,4,1352.75,4,4,4,444,Champions
15117.0,15,5,1551.78,4,4,4,444,Champions
15118.0,134,1,244.8,2,1,1,211,Lost
15119.0,246,1,266.4,1,1,2,112,Lost
15120.0,134,1,358.82,2,1,2,212,Lost
15121.0,50,2,457.72,3,3,2,332,Loyal Customers
15122.0,114,3,1633.78,2,3,4,234,At Risk / Churning
15123.0,7,2,2199.31,5,3,5,535,Loyal Customers
15124.0,23,2,184.19,4,3,1,431,Loyal Customers
15125.0,25,15,11528.48,4,5,5,455,Champions
15127.0,66,1,406.53,3,1,2,312,Needs Attention
15128.0,60,4,1471.0,3,4,4,344,Loyal Customers
15129.0,50,11,3447.4,3,5,5,355,Loyal Customers
15130.0,170,1,330.11,2,1,2,212,Lost
15132.0,18,5,977.9300000000001,4,4,4,444,Champions
15133.0,128,3,982.42,2,3,4,234,At Risk / Churning
15134.0,15,8,1387.99,4,5,4,454,Champions
15135.0,239,1,139.05,1,1,1,111,Lost
15136.0,3,4,1286.7,5,4,4,544,Champions
15139.0,240,2,178.96,1,3,1,131,At Risk / Churning
15140.0,52,7,2354.25,3,5,5,355,Loyal Customers
15142.0,46,1,498.74,3,1,3,313,Needs Attention
15143.0,226,1,259.45,1,1,2,112,Lost
15144.0,8,17,6580.44,5,5,5,555,Champions
15145.0,4,4,1194.73,5,4,4,544,Champions
15146.0,165,2,1327.16,2,3,4,234,At Risk / Churning
15147.0,240,1,623.5,1,1,3,113,Lost
15148.0,11,1,301.29,5,1,2,512,New/Promising
15149.0,134,1,520.8000000000001,2,1,3,213,Lost
15150.0,17,10,5314.47,4,5,5,455,Champions
15152.0,10,13,4745.69,5,5,5,555,Champions
15153.0,31,1,329.25,4,1,2,412,New/Promising
15154.0,75,1,296.42,2,1,2,212,Lost
15156.0,1,3,961.49,5,3,4,534,Loyal Customers
15157.0,4,3,1936.07,5,3,4,534,Loyal Customers
15158.0,45,1,401.40000000000003,3,1,2,312,Needs Attention
15159.0,2,30,18641.010000000002,5,5,5,555,Champions
15160.0,357,1,158.16,1,1,1,111,Lost
15163.0,18,2,304.47,4,3,2,432,Loyal Customers
15164.0,69,3,843.05,3,3,3,333,Loyal Customers
15165.0,373,1,487.75,1,1,2,112,Lost
15167.0,321,1,163.0,1,1,1,111,Lost
15168.0,26,1,106.56,4,1,1,411,New/Promising
15171.0,331,1,1289.5,1,1,4,114,Lost
15172.0,9,5,1624.05,5,4,4,544,Champions
15174.0,323,1,135.75,1,1,1,111,Lost
15175.0,72,1,224.14,3,1,1,311,Needs Attention
15178.0,260,1,40.5,1,1,1,111,Lost
15179.0,18,5,2206.95,4,4,5,445,Champions
15180.0,367,1,87.5,1,1,1,111,Lost
15181.0,66,3,689.4799999999999,3,3,3,333,Loyal Customers
15182.0,154,2,622.85,2,3,3,233,At Risk / Churning
15184.0,29,2,406.76,4,3,2,432,Loyal Customers
15185.0,70,1,310.62,3,1,2,312,Needs Attention
15186.0,14,2,411.41,4,3,2,432,Loyal Customers
15187.0,2,16,4777.18,5,5,5,555,Champions
15189.0,1,41,16225.39,5,5,5,555,Champions
15192.0,120,3,1044.32,2,3,4,234,At Risk / Churning
15193.0,61,1,499.32,3,1,3,313,Needs Attention
15194.0,3,15,7616.53,5,5,5,555,Champions
15195.0,3,1,3861.0,5,1,5,515,New/Promising
15197.0,11,3,1079.6100000000001,5,3,4,534,Loyal Customers
15198.0,92,2,193.64,2,3,1,231,At Risk / Churning
15199.0,59,4,1268.7,3,4,4,344,Loyal Customers
15201.0,87,5,1236.54,2,4,4,244,At Risk / Churning
15203.0,26,6,1827.8,4,5,4,454,Champions
15204.0,357,1,316.58,1,1,2,112,Lost
15205.0,85,2,653.24,2,3,3,233,At Risk / Churning
15206.0,10,4,420.29999999999995,5,4,2,542,Champions
15208.0,1,5,870.12,5,4,3,543,Champions
15210.0,225,1,331.18,1,1,2,112,Lost
15211.0,60,2,894.4100000000001,3,3,3,333,Loyal Customers
15212.0,241,1,101.8,1,1,1,111,Lost
15213.0,319,2,328.35,1,3,2,132,At Risk / Churning
15214.0,2,8,1661.44,5,5,4,554,Champions
15215.0,47,3,734.94,3,3,3,333,Loyal Customers
15216.0,88,1,96.6,2,1,1,211,Lost
15218.0,11,11,5756.89,5,5,5,555,Champions
15219.0,176,1,305.75,2,1,2,212,Lost
15220.0,52,6,1778.96,3,5,4,354,Loyal Customers
15221.0,366,1,403.25,1,1,2,112,Lost
15222.0,319,1,585.0,1,1,3,113,Lost
15223.0,226,2,755.75,1,3,3,133,At Risk / Churning
15224.0,358,2,322.08,1,3,2,132,At Risk / Churning
15225.0,234,1,409.40000000000003,1,1,2,112,Lost
15226.0,311,1,154.41,1,1,1,111,Lost
15227.0,37,5,1219.4,3,4,4,344,Loyal Customers
15228.0,66,4,3386.71,3,4,5,345,Loyal Customers
15230.0,239,2,429.6,1,3,2,132,At Risk / Churning
15232.0,113,2,612.06,2,3,3,233,At Risk / Churning
15234.0,277,1,197.0,1,1,1,111,Lost
15235.0,218,12,2247.51,1,5,5,155,At Risk / Churning
15236.0,299,1,321.05,1,1,2,112,Lost
15237.0,2,4,1412.32,5,4,4,544,Champions
15238.0,29,3,1071.99,4,3,4,434,Loyal Customers
15239.0,10,2,780.59,5,3,3,533,Loyal Customers
15240.0,45,5,1706.57,3,4,4,344,Loyal Customers
15241.0,67,8,1756.44,3,5,4,354,Loyal Customers
15243.0,74,1,316.68,2,1,2,212,Lost
15244.0,65,2,631.57,3,3,3,333,Loyal Customers
15245.0,134,3,2515.84,2,3,5,235,At Risk / Churning
15246.0,238,2,514.15,1,3,3,133,At Risk / Churning
15247.0,122,1,356.0,2,1,2,212,Lost
15249.0,32,13,6688.46,4,5,5,455,Champions
15251.0,9,11,10484.99,5,5,5,555,Champions
15252.0,36,2,740.78,3,3,3,333,Loyal Customers
15253.0,16,5,918.1999999999999,4,4,3,443,Champions
15254.0,127,1,300.36,2,1,2,212,Lost
15255.0,67,1,890.85,3,1,3,313,Needs Attention
15256.0,149,1,98.45,2,1,1,211,Lost
15257.0,283,1,317.15,1,1,2,112,Lost
15258.0,169,2,623.16,2,3,3,233,At Risk / Churning
15260.0,100,7,1810.77,2,5,4,254,At Risk / Churning
15261.0,135,1,254.82,2,1,2,212,Lost
15262.0,324,1,178.95000000000002,1,1,1,111,Lost
15263.0,107,1,156.51,2,1,1,211,Lost
15264.0,64,1,393.74,3,1,2,312,Needs Attention
15265.0,151,2,1506.1200000000001,2,3,4,234,At Risk / Churning
15266.0,338,1,119.3,1,1,1,111,Lost
15267.0,22,5,1717.36,4,4,4,444,Champions
15269.0,24,1,408.8,4,1,2,412,New/Promising
15270.0,16,7,2379.49,4,5,5,455,Champions
15271.0,7,15,2507.07,5,5,5,555,Champions
15272.0,57,2,721.94,3,3,3,333,Loyal Customers
15274.0,4,2,716.57,5,3,3,533,Loyal Customers
15275.0,38,1,615.14,3,1,3,313,Needs Attention
15276.0,66,1,135.31,3,1,1,311,Needs Attention
15277.0,47,1,255.89999999999998,3,1,2,312,Needs Attention
15279.0,355,1,290.51,1,1,2,112,Lost
15280.0,172,1,113.12,2,1,1,211,Lost
15281.0,59,9,2332.15,3,5,5,355,Loyal Customers
15286.0,50,1,240.55,3,1,1,311,Needs Attention
15287.0,22,2,486.69,4,3,2,432,Loyal Customers
15288.0,43,5,2306.52,3,4,5,345,Loyal Customers
15289.0,29,3,939.78,4,3,3,433,Loyal Customers
15290.0,5,18,7943.22,5,5,5,555,Champions
15291.0,26,15,4668.3,4,5,5,455,Champions
15292.0,201,1,180.94,1,1,1,111,Lost
15296.0,51,6,3672.86,3,5,5,355,Loyal Customers
15297.0,10,3,641.94,5,3,3,533,Loyal Customers
15298.0,2,12,4799.9,5,5,5,555,Champions
15299.0,67,7,4507.01,3,5,5,355,Loyal Customers
15300.0,64,1,496.44,3,1,3,313,Needs Attention
15301.0,51,12,5070.35,3,5,5,355,Loyal Customers
15303.0,290,1,574.02,1,1,3,113,Lost
15304.0,61,8,694.4000000000001,3,5,3,353,Loyal Customers
15306.0,64,3,1174.35,3,3,4,334,Loyal Customers
15307.0,96,1,205.3,2,1,1,211,Lost
15308.0,274,1,310.47,1,1,2,112,Lost
15311.0,1,91,60767.9,5,5,5,555,Champions
15312.0,75,4,924.85,2,4,3,243,At Risk / Churning
15313.0,110,1,52.0,2,1,1,211,Lost
15314.0,199,1,327.97,1,1,2,112,Lost
15315.0,64,2,570.5,3,3,3,333,Loyal Customers
15316.0,327,1,165.0,1,1,1,111,Lost
15318.0,4,1,312.62,5,1,2,512,New/Promising
15319.0,284,1,204.5,1,1,1,111,Lost
15320.0,44,1,267.13,3,1,2,312,Needs Attention
15321.0,71,3,2748.31,3,3,5,335,Loyal Customers
15322.0,86,1,679.68,2,1,3,213,Lost
15325.0,104,1,162.29,2,1,1,211,Lost
15326.0,334,1,311.71,1,1,2,112,Lost
15327.0,53,1,208.75,3,1,1,311,Needs Attention
15329.0,39,3,1049.7,3,3,4,334,Loyal Customers
15330.0,32,2,714.96,4,3,3,433,Loyal Customers
15332.0,366,4,1661.06,1,4,4,144,At Risk / Churning
15333.0,208,1,1028.56,1,1,4,114,Lost
15334.0,157,3,351.67,2,3,2,232,At Risk / Churning
15335.0,54,1,173.97,3,1,1,311,Needs Attention
15339.0,66,2,574.07,3,3,3,333,Loyal Customers
15341.0,81,1,2020.52,2,1,4,214,Lost
15342.0,130,1,406.09,2,1,2,212,Lost
15343.0,87,1,364.5,2,1,2,212,Lost
15344.0,1,3,563.94,5,3,3,533,Loyal Customers
15345.0,46,1,393.54,3,1,2,312,Needs Attention
15346.0,333,1,252.42000000000002,1,1,2,112,Lost
15347.0,366,1,201.60000000000002,1,1,1,111,Lost
15348.0,72,1,158.04,3,1,1,311,Needs Attention
15349.0,158,2,473.81,2,3,2,232,At Risk / Churning
15350.0,373,1,115.65,1,1,1,111,Lost
15351.0,12,7,1960.1100000000001,5,5,4,554,Champions
15353.0,255,2,777.02,1,3,3,133,At Risk / Churning
15355.0,29,2,277.05,4,3,2,432,Loyal Customers
15356.0,31,10,2766.5,4,5,5,455,Champions
15358.0,5,22,8347.2,5,5,5,555,Champions
15360.0,40,1,427.93,3,1,2,312,Needs Attention
15361.0,362,1,418.92,1,1,2,112,Lost
15363.0,373,1,326.0,1,1,2,112,Lost
15364.0,96,2,913.19,2,3,3,233,At Risk / Churning
15365.0,26,7,2314.32,4,5,5,455,Champions
15366.0,75,2,602.51,2,3,3,233,At Risk / Churning
15367.0,57,4,1877.59,3,4,4,344,Loyal Customers
15368.0,21,1,446.94000000000005,4,1,2,412,New/Promising
15370.0,41,7,2386.05,3,5,5,355,Loyal Customers
15372.0,137,1,2007.3999999999999,2,1,4,214,Lost
15373.0,8,12,2415.91,5,5,5,555,Champions
15374.0,129,1,168.0,2,1,1,211,Lost
15376.0,40,3,1233.3600000000001,3,3,4,334,Loyal Customers
15379.0,169,7,3703.29,2,5,5,255,At Risk / Churning
15380.0,9,5,1690.2600000000002,5,4,4,544,Champions
15381.0,214,2,596.85,1,3,3,133,At Risk / Churning
15382.0,15,6,5955.71,4,5,5,455,Champions
15384.0,170,2,642.41,2,3,3,233,At Risk / Churning
15385.0,40,1,316.88,3,1,2,312,Needs Attention
15386.0,186,1,394.14,1,1,2,112,Lost
15388.0,270,1,140.54,1,1,1,111,Lost
15389.0,172,1,500.0,2,1,3,213,Lost
15392.0,5,4,1535.53,5,4,4,544,Champions
15393.0,16,2,231.86,4,3,1,431,Loyal Customers
15394.0,10,4,2183.54,5,4,5,545,Champions
15395.0,326,1,107.45,1,1,1,111,Lost
15396.0,113,1,288.18,2,1,2,212,Lost
15397.0,290,1,94.0,1,1,1,111,Lost
15398.0,16,2,1345.53,4,3,4,434,Loyal Customers
15399.0,1,3,815.77,5,3,3,533,Loyal Customers
15400.0,92,5,716.2,2,4,3,243,At Risk / Churning
15402.0,149,2,626.77,2,3,3,233,At Risk / Churning
15405.0,189,1,349.1,1,1,2,112,Lost
15406.0,31,2,510.71000000000004,4,3,3,433,Loyal Customers
15407.0,34,4,1056.44,3,4,4,344,Loyal Customers
15408.0,264,1,267.18,1,1,2,112,Lost
15410.0,84,8,3450.84,2,5,5,255,At Risk / Churning
15411.0,26,4,1358.88,4,4,4,444,Champions
15412.0,171,1,190.53,2,1,1,211,Lost
15414.0,10,3,774.9000000000001,5,3,3,533,Loyal Customers
15415.0,313,1,572.8100000000001,1,1,3,113,Lost
15416.0,65,4,3984.32,3,4,5,345,Loyal Customers
15417.0,85,1,508.8,2,1,3,213,Lost
15419.0,25,1,135.86,4,1,1,411,New/Promising
15421.0,59,4,950.36,3,4,4,344,Loyal Customers
15422.0,323,2,97.7,1,3,1,131,At Risk / Churning
15423.0,38,1,43.5,3,1,1,311,Needs Attention
15424.0,254,2,383.34,1,3,2,132,At Risk / Churning
15426.0,19,5,1447.39,4,4,4,444,Champions
15427.0,33,3,1483.14,4,3,4,434,Loyal Customers
15428.0,15,1,93.78,4,1,1,411,New/Promising
15429.0,27,2,397.35,4,3,2,432,Loyal Customers
15432.0,23,1,171.19,4,1,1,411,New/Promising
15433.0,214,2,533.3,1,3,3,133,At Risk / Churning
15434.0,8,5,1041.48,5,4,4,544,Champions
15435.0,22,1,149.29,4,1,1,411,New/Promising
15436.0,12,3,1122.53,5,3,4,534,Loyal Customers
15437.0,262,1,200.16,1,1,1,111,Lost
15438.0,131,1,156.57999999999998,2,1,1,211,Lost
15440.0,55,3,383.68,3,3,2,332,Loyal Customers
15442.0,249,1,594.0,1,1,3,113,Lost
15443.0,2,7,3236.91,5,5,5,555,Champions
15444.0,9,2,1418.26,5,3,4,534,Loyal Customers
15445.0,264,1,113.5,1,1,1,111,Lost
15447.0,331,1,155.17,1,1,1,111,Lost
15448.0,313,1,494.64,1,1,3,113,Lost
15449.0,26,3,974.52,4,3,4,434,Loyal Customers
15450.0,30,1,429.84,4,1,2,412,New/Promising
15452.0,30,3,538.73,4,3,3,433,Loyal Customers
15453.0,2,7,1388.37,5,5,4,554,Champions
15454.0,362,1,179.1,1,1,1,111,Lost
15456.0,283,3,447.22,1,3,2,132,At Risk / Churning
15457.0,262,1,237.07,1,1,1,111,Lost
15458.0,25,1,161.64,4,1,1,411,New/Promising
15460.0,354,1,216.76,1,1,1,111,Lost
15462.0,94,3,234.6,2,3,1,231,At Risk / Churning
15463.0,29,1,126.14,4,1,1,411,New/Promising
15464.0,338,1,1048.85,1,1,4,114,Lost
15465.0,20,18,7354.62,4,5,5,455,Champions
15466.0,85,1,334.53,2,1,2,212,Lost
15467.0,9,3,524.88,5,3,3,533,Loyal Customers
15468.0,51,2,467.51,3,3,2,332,Loyal Customers
15469.0,50,2,538.55,3,3,3,333,Loyal Customers
15471.0,2,1,469.48,5,1,2,512,New/Promising
15472.0,113,1,371.56,2,1,2,212,Lost
15473.0,14,7,1771.2,4,5,4,454,Champions
15475.0,77,1,454.10999999999996,2,1,2,212,Lost
15478.0,40,2,1441.42,3,3,4,334,Loyal Customers
15480.0,116,1,905.5,2,1,3,213,Lost
15482.0,16,12,11054.96,4,5,5,455,Champions
15483.0,161,4,233.81,2,4,1,241,At Risk / Churning
15484.0,1,4,3594.31,5,4,5,545,Champions
15485.0,30,3,2575.0,4,3,5,435,Loyal Customers
15488.0,93,1,91.32000000000001,2,1,1,211,Lost
15489.0,23,3,1134.28,4,3,4,434,Loyal Customers
15491.0,95,6,3100.09,2,5,5,255,At Risk / Churning
15492.0,28,2,659.4599999999999,4,3,3,433,Loyal Customers
15493.0,33,5,2001.8,4,4,4,444,Champions
15494.0,21,2,1299.23,4,3,4,434,Loyal Customers
15497.0,18,2,1262.2,4,3,4,434,Loyal Customers
15498.0,3,27,13316.4,5,5,5,555,Champions
15500.0,8,4,1131.56,5,4,4,544,Champions
15502.0,16,12,10384.93,4,5,5,455,Champions
15503.0,363,1,147.09,1,1,1,111,Lost
15504.0,81,1,52.83,2,1,1,211,Lost
15505.0,53,5,3610.96,3,4,5,345,Loyal Customers
15506.0,23,3,979.26,4,3,4,434,Loyal Customers
15507.0,172,1,492.36,2,1,3,213,Lost
15508.0,189,6,1000.27,1,5,4,154,At Risk / Churning
15510.0,331,1,250.0,1,1,1,111,Lost
15511.0,12,5,909.23,5,4,3,543,Champions
15512.0,156,2,121.0,2,3,1,231,At Risk / Churning
15513.0,33,19,14758.220000000001,4,5,5,455,Champions
15514.0,12,11,4139.46,5,5,5,555,Champions
15516.0,45,3,62.43,3,3,1,331,Loyal Customers
15517.0,233,1,267.03,1,1,2,112,Lost
15518.0,64,8,1942.45,3,5,4,354,Loyal Customers
15520.0,2,1,343.5,5,1,2,512,New/Promising
15521.0,40,8,3000.2,3,5,5,355,Loyal Customers
15522.0,33,2,398.84,4,3,2,432,Loyal Customers
15523.0,84,1,412.01000000000005,2,1,2,212,Lost
15524.0,25,1,440.0,4,1,2,412,New/Promising
15525.0,2,3,825.92,5,3,3,533,Loyal Customers
15526.0,33,2,148.44,4,3,1,431,Loyal Customers
15527.0,19,8,2429.78,4,5,5,455,Champions
15528.0,254,1,229.33,1,1,1,111,Lost
15529.0,23,11,3995.23,4,5,5,455,Champions
15530.0,22,4,1502.35,4,4,4,444,Champions
15531.0,8,2,2007.44,5,3,4,534,Loyal Customers
15532.0,25,4,1580.93,4,4,4,444,Champions
15533.0,19,3,807.57,4,3,3,433,Loyal Customers
15535.0,173,4,536.4,2,4,3,243,At Risk / Churning
15537.0,163,1,110.92,2,1,1,211,Lost
15539.0,7,1,538.46,5,1,3,513,New/Promising
15540.0,11,1,213.3,5,1,1,511,New/Promising
15541.0,114,1,85.13000000000001,2,1,1,211,Lost
15543.0,288,1,127.86,1,1,1,111,Lost
15544.0,9,9,3546.71,5,5,5,555,Champions
15545.0,54,2,292.71999999999997,3,3,2,332,Loyal Customers
15547.0,7,14,4954.84,5,5,5,555,Champions
15549.0,77,3,1693.26,2,3,4,234,At Risk / Churning
15550.0,4,4,575.63,5,4,3,543,Champions
15551.0,37,1,436.06,3,1,2,312,Needs Attention
15552.0,217,1,90.12,1,1,1,111,Lost
15553.0,60,1,437.23,3,1,2,312,Needs Attention
15554.0,278,1,217.2,1,1,1,111,Lost
15555.0,12,16,4805.17,5,5,5,555,Champions
15556.0,24,1,279.77,4,1,2,412,New/Promising
15557.0,29,1,473.65000000000003,4,1,2,412,New/Promising
15561.0,12,4,800.59,5,4,3,543,Champions
15562.0,352,1,134.55,1,1,1,111,Lost
15563.0,22,4,1400.44,4,4,4,444,Champions
15565.0,50,2,173.16,3,3,1,331,Loyal Customers
15567.0,19,1,186.01,4,1,1,411,New/Promising
15568.0,3,3,758.29,5,3,3,533,Loyal Customers
15569.0,104,5,1375.71,2,4,4,244,At Risk / Churning
15570.0,7,12,4165.52,5,5,5,555,Champions
15571.0,12,4,650.4300000000001,5,4,3,543,Champions
15572.0,5,7,2552.86,5,5,5,555,Champions
15573.0,32,2,607.45,4,3,3,433,Loyal Customers
15574.0,178,4,702.25,2,4,3,243,At Risk / Churning
15576.0,38,1,940.6700000000001,3,1,3,313,Needs Attention
15577.0,151,3,258.88,2,3,2,232,At Risk / Churning
15578.0,162,1,127.1,2,1,1,211,Lost
15579.0,69,2,348.6,3,3,2,332,Loyal Customers
15581.0,121,13,3679.9700000000003,2,5,5,255,At Risk / Churning
15582.0,25,3,682.9100000000001,4,3,3,433,Loyal Customers
15584.0,24,4,725.11,4,4,3,443,Champions
15585.0,177,1,455.3,2,1,2,212,Lost
15587.0,50,4,913.6800000000001,3,4,3,343,Loyal Customers
15589.0,256,3,478.53000000000003,1,3,2,132,At Risk / Churning
15592.0,47,1,388.58,3,1,2,312,Needs Attention
15593.0,71,1,199.8,3,1,1,311,Needs Attention
15594.0,16,5,1771.78,4,4,4,444,Champions
15596.0,101,5,1406.59,2,4,4,244,At Risk / Churning
15597.0,35,1,324.57,3,1,2,312,Needs Attention
15598.0,53,1,240.68,3,1,1,311,Needs Attention
15599.0,27,2,761.74,4,3,3,433,Loyal Customers
15601.0,11,14,6776.56,5,5,5,555,Champions
15602.0,8,9,1297.8700000000001,5,5,4,554,Champions
15603.0,79,1,48.480000000000004,2,1,1,211,Lost
15604.0,52,1,216.39,3,1,1,311,Needs Attention
15605.0,36,5,1198.23,3,4,4,344,Loyal Customers
15606.0,61,9,2920.16,3,5,5,355,Loyal Customers
15607.0,337,1,104.76,1,1,1,111,Lost
15608.0,28,4,1093.68,4,4,4,444,Champions
15609.0,184,1,298.48,1,1,2,112,Lost
15610.0,52,1,112.46000000000001,3,1,1,311,Needs Attention
15611.0,10,13,1591.45,5,5,4,554,Champions
15612.0,36,2,195.15,3,3,1,331,Loyal Customers
15615.0,10,23,10399.74,5,5,5,555,Champions
15618.0,33,4,776.851,4,4,3,443,Champions
15619.0,11,1,336.40000000000003,5,1,2,512,New/Promising
15620.0,57,3,1553.18,3,3,4,334,Loyal Customers
15621.0,4,4,1293.03,5,4,4,544,Champions
15622.0,43,9,3709.56,3,5,5,355,Loyal Customers
15623.0,141,1,301.03,2,1,2,212,Lost
15624.0,117,4,588.13,2,4,3,243,At Risk / Churning
15625.0,104,4,1534.26,2,4,4,244,At Risk / Churning
15626.0,75,2,675.8,2,3,3,233,At Risk / Churning
15628.0,5,9,2870.2400000000002,5,5,5,555,Champions
15630.0,45,2,1186.35,3,3,4,334,Loyal Customers
15632.0,16,8,3285.31,4,5,5,455,Champions
15634.0,17,1,243.55,4,1,1,411,New/Promising
15636.0,90,2,724.76,2,3,3,233,At Risk / Churning
15637.0,53,1,223.36,3,1,1,311,Needs Attention
15639.0,134,1,425.32,2,1,2,212,Lost
15640.0,4,15,12515.66,5,5,5,555,Champions
15641.0,105,4,1887.2,2,4,4,244,At Risk / Churning
15643.0,192,3,664.0,1,3,3,133,At Risk / Churning
15644.0,166,4,813.0,2,4,3,243,At Risk / Churning
15645.0,19,1,612.01,4,1,3,413,New/Promising
15646.0,158,3,447.64000000000004,2,3,2,232,At Risk / Churning
15648.0,204,2,657.35,1,3,3,133,At Risk / Churning
15649.0,336,2,816.0,1,3,3,133,At Risk / Churning
15651.0,37,3,646.3,3,3,3,333,Loyal Customers
15652.0,91,1,337.74,2,1,2,212,Lost
15653.0,93,2,877.4399999999999,2,3,3,233,At Risk / Churning
15654.0,9,2,922.53,5,3,3,533,Loyal Customers
15655.0,243,1,560.67,1,1,3,113,Lost
15656.0,45,4,748.5,3,4,3,343,Loyal Customers
15657.0,23,1,30.0,4,1,1,411,New/Promising
15658.0,190,5,1024.1000000000001,1,4,4,144,At Risk / Churning
15659.0,44,1,306.45,3,1,2,312,Needs Attention
15660.0,25,9,1600.86,4,5,4,454,Champions
15661.0,317,2,309.8,1,3,2,132,At Risk / Churning
15663.0,106,1,138.14,2,1,1,211,Lost
15664.0,51,1,386.43,3,1,2,312,Needs Attention
15665.0,168,2,2242.01,2,3,5,235,At Risk / Churning
15667.0,40,1,301.32,3,1,2,312,Needs Attention
15668.0,218,1,76.32000000000001,1,1,1,111,Lost
15669.0,40,4,684.34,3,4,3,343,Loyal Customers
15670.0,297,1,173.05,1,1,1,111,Lost
15671.0,19,7,2657.13,4,5,5,455,Champions
15673.0,88,4,2881.02,2,4,5,245,At Risk / Churning
15674.0,73,5,2446.6,2,4,5,245,At Risk / Churning
15675.0,81,3,323.69,2,3,2,232,At Risk / Churning
15676.0,19,3,3435.76,4,3,5,435,Loyal Customers
15677.0,49,1,657.23,3,1,3,313,Needs Attention
15678.0,53,1,352.7,3,1,2,312,Needs Attention
15679.0,24,4,781.28,4,4,3,443,Champions
15680.0,9,3,1333.68,5,3,4,534,Loyal Customers
15681.0,25,5,1426.16,4,4,4,444,Champions
15683.0,117,1,193.75,2,1,1,211,Lost
15687.0,9,9,2993.1,5,5,5,555,Champions
15689.0,120,2,254.1,2,3,2,232,At Risk / Churning
15690.0,4,2,239.76,5,3,1,531,Loyal Customers
15691.0,252,1,136.8,1,1,1,111,Lost
15692.0,28,1,191.04,4,1,1,411,New/Promising
15694.0,1,14,6479.4,5,5,5,555,Champions
15695.0,267,2,409.98,1,3,2,132,At Risk / Churning
15696.0,33,8,2736.46,4,5,5,455,Champions
15699.0,18,1,309.65,4,1,2,412,New/Promising
15700.0,172,2,696.68,2,3,3,233,At Risk / Churning
15701.0,2,4,1542.14,5,4,4,544,Champions
15703.0,265,1,211.5,1,1,1,111,Lost
15704.0,140,4,2293.62,2,4,5,245,At Risk / Churning
15705.0,201,1,143.1,1,1,1,111,Lost
15706.0,64,4,1060.56,3,4,4,344,Loyal Customers
15707.0,35,4,945.58,3,4,4,344,Loyal Customers
15708.0,41,7,3364.2400000000002,3,5,5,355,Loyal Customers
15709.0,284,1,133.25,1,1,1,111,Lost
15712.0,9,5,1072.3600000000001,5,4,4,544,Champions
15713.0,143,2,356.7,2,3,2,232,At Risk / Churning
15714.0,12,2,330.88,5,3,2,532,Loyal Customers
15716.0,146,4,1118.81,2,4,4,244,At Risk / Churning
15717.0,234,1,150.3,1,1,1,111,Lost
15719.0,33,13,5045.61,4,5,5,455,Champions
15720.0,24,1,598.73,4,1,3,413,New/Promising
15721.0,12,1,507.08,5,1,3,513,New/Promising
15722.0,36,5,2222.56,3,4,5,345,Loyal Customers
15723.0,365,1,203.1,1,1,1,111,Lost
15724.0,201,2,218.25,1,3,1,131,At Risk / Churning
15725.0,15,1,415.25,4,1,2,412,New/Promising
15727.0,17,7,5178.96,4,5,5,455,Champions
15729.0,213,1,85.0,1,1,1,111,Lost
15730.0,66,3,1120.88,3,3,4,334,Loyal Customers
15732.0,212,2,294.12,1,3,2,132,At Risk / Churning
15733.0,283,1,162.3,1,1,1,111,Lost
15734.0,115,2,1339.45,2,3,4,234,At Risk / Churning
15737.0,15,8,1205.1200000000001,4,5,4,454,Champions
15738.0,19,16,4812.42,4,5,5,455,Champions
15739.0,66,1,449.12,3,1,2,312,Needs Attention
15740.0,49,1,154.88,3,1,1,311,Needs Attention
15743.0,16,4,784.46,4,4,3,443,Champions
15744.0,78,1,34.8,2,1,1,211,Lost
15745.0,19,4,1094.59,4,4,4,444,Champions
15746.0,134,1,196.88,2,1,1,211,Lost
15747.0,13,3,974.04,5,3,4,534,Loyal Customers
15748.0,40,1,149.31,3,1,1,311,Needs Attention
15749.0,235,3,44534.3,1,3,5,135,At Risk / Churning
15750.0,3,8,2465.48,5,5,5,555,Champions
15752.0,40,7,2637.38,3,5,5,355,Loyal Customers
15753.0,305,1,79.2,1,2,1,121,Lost
15754.0,51,3,458.57,3,3,2,332,Loyal Customers
15755.0,10,6,2364.25,5,5,5,555,Champions
15756.0,61,4,532.96,3,4,3,343,Loyal Customers
15757.0,66,2,714.42,3,3,3,333,Loyal Customers
15758.0,25,1,205.25,4,2,1,421,New/Promising
15759.0,218,3,253.04,1,4,2,142,At Risk / Churning
15762.0,65,2,583.75,3,3,3,333,Loyal Customers
15763.0,32,2,1086.92,4,3,4,434,Loyal Customers
15764.0,88,6,3279.97,2,5,5,255,At Risk / Churning
15766.0,64,1,315.06,3,2,2,322,Needs Attention
15768.0,116,3,621.8299999999999,2,4,3,243,At Risk / Churning
15769.0,7,26,56252.72,5,5,5,555,Champions
15773.0,6,1,635.6800000000001,5,2,3,523,New/Promising
15774.0,69,1,270.8,3,2,2,322,Needs Attention
15775.0,245,1,104.9,1,2,1,121,Lost
15776.0,133,1,241.62,2,2,1,221,Lost
15777.0,241,4,1047.11,1,4,4,144,At Risk / Churning
15780.0,184,3,475.28000000000003,1,4,2,142,At Risk / Churning
15781.0,25,3,345.46,4,4,2,442,Champions
15782.0,10,3,2614.7400000000002,5,4,5,545,Champions
15783.0,11,1,246.3,5,2,1,521,New/Promising
15785.0,33,5,2328.9700000000003,4,4,5,445,Champions
15786.0,46,3,4932.2,3,4,5,345,Loyal Customers
15787.0,26,3,948.05,4,4,4,444,Champions
15789.0,358,1,351.3,1,2,2,122,Lost
15790.0,10,1,220.85,5,2,1,521,New/Promising
15791.0,44,2,1612.69,3,3,4,334,Loyal Customers
15793.0,15,3,965.61,4,4,4,444,Champions
15795.0,150,1,610.01,2,2,3,223,Lost
15796.0,1,8,2711.56,5,5,5,555,Champions
15797.0,113,4,2207.4,2,4,5,245,At Risk / Churning
15799.0,76,3,884.14,2,4,3,243,At Risk / Churning
15800.0,107,2,699.08,2,3,3,233,At Risk / Churning
15801.0,46,3,1063.95,3,4,4,344,Loyal Customers
15802.0,143,1,451.42,2,2,2,222,Lost
15803.0,51,1,415.82000000000005,3,2,2,322,Needs Attention
15804.0,1,13,4206.39,5,5,5,555,Champions
15805.0,23,17,5528.4800000000005,4,5,5,455,Champions
15806.0,46,3,784.58,3,4,3,343,Loyal Customers
15807.0,50,3,903.9,3,4,3,343,Loyal Customers
15808.0,306,4,3734.9700000000003,1,4,5,145,At Risk / Churning
15809.0,36,5,515.77,3,4,3,343,Loyal Customers
15810.0,79,4,1391.98,2,4,4,244,At Risk / Churning
15811.0,22,6,2218.62,4,5,5,455,Champions
15812.0,107,5,1801.14,2,4,4,244,At Risk / Churning
15813.0,208,2,1303.9099999999999,1,3,4,134,At Risk / Churning
15814.0,17,4,1945.33,4,4,4,444,Champions
15815.0,64,5,2100.6,3,4,5,345,Loyal Customers
15819.0,49,4,1905.45,3,4,4,344,Loyal Customers
15820.0,320,1,206.98,1,2,1,121,Lost
15821.0,44,2,570.96,3,3,3,333,Loyal Customers
15822.0,3,2,885.47,5,3,3,533,Loyal Customers
15823.0,372,1,15.0,1,2,1,121,Lost
15825.0,172,1,532.94,2,2,3,223,Lost
15826.0,56,3,1654.31,3,4,4,344,Loyal Customers
15827.0,73,14,1836.0900000000001,2,5,4,254,At Risk / Churning
15829.0,99,2,636.14,2,3,3,233,At Risk / Churning
15830.0,38,1,576.0,3,2,3,323,Needs Attention
15831.0,58,3,801.76,3,4,3,343,Loyal Customers
15832.0,254,1,836.79,1,2,3,123,Lost
15834.0,70,4,2233.75,3,4,5,345,Loyal Customers
15835.0,44,4,954.09,3,4,4,344,Loyal Customers
15836.0,50,1,137.37,3,2,1,321,Needs Attention
15837.0,65,1,391.98,3,2,2,322,Needs Attention
15838.0,11,19,33643.08,5,5,5,555,Champions
15839.0,33,3,1048.49,4,4,4,444,Champions
15840.0,59,2,355.56,3,3,2,332,Loyal Customers
15841.0,73,4,1224.06,2,4,4,244,At Risk / Churning
15843.0,304,1,118.95000000000002,1,2,1,121,Lost
15844.0,46,1,130.73999999999998,3,2,1,321,Needs Attention
15845.0,18,8,3711.77,4,5,5,455,Champions
15847.0,38,2,389.27,3,3,2,332,Loyal Customers
15850.0,19,2,238.85,4,3,1,431,Loyal Customers
15852.0,187,2,160.71,1,3,1,131,At Risk / Churning
15853.0,52,1,110.8,3,2,1,321,Needs Attention
15854.0,4,12,2974.65,5,5,5,555,Champions
15855.0,137,5,712.24,2,4,3,243,At Risk / Churning
15856.0,4,27,16387.57,5,5,5,555,Champions
15857.0,19,1,297.0,4,2,2,422,New/Promising
15858.0,16,5,1438.85,4,4,4,444,Champions
15860.0,41,8,977.21,3,5,4,354,Loyal Customers
15861.0,12,8,3165.36,5,5,5,555,Champions
15862.0,8,4,832.88,5,4,3,543,Champions
15863.0,26,2,68.84,4,3,1,431,Loyal Customers
15864.0,22,6,1936.3200000000002,4,5,4,454,Champions
15865.0,41,3,895.13,3,4,3,343,Loyal Customers
15866.0,101,1,230.53,2,2,1,221,Lost
15867.0,5,15,3812.64,5,5,5,555,Champions
15869.0,277,2,149.64,1,3,1,131,At Risk / Churning
15870.0,33,1,354.09000000000003,4,2,2,422,New/Promising
15872.0,15,2,360.93,4,3,2,432,Loyal Customers
15874.0,64,7,4405.88,3,5,5,355,Loyal Customers
15877.0,2,2,493.28,5,3,3,533,Loyal Customers
15880.0,369,1,343.28000000000003,1,2,2,122,Lost
15881.0,312,5,501.39000000000004,1,4,3,143,At Risk / Churning
15882.0,199,4,516.36,1,4,3,143,At Risk / Churning
15883.0,2,2,396.48,5,3,2,532,Loyal Customers
15885.0,93,3,379.35,2,4,2,242,At Risk / Churning
15886.0,60,1,181.09,3,2,1,321,Needs Attention
15888.0,81,1,168.31,2,2,1,221,Lost
15889.0,157,2,446.87,2,3,2,232,At Risk / Churning
15891.0,227,1,524.52,1,2,3,123,Lost
15894.0,253,2,263.55,1,3,2,132,At Risk / Churning
15895.0,150,1,179.17,2,2,1,221,Lost
15897.0,194,2,222.05,1,3,1,131,At Risk / Churning
15898.0,1,5,1388.88,5,4,4,544,Champions
15899.0,369,1,56.25,1,2,1,121,Lost
15900.0,24,1,351.11,4,2,2,422,New/Promising
15901.0,17,3,363.88,4,4,2,442,Champions
15903.0,10,7,5126.76,5,5,5,555,Champions
15904.0,8,1,164.68,5,2,1,521,New/Promising
15906.0,20,7,1567.69,4,5,4,454,Champions
15907.0,4,3,967.45,5,4,4,544,Champions
15909.0,174,1,191.94,2,2,1,221,Lost
15910.0,1,8,1232.18,5,5,4,554,Champions
15912.0,178,2,264.62,2,3,2,232,At Risk / Churning
15916.0,16,8,1528.09,4,5,4,454,Champions
15917.0,248,1,123.1,1,2,1,121,Lost
15918.0,191,2,334.23,1,3,2,132,At Risk / Churning
15919.0,20,2,639.89,4,3,3,433,Loyal Customers
15920.0,154,4,167.5,2,4,1,241,At Risk / Churning
15921.0,173,1,336.03000000000003,2,2,2,222,Lost
15922.0,373,1,369.5,1,2,2,122,Lost
15923.0,373,1,127.08,1,2,1,121,Lost
15925.0,194,1,207.15,1,2,1,121,Lost
15930.0,67,1,426.63,3,2,2,322,Needs Attention
15932.0,4,8,2495.87,5,5,5,555,Champions
15933.0,21,3,1107.46,4,4,4,444,Champions
15935.0,239,2,416.86,1,3,2,132,At Risk / Churning
15937.0,64,1,145.35,3,2,1,321,Needs Attention
15938.0,112,5,404.58,2,4,2,242,At Risk / Churning
15939.0,90,15,6115.01,2,5,5,255,At Risk / Churning
15940.0,311,1,35.8,1,2,1,121,Lost
15942.0,134,1,337.44,2,2,2,222,Lost
15944.0,277,1,325.1,1,2,2,122,Lost
15945.0,365,1,181.0,1,2,1,121,Lost
15947.0,83,1,1708.24,2,2,4,224,Lost
15948.0,8,2,955.24,5,3,4,534,Loyal Customers
15949.0,17,2,364.72,4,3,2,432,Loyal Customers
15950.0,32,4,1765.51,4,4,4,444,Champions
15951.0,9,2,708.22,5,3,3,533,Loyal Customers
15952.0,34,4,806.57,3,4,3,343,Loyal Customers
15953.0,15,8,1659.3799999999999,4,5,4,454,Champions
15955.0,24,14,4416.26,4,5,5,455,Champions
15957.0,32,1,428.89,4,2,2,422,New/Promising
15958.0,74,1,104.35,2,2,1,221,Lost
15963.0,20,2,470.76,4,3,2,432,Loyal Customers
15965.0,17,4,845.64,4,4,3,443,Champions
15967.0,23,2,418.83,4,3,2,432,Loyal Customers
15969.0,3,3,666.1,5,4,3,543,Champions
15970.0,304,1,314.1,1,2,2,122,Lost
15971.0,18,12,4199.85,4,5,5,455,Champions
15973.0,367,1,307.82000000000005,1,2,2,122,Lost
15974.0,39,7,3442.15,3,5,5,355,Loyal Customers
15975.0,84,1,371.01,2,2,2,222,Lost
15976.0,165,2,430.94,2,3,2,232,At Risk / Churning
15977.0,17,2,1054.73,4,3,4,434,Loyal Customers
15978.0,77,1,1098.78,2,2,4,224,Lost
15980.0,89,3,2398.86,2,4,5,245,At Risk / Churning
15981.0,25,8,3408.48,4,5,5,455,Champions
15983.0,22,4,1475.02,4,4,4,444,Champions
15984.0,3,10,2837.67,5,5,5,555,Champions
15985.0,123,2,1142.42,2,3,4,234,At Risk / Churning
15986.0,30,1,168.12,4,2,1,421,New/Promising
15987.0,12,7,1451.28,5,5,4,554,Champions
15988.0,19,1,158.03,4,2,1,421,New/Promising
15990.0,44,2,792.11,3,3,3,333,Loyal Customers
15992.0,4,1,41.989999999999995,5,2,1,521,New/Promising
15993.0,9,7,2797.57,5,5,5,555,Champions
15994.0,55,1,427.07,3,2,2,322,Needs Attention
15996.0,88,6,1060.68,2,5,4,254,At Risk / Churning
15998.0,37,5,3089.97,3,4,5,345,Loyal Customers
16000.0,3,3,12393.7,5,4,5,545,Champions
16003.0,30,5,2735.37,4,4,5,445,Champions
16005.0,12,4,615.39,5,4,3,543,Champions
16006.0,211,1,101.4,1,2,1,121,Lost
16007.0,48,4,1701.94,3,4,4,344,Loyal Customers
16008.0,24,3,478.78,4,4,2,442,Champions
16009.0,22,4,992.71,4,4,4,444,Champions
16010.0,246,3,407.5,1,4,2,142,At Risk / Churning
16011.0,8,16,3362.71,5,5,5,555,Champions
16012.0,35,3,1415.29,3,4,4,344,Loyal Customers
16013.0,4,47,37130.6,5,5,5,555,Champions
16014.0,38,3,662.38,3,4,3,343,Loyal Customers
16015.0,4,3,705.39,5,4,3,543,Champions
16016.0,3,8,1508.76,5,5,4,554,Champions
16017.0,47,1,211.88,3,2,1,321,Needs Attention
16018.0,39,2,408.90000000000003,3,3,2,332,Loyal Customers
16019.0,47,9,3786.2400000000002,3,5,5,355,Loyal Customers
16020.0,17,3,851.01,4,4,3,443,Champions
16022.0,260,1,628.28,1,2,3,123,Lost
16023.0,46,3,719.81,3,4,3,343,Loyal Customers
16024.0,12,1,251.24,5,2,2,522,New/Promising
16025.0,30,1,439.65999999999997,4,2,2,422,New/Promising
16026.0,43,1,236.09,3,2,1,321,Needs Attention
16027.0,92,6,934.62,2,5,3,253,At Risk / Churning
16029.0,39,63,81024.84,3,5,5,355,Loyal Customers
16030.0,310,1,331.24,1,2,2,122,Lost
16031.0,92,2,548.94,2,3,3,233,At Risk / Churning
16033.0,6,20,8816.4,5,5,5,555,Champions
16034.0,196,3,437.7,1,4,2,142,At Risk / Churning
16036.0,87,2,758.92,2,3,3,233,At Risk / Churning
16037.0,270,3,855.02,1,4,3,143,At Risk / Churning
16038.0,8,3,471.78000000000003,5,4,2,542,Champions
16040.0,65,3,1313.55,3,4,4,344,Loyal Customers
16041.0,31,3,3166.4,4,4,5,445,Champions
16042.0,22,5,1197.27,4,4,4,444,Champions
16043.0,38,4,773.99,3,4,3,343,Loyal Customers
16045.0,120,4,1340.7,2,4,4,244,At Risk / Churning
16048.0,373,2,256.44,1,3,2,132,At Risk / Churning
16049.0,40,3,1111.79,3,4,4,344,Loyal Customers
16050.0,174,1,137.9,2,2,1,221,Lost
16052.0,54,1,362.06,3,2,2,322,Needs Attention
16053.0,33,2,1511.95,4,3,4,434,Loyal Customers
16054.0,145,1,783.9,2,2,3,223,Lost
16055.0,221,1,134.8,1,2,1,121,Lost
16056.0,45,1,664.85,3,2,3,323,Needs Attention
16057.0,16,7,2263.12,4,5,5,455,Champions
16059.0,66,6,1459.8600000000001,3,5,4,354,Loyal Customers
16062.0,10,4,1153.62,5,4,4,544,Champions
16063.0,260,1,335.32,1,2,2,122,Lost
16065.0,365,1,372.09,1,2,2,122,Lost
16066.0,17,5,1521.87,4,4,4,444,Champions
16070.0,22,2,852.15,4,3,3,433,Loyal Customers
16071.0,45,1,326.24,3,2,2,322,Needs Attention
16072.0,288,1,584.3199999999999,1,2,3,123,Lost
16073.0,297,1,122.39999999999999,1,2,1,121,Lost
16076.0,3,10,2234.73,5,5,5,555,Champions
16078.0,284,1,79.2,1,2,1,121,Lost
16079.0,17,3,1352.0,4,4,4,444,Champions
16080.0,82,2,217.16,2,3,1,231,At Risk / Churning
16081.0,56,5,2806.9,3,4,5,345,Loyal Customers
16083.0,101,2,1317.62,2,3,4,234,At Risk / Churning
16084.0,299,1,436.18,1,2,2,122,Lost
16085.0,23,5,981.51,4,4,4,444,Champions
16086.0,59,5,1121.39,3,4,4,344,Loyal Customers
16091.0,155,2,315.06,2,3,2,232,At Risk / Churning
16092.0,115,3,817.86,2,4,3,243,At Risk / Churning
16093.0,107,1,17.0,2,2,1,221,Lost
16094.0,12,4,1078.23,5,4,4,544,Champions
16096.0,264,1,320.62,1,2,2,122,Lost
16097.0,240,1,185.04999999999998,1,2,1,121,Lost
16098.0,88,7,2005.63,2,5,4,254,At Risk / Churning
16099.0,50,3,731.9,3,4,3,343,Loyal Customers
16101.0,71,1,1290.7,3,2,4,324,Needs Attention
16102.0,42,3,1842.14,3,4,4,344,Loyal Customers
16103.0,7,6,1429.64,5,5,4,554,Champions
16104.0,62,1,302.36,3,2,2,322,Needs Attention
16105.0,249,1,336.96,1,2,2,122,Lost
16106.0,66,1,108.38,3,2,1,321,Needs Attention
16107.0,18,7,3204.1600000000003,4,5,5,455,Champions
16108.0,85,1,842.5,2,2,3,223,Lost
16109.0,219,2,611.88,1,3,3,133,At Risk / Churning
16110.0,45,3,1337.48,3,4,4,344,Loyal Customers
16112.0,143,4,195.73999999999998,2,4,1,241,At Risk / Churning
16113.0,183,1,161.38,1,2,1,121,Lost
16114.0,171,1,135.75000000000003,2,2,1,221,Lost
16115.0,10,8,1667.97,5,5,4,554,Champions
16116.0,212,1,612.78,1,2,3,123,Lost
16117.0,190,1,232.21,1,2,1,121,Lost
16119.0,8,2,423.36,5,3,2,532,Loyal Customers
16120.0,59,4,1309.14,3,4,4,344,Loyal Customers
16121.0,57,2,867.11,3,3,3,333,Loyal Customers
16122.0,73,4,684.4200000000001,2,4,3,243,At Risk / Churning
16123.0,52,1,307.78,3,2,2,322,Needs Attention
16124.0,317,1,249.0,1,2,1,121,Lost
16125.0,367,1,289.35,1,2,2,122,Lost
16126.0,29,4,6287.77,4,4,5,445,Champions
16127.0,39,1,656.25,3,2,3,323,Needs Attention
16128.0,18,5,1880.22,4,4,4,444,Champions
16131.0,52,6,3506.54,3,5,5,355,Loyal Customers
16133.0,4,33,14589.04,5,5,5,555,Champions
16134.0,22,2,618.09,4,3,3,433,Loyal Customers
16135.0,263,1,517.55,1,2,3,123,Lost
16136.0,60,3,709.38,3,4,3,343,Loyal Customers
16139.0,19,3,635.41,4,4,3,443,Champions
16140.0,66,2,725.18,3,3,3,333,Loyal Customers
16141.0,88,1,620.4,2,2,3,223,Lost
16142.0,250,1,535.34,1,2,3,123,Lost
16143.0,3,6,2424.94,5,5,5,555,Champions
16144.0,247,1,175.2,1,2,1,121,Lost
16145.0,9,11,3799.4900000000002,5,5,5,555,Champions
16146.0,157,3,734.13,2,4,3,243,At Risk / Churning
16147.0,134,1,375.0,2,2,2,222,Lost
16148.0,296,1,76.32000000000001,1,2,1,121,Lost
16149.0,5,2,280.52,5,3,2,532,Loyal Customers
16150.0,43,5,2053.02,3,4,4,344,Loyal Customers
16152.0,269,1,1829.04,1,2,4,124,Lost
16153.0,50,5,1824.23,3,4,4,344,Loyal Customers
16156.0,9,9,3122.04,5,5,5,555,Champions
16157.0,16,3,656.69,4,4,3,443,Champions
16159.0,282,1,348.2,1,2,2,122,Lost
16160.0,65,2,1025.44,3,3,4,334,Loyal Customers
16161.0,2,19,5575.56,5,5,5,555,Champions
16162.0,252,1,37.4,1,2,1,121,Lost
16163.0,232,2,856.6,1,3,3,133,At Risk / Churning
16164.0,17,3,822.48,4,4,3,443,Champions
16168.0,11,27,3787.6,5,5,5,555,Champions
16169.0,8,4,1822.97,5,4,4,544,Champions
16170.0,51,6,1885.05,3,5,4,354,Loyal Customers
16171.0,59,1,73.2,3,2,1,321,Needs Attention
16172.0,95,5,1140.21,2,4,4,244,At Risk / Churning
16173.0,16,6,1418.32,4,5,4,454,Champions
16174.0,126,3,1009.5500000000001,2,4,4,244,At Risk / Churning
16175.0,94,4,1037.59,2,4,4,244,At Risk / Churning
16177.0,50,1,331.95,3,2,2,322,Needs Attention
16178.0,138,1,197.9,2,2,1,221,Lost
16179.0,61,1,215.83,3,2,1,321,Needs Attention
16180.0,100,8,10254.18,2,5,5,255,At Risk / Churning
16181.0,73,1,305.54,2,2,2,222,Lost
16182.0,72,4,6617.65,3,4,5,345,Loyal Customers
16183.0,67,1,338.71000000000004,3,2,2,322,Needs Attention
16184.0,64,6,1158.79,3,5,4,354,Loyal Customers
16185.0,17,2,529.41,4,3,3,433,Loyal Customers
16186.0,23,12,4006.94,4,5,5,455,Champions
16187.0,32,15,6911.4400000000005,4,5,5,455,Champions
16188.0,45,4,981.86,3,4,4,344,Loyal Customers
16189.0,16,2,215.48,4,3,1,431,Loyal Customers
16190.0,40,1,215.08,3,2,1,321,Needs Attention
16191.0,3,13,5180.52,5,5,5,555,Champions
16193.0,237,1,314.45,1,2,2,122,Lost
16198.0,75,1,400.68100000000004,2,2,2,222,Lost
16200.0,4,2,1080.6200000000001,5,3,4,534,Loyal Customers
16201.0,3,4,1863.47,5,4,4,544,Champions
16202.0,361,1,365.27,1,2,2,122,Lost
16203.0,59,4,592.9,3,4,3,343,Loyal Customers
16204.0,23,1,405.71,4,2,2,422,New/Promising
16205.0,31,4,761.38,4,4,3,443,Champions
16206.0,55,4,537.0600000000001,3,4,3,343,Loyal Customers
16207.0,25,1,394.38,4,2,2,422,New/Promising
16208.0,45,2,664.26,3,3,3,333,Loyal Customers
16209.0,89,5,2262.62,2,4,5,245,At Risk / Churning
16210.0,2,18,21086.3,5,5,5,555,Champions
16211.0,89,1,547.02,2,2,3,223,Lost
16212.0,19,2,690.34,4,3,3,433,Loyal Customers
16213.0,79,1,159.0,2,2,1,221,Lost
16214.0,171,3,1062.75,2,4,4,244,At Risk / Churning
16215.0,81,1,242.35,2,2,1,221,Lost
16216.0,267,1,914.9300000000001,1,2,3,123,Lost
16217.0,235,2,304.25,1,3,2,132,At Risk / Churning
16218.0,30,7,3084.68,4,5,5,455,Champions
16221.0,37,3,864.86,3,4,3,343,Loyal Customers
16222.0,318,1,846.72,1,2,3,123,Lost
16224.0,57,4,1295.3,3,4,4,344,Loyal Customers
16225.0,45,5,1096.32,3,4,4,344,Loyal Customers
16226.0,203,3,255.12,1,4,2,142,At Risk / Churning
16227.0,225,1,314.22,1,2,2,122,Lost
16229.0,87,2,1010.6,2,3,4,234,At Risk / Churning
16230.0,190,2,542.03,1,3,3,133,At Risk / Churning
16232.0,44,4,990.88,3,4,4,344,Loyal Customers
16233.0,71,3,536.6800000000001,3,4,3,343,Loyal Customers
16235.0,41,5,867.31,3,4,3,343,Loyal Customers
16236.0,78,1,432.2,2,2,2,222,Lost
16239.0,57,2,414.2,3,3,2,332,Loyal Customers
16240.0,24,2,3718.8,4,3,5,435,Loyal Customers
16241.0,10,13,2607.87,5,5,5,555,Champions
16242.0,8,7,3603.21,5,5,5,555,Champions
16243.0,34,2,409.1,3,3,2,332,Loyal Customers
16244.0,212,2,1522.75,1,3,4,134,At Risk / Churning
16245.0,24,3,1413.66,4,4,4,444,Champions
16247.0,170,1,114.56,2,2,1,221,Lost
16248.0,62,1,152.94,3,2,1,321,Needs Attention
16249.0,53,5,1800.07,3,4,4,344,Loyal Customers
16250.0,261,2,389.44,1,3,2,132,At Risk / Churning
16253.0,67,2,3683.86,3,3,5,335,Loyal Customers
16255.0,17,8,2619.91,4,5,5,455,Champions
16256.0,267,1,752.4300000000001,1,2,3,123,Lost
16257.0,177,1,46.95,2,2,1,221,Lost
16258.0,45,5,5203.51,3,4,5,345,Loyal Customers
16260.0,51,1,1035.45,3,2,4,324,Needs Attention
16261.0,17,4,746.83,4,4,3,443,Champions
16265.0,9,9,5447.0,5,5,5,555,Champions
16266.0,74,7,861.89,2,5,3,253,At Risk / Churning
16268.0,71,2,667.65,3,3,3,333,Loyal Customers
16270.0,353,1,1141.24,1,2,4,124,Lost
16271.0,3,5,1429.24,5,4,4,544,Champions
16272.0,117,1,411.7,2,2,2,222,Lost
16274.0,373,1,357.95,1,2,2,122,Lost
16275.0,197,1,559.87,1,2,3,123,Lost
16276.0,177,1,810.6000000000001,2,2,3,223,Lost
16278.0,100,1,566.38,2,2,3,223,Lost
16279.0,21,3,1509.58,4,4,4,444,Champions
16281.0,72,1,2062.06,3,2,5,325,Needs Attention
16282.0,340,1,168.3,1,2,1,121,Lost
16283.0,6,5,1570.81,5,4,4,544,Champions
16284.0,31,2,823.97,4,3,3,433,Loyal Customers
16287.0,170,1,142.5,2,2,1,221,Lost
16292.0,122,1,302.25,2,2,2,222,Lost
16293.0,22,10,2248.9900000000002,4,5,5,455,Champions
16295.0,10,4,1328.55,5,4,4,544,Champions
16297.0,269,1,301.9,1,2,2,122,Lost
16298.0,23,3,598.2,4,4,3,443,Champions
16302.0,127,1,233.22,2,2,1,221,Lost
16303.0,26,3,5360.63,4,4,5,445,Champions
16305.0,139,1,361.21999999999997,2,2,2,222,Lost
16306.0,214,6,632.27,1,5,3,153,At Risk / Churning
16308.0,38,4,2560.0,3,4,5,345,Loyal Customers
16309.0,106,2,706.57,2,3,3,233,At Risk / Churning
16311.0,18,2,616.26,4,3,3,433,Loyal Customers
16313.0,3,2,274.15000000000003,5,3,2,532,Loyal Customers
16315.0,331,1,226.37,1,2,1,121,Lost
16316.0,64,8,2938.91,3,5,5,355,Loyal Customers
16317.0,120,3,1341.65,2,4,4,244,At Risk / Churning
16318.0,35,1,328.15,3,2,2,322,Needs Attention
16319.0,218,1,404.40000000000003,1,2,2,122,Lost
16320.0,172,2,1038.46,2,3,4,234,At Risk / Churning
16321.0,72,5,373.65000000000003,3,4,2,342,Loyal Customers
16322.0,1,2,326.75,5,3,2,532,Loyal Customers
16323.0,196,1,207.50000000000003,1,2,1,121,Lost
16324.0,128,3,428.68,2,4,2,242,At Risk / Churning
16325.0,47,3,594.24,3,4,3,343,Loyal Customers
16326.0,6,14,3110.96,5,5,5,555,Champions
16327.0,14,6,3844.22,4,5,5,455,Champions
16330.0,18,3,251.91,4,4,2,442,Champions
16332.0,28,7,1593.2,4,5,4,454,Champions
16333.0,8,22,26626.8,5,5,5,555,Champions
16337.0,37,1,151.05,3,2,1,321,Needs Attention
16338.0,157,1,214.79999999999998,2,2,1,221,Lost
16339.0,284,1,109.95,1,2,1,121,Lost
16340.0,107,1,549.07,2,2,3,223,Lost
16341.0,25,4,1971.87,4,4,4,444,Champions
16342.0,75,4,322.41,2,4,2,242,At Risk / Churning
16343.0,16,2,370.47999999999996,4,3,2,432,Loyal Customers
16344.0,158,1,101.10000000000001,2,2,1,221,Lost
16345.0,44,1,575.41,3,2,3,323,Needs Attention
16347.0,11,2,887.65,5,3,3,533,Loyal Customers
16348.0,32,7,1469.45,4,5,4,454,Champions
16349.0,291,1,53.5,1,2,1,121,Lost
16350.0,21,4,1116.47,4,4,4,444,Champions
16351.0,333,1,153.9,1,2,1,121,Lost
16352.0,18,2,494.44,4,3,3,433,Loyal Customers
16353.0,4,23,6675.71,5,5,5,555,Champions
16354.0,63,2,395.8,3,3,2,332,Loyal Customers
16356.0,198,3,211.77,1,4,1,141,At Risk / Churning
16357.0,33,3,658.88,4,4,3,443,Champions
16358.0,1,4,2027.5,5,4,4,544,Champions
16359.0,7,9,1750.92,5,5,4,554,Champions
16360.0,5,6,3512.53,5,5,5,555,Champions
16361.0,10,4,896.66,5,4,3,543,Champions
16362.0,32,5,734.77,4,4,3,443,Champions
16363.0,53,1,109.36000000000001,3,2,1,321,Needs Attention
16364.0,12,2,707.04,5,3,3,533,Loyal Customers
16365.0,18,9,1540.42,4,5,4,454,Champions
16366.0,19,1,327.3,4,2,2,422,New/Promising
16367.0,37,2,804.49,3,3,3,333,Loyal Customers
16368.0,2,2,497.43,5,3,3,533,Loyal Customers
16369.0,18,3,1553.66,4,4,4,444,Champions
16370.0,82,4,1320.56,2,4,4,244,At Risk / Churning
16372.0,33,2,367.93,4,3,2,432,Loyal Customers
16374.0,66,2,473.03000000000003,3,3,2,332,Loyal Customers
16376.0,9,2,987.01,5,3,4,534,Loyal Customers
16377.0,267,1,676.2,1,2,3,123,Lost
16378.0,247,3,362.95,1,4,2,142,At Risk / Churning
16379.0,4,4,2157.4,5,4,5,545,Champions
16380.0,61,1,1780.59,3,2,4,324,Needs Attention
16383.0,75,2,668.36,2,3,3,233,At Risk / Churning
16384.0,90,2,584.5,2,3,3,233,At Risk / Churning
16385.0,60,3,555.89,3,4,3,343,Loyal Customers
16386.0,29,2,317.2,4,3,2,432,Loyal Customers
16387.0,323,1,94.36,1,2,1,121,Lost
16389.0,53,4,1382.07,3,4,4,344,Loyal Customers
16392.0,270,1,221.19,1,2,1,121,Lost
16393.0,2,13,3046.21,5,5,5,555,Champions
16394.0,57,5,1555.34,3,4,4,344,Loyal Customers
16395.0,61,5,1486.9,3,4,4,344,Loyal Customers
16398.0,154,2,1705.8,2,3,4,234,At Risk / Churning
16399.0,19,2,408.57,4,3,2,432,Loyal Customers
16400.0,95,1,303.93,2,2,2,222,Lost
16401.0,1,12,4098.32,5,5,5,555,Champions
16402.0,265,2,299.6,1,3,2,132,At Risk / Churning
16403.0,312,1,177.5,1,2,1,121,Lost
16404.0,70,1,443.05,3,2,2,322,Needs Attention
16405.0,302,2,167.25,1,3,1,131,At Risk / Churning
16406.0,19,1,163.07,4,2,1,421,New/Promising
16407.0,13,10,2126.93,5,5,5,555,Champions
16409.0,36,5,2028.88,3,4,4,344,Loyal Customers
16411.0,19,2,214.65,4,3,1,431,Loyal Customers
16412.0,54,1,151.83,3,2,1,321,Needs Attention
16413.0,57,1,262.2,3,2,2,322,Needs Attention
16414.0,22,2,126.25,4,3,1,431,Loyal Customers
16415.0,44,1,210.35,3,2,1,321,Needs Attention
16416.0,27,3,1051.4,4,4,4,444,Champions
16418.0,45,3,675.27,3,4,3,343,Loyal Customers
16419.0,113,6,972.23,2,5,4,254,At Risk / Churning
16422.0,17,51,34684.4,4,5,5,455,Champions
16423.0,25,1,346.12,4,2,2,422,New/Promising
16424.0,191,1,133.56,1,2,1,121,Lost
16425.0,302,1,302.7,1,2,2,122,Lost
16426.0,2,10,1908.25,5,5,4,554,Champions
16427.0,263,2,241.06,1,3,1,131,At Risk / Churning
16429.0,106,1,284.55,2,2,2,222,Lost
16430.0,57,1,300.85,3,2,2,322,Needs Attention
16431.0,213,3,642.81,1,4,3,143,At Risk / Churning
16432.0,64,1,287.4,3,2,2,322,Needs Attention
16433.0,28,1,184.26,4,2,1,421,New/Promising
16434.0,29,7,1522.25,4,5,4,454,Champions
16438.0,6,5,798.35,5,4,3,543,Champions
16440.0,8,5,3640.67,5,4,5,545,Champions
16441.0,67,2,381.2,3,3,2,332,Loyal Customers
16442.0,2,3,616.79,5,4,3,543,Champions
16444.0,46,4,654.67,3,4,3,343,Loyal Customers
16445.0,34,1,230.51,3,2,1,321,Needs Attention
16446.0,1,2,168472.5,5,3,5,535,Loyal Customers
16447.0,136,1,259.01,2,2,2,222,Lost
16448.0,198,1,188.89000000000001,1,2,1,121,Lost
16449.0,198,2,707.69,1,3,3,133,At Risk / Churning
16450.0,150,1,311.92,2,2,2,222,Lost
16451.0,88,1,266.97,2,2,2,222,Lost
16454.0,45,2,6.9,3,3,1,331,Loyal Customers
16455.0,64,7,1841.18,3,5,4,354,Loyal Customers
16456.0,99,5,2158.37,2,4,5,245,At Risk / Churning
16457.0,218,1,208.36,1,2,1,121,Lost
16458.0,3,18,3482.7400000000002,5,5,5,555,Champions
16460.0,28,3,814.72,4,4,3,443,Champions
16461.0,178,1,151.42,2,2,1,221,Lost
16462.0,74,3,136.0,2,4,1,241,At Risk / Churning
16463.0,21,4,1422.4,4,4,4,444,Champions
16464.0,20,3,1314.68,4,4,4,444,Champions
16466.0,34,7,1603.46,3,5,4,354,Loyal Customers
16468.0,74,1,74.9,2,2,1,221,Lost
16469.0,24,4,650.43,4,4,3,443,Champions
16470.0,52,4,762.39,3,4,3,343,Loyal Customers
16471.0,275,1,223.95000000000002,1,2,1,121,Lost
16473.0,165,3,316.11,2,4,2,242,At Risk / Churning
16474.0,7,7,1871.5,5,5,4,554,Champions
16475.0,88,4,544.3,2,4,3,243,At Risk / Churning
16477.0,64,7,2494.46,3,5,5,355,Loyal Customers
16478.0,25,3,331.0,4,4,2,442,Champions
16479.0,10,2,300.83,5,3,2,532,Loyal Customers
16480.0,76,1,769.29,2,2,3,223,Lost
16482.0,16,1,220.62,4,2,1,421,New/Promising
16483.0,192,1,139.35,1,2,1,121,Lost
16484.0,174,2,404.3,2,3,2,232,At Risk / Churning
16485.0,77,1,363.65,2,2,2,222,Lost
16488.0,33,3,498.8,4,4,3,443,Champions
16491.0,47,1,731.5,3,2,3,323,Needs Attention
16493.0,80,4,1351.63,2,4,4,244,At Risk / Churning
16494.0,297,1,826.53,1,2,3,123,Lost
16495.0,3,3,684.41,5,4,3,543,Champions
16496.0,9,3,1599.52,5,4,4,544,Champions
16497.0,50,6,2965.69,3,5,5,355,Loyal Customers
16498.0,161,2,100.97,2,3,1,231,At Risk / Churning
16499.0,360,2,365.45,1,3,2,132,At Risk / Churning
16500.0,5,6,400.86,5,5,2,552,Champions
16503.0,107,4,1431.93,2,4,4,244,At Risk / Churning
16504.0,25,1,484.38,4,2,2,422,New/Promising
16505.0,32,1,777.6,4,2,3,423,New/Promising
16506.0,20,2,90.30000000000001,4,3,1,431,Loyal Customers
16509.0,297,1,363.7,1,2,2,122,Lost
16510.0,372,1,248.1,1,2,1,121,Lost
16511.0,22,3,950.26,4,4,4,444,Champions
16513.0,5,4,874.59,5,4,3,543,Champions
16515.0,52,5,1627.13,3,4,4,344,Loyal Customers
16516.0,30,1,101.69999999999999,4,2,1,421,New/Promising
16517.0,277,1,162.7,1,2,1,121,Lost
16518.0,61,2,484.32,3,3,2,332,Loyal Customers
16519.0,25,2,215.07999999999998,4,3,1,431,Loyal Customers
16520.0,186,3,1046.57,1,4,4,144,At Risk / Churning
16523.0,2,21,9418.470000000001,5,5,5,555,Champions
16525.0,2,26,13027.45,5,5,5,555,Champions
16526.0,172,1,290.36,2,2,2,222,Lost
16527.0,81,1,228.06,2,2,1,221,Lost
16528.0,4,1,244.41,5,2,1,521,New/Promising
16529.0,190,1,455.25,1,2,2,122,Lost
16531.0,22,7,1244.59,4,5,4,454,Champions
16532.0,18,3,6748.8,4,4,5,445,Champions
16533.0,19,3,1095.56,4,4,4,444,Champions
16535.0,5,1,593.75,5,2,3,523,New/Promising
16536.0,110,1,548.97,2,2,3,223,Lost
16539.0,3,4,1388.81,5,4,4,544,Champions
16542.0,54,1,119.62,3,2,1,321,Needs Attention
16545.0,165,1,339.3,2,2,2,222,Lost
16546.0,291,2,787.15,1,3,3,133,At Risk / Churning
16549.0,10,10,4154.64,5,5,5,555,Champions
16550.0,109,5,2298.97,2,4,5,245,At Risk / Churning
16551.0,96,3,922.12,2,4,3,243,At Risk / Churning
16552.0,243,2,379.73,1,3,2,132,At Risk / Churning
16553.0,163,12,5719.82,2,5,5,255,At Risk / Churning
16554.0,42,3,837.1,3,4,3,343,Loyal Customers
16555.0,35,2,285.89,3,3,2,332,Loyal Customers
16556.0,67,7,3313.79,3,5,5,355,Loyal Customers
16557.0,24,2,281.85,4,3,2,432,Loyal Customers
16558.0,1,20,8338.49,5,5,5,555,Champions
16560.0,27,2,841.41,4,3,3,433,Loyal Customers
16561.0,6,2,511.12,5,3,3,533,Loyal Customers
16563.0,54,1,1077.74,3,2,4,324,Needs Attention
16565.0,364,1,173.7,1,2,1,121,Lost
16566.0,15,5,614.66,4,4,3,443,Champions
16567.0,194,2,865.6,1,3,3,133,At Risk / Churning
16569.0,3,1,124.2,5,2,1,521,New/Promising
16570.0,15,10,3738.4,4,5,5,455,Champions
16571.0,27,3,1421.69,4,4,4,444,Champions
16572.0,127,3,1009.6,2,4,4,244,At Risk / Churning
16573.0,85,2,663.61,2,3,3,233,At Risk / Churning
16574.0,71,1,451.44,3,2,2,322,Needs Attention
16581.0,183,1,105.84,1,2,1,121,Lost
16582.0,113,1,313.62,2,2,2,222,Lost
16583.0,374,1,233.45,1,2,1,121,Lost
16584.0,80,2,936.08,2,3,3,233,At Risk / Churning
16586.0,249,1,463.95,1,2,2,122,Lost
16587.0,232,1,225.15,1,2,1,121,Lost
16589.0,71,3,459.24,3,4,2,342,Loyal Customers
16591.0,69,1,213.5,3,2,1,321,Needs Attention
16592.0,4,16,4113.68,5,5,5,555,Champions
16593.0,51,3,330.03,3,4,2,342,Loyal Customers
16594.0,75,1,181.09,2,2,1,221,Lost
16595.0,61,1,360.16,3,2,2,322,Needs Attention
16596.0,16,2,250.15,4,3,2,432,Loyal Customers
16597.0,4,1,90.04,5,2,1,521,New/Promising
16598.0,286,1,145.04999999999998,1,2,1,121,Lost
16600.0,4,6,813.52,5,5,3,553,Champions
16601.0,41,1,244.79999999999998,3,2,1,321,Needs Attention
16602.0,36,1,528.08,3,2,3,323,Needs Attention
16603.0,75,2,482.47,2,3,2,232,At Risk / Churning
16607.0,18,14,3347.71,4,5,5,455,Champions
16609.0,15,7,5493.46,4,5,5,455,Champions
16610.0,219,1,75.66,1,2,1,121,Lost
16611.0,186,1,129.49,1,2,1,121,Lost
16612.0,33,4,1187.66,4,4,4,444,Champions
16613.0,70,1,618.59,3,2,3,323,Needs Attention
16614.0,183,1,506.19,1,2,3,123,Lost
16616.0,15,2,500.42,4,3,3,433,Loyal Customers
16617.0,236,1,151.85,1,2,1,121,Lost
16618.0,31,5,2647.59,4,4,5,445,Champions
16619.0,264,1,226.21,1,2,1,121,Lost
16620.0,4,2,178.96,5,3,1,531,Loyal Customers
16621.0,52,4,813.48,3,4,3,343,Loyal Customers
16623.0,246,1,129.45,1,2,1,121,Lost
16624.0,81,2,810.5699999999999,2,3,3,233,At Risk / Churning
16625.0,275,1,333.08,1,2,2,122,Lost
16626.0,1,17,4413.1,5,5,5,555,Champions
16627.0,79,1,322.8,2,2,2,222,Lost
16628.0,30,5,2188.05,4,4,5,445,Champions
16629.0,74,2,417.73,2,3,2,232,At Risk / Churning
16633.0,17,6,2883.1,4,5,5,455,Champions
16634.0,223,2,217.9,1,3,1,131,At Risk / Churning
16637.0,32,4,1154.47,4,4,4,444,Champions
16638.0,23,10,1680.72,4,5,4,454,Champions
16639.0,31,3,1257.51,4,4,4,444,Champions
16641.0,106,1,231.10000000000002,2,2,1,221,Lost
16642.0,5,2,688.33,5,3,3,533,Loyal Customers
16643.0,246,1,487.51,1,2,2,122,Lost
16644.0,178,2,833.78,2,3,3,233,At Risk / Churning
16647.0,170,2,214.06,2,3,1,231,At Risk / Churning
16648.0,43,1,290.65999999999997,3,2,2,322,Needs Attention
16650.0,72,1,518.42,3,2,3,323,Needs Attention
16652.0,59,7,6773.97,3,5,5,355,Loyal Customers
16653.0,16,2,1212.66,4,3,4,434,Loyal Customers
16654.0,141,4,601.27,2,4,3,243,At Risk / Churning
16655.0,18,6,3794.52,4,5,5,455,Champions
16656.0,22,15,8625.8,4,5,5,455,Champions
16657.0,10,4,933.62,5,4,3,543,Champions
16658.0,368,1,123.24,1,2,1,121,Lost
16659.0,189,1,39.12,1,2,1,121,Lost
16660.0,16,4,1267.6499999999999,4,4,4,444,Champions
16665.0,362,1,135.39999999999998,1,2,1,121,Lost
16666.0,19,1,118.98,4,2,1,421,New/Promising
16667.0,68,2,570.13,3,3,3,333,Loyal Customers
16668.0,15,6,306.71999999999997,4,5,2,452,Champions
16669.0,24,3,1374.8700000000001,4,4,4,444,Champions
16670.0,17,11,4095.9,4,5,5,455,Champions
16671.0,28,3,1692.27,4,4,4,444,Champions
16672.0,2,20,8134.9400000000005,5,5,5,555,Champions
16674.0,55,2,319.61,3,3,2,332,Loyal Customers
16676.0,34,4,1592.1200000000001,3,4,4,344,Loyal Customers
16678.0,3,12,3109.99,5,5,5,555,Champions
16679.0,366,1,129.75,1,2,1,121,Lost
16680.0,43,1,183.7,3,2,1,321,Needs Attention
16681.0,73,6,1770.34,2,5,4,254,At Risk / Churning
16682.0,5,5,1028.0,5,4,4,544,Champions
16684.0,4,28,66653.56,5,5,5,555,Champions
16685.0,61,2,324.24,3,3,2,332,Loyal Customers
16686.0,47,7,3062.83,3,5,5,355,Loyal Customers
16688.0,1,4,1260.86,5,4,4,544,Champions
16689.0,76,2,422.59999999999997,2,3,2,232,At Risk / Churning
16690.0,72,2,225.57999999999998,3,3,1,331,Loyal Customers
16692.0,256,2,1276.0,1,3,4,134,At Risk / Churning
16693.0,69,2,482.01,3,3,2,332,Loyal Customers
16696.0,135,4,657.9000000000001,2,4,3,243,At Risk / Churning
16697.0,241,1,112.75,1,2,1,121,Lost
16698.0,227,2,1998.0,1,3,4,134,At Risk / Churning
16700.0,9,13,5076.55,5,5,5,555,Champions
16701.0,9,13,5398.3,5,5,5,555,Champions
16705.0,1,20,14034.99,5,5,5,555,Champions
16706.0,37,3,531.35,3,4,3,343,Loyal Customers
16708.0,46,1,656.63,3,2,3,323,Needs Attention
16709.0,85,5,3029.87,2,4,5,245,At Risk / Churning
16710.0,19,10,2483.04,4,5,5,455,Champions
16711.0,3,5,1651.03,5,4,4,544,Champions
16712.0,9,11,3645.43,5,5,5,555,Champions
16713.0,19,15,6923.13,4,5,5,455,Champions
16714.0,219,3,1161.53,1,4,4,144,At Risk / Churning
16715.0,78,1,301.71999999999997,2,2,2,222,Lost
16716.0,267,2,901.2,1,3,3,133,At Risk / Churning
16717.0,24,6,3858.38,4,5,5,455,Champions
16718.0,369,1,623.75,1,2,3,123,Lost
16719.0,15,7,1790.42,4,5,4,454,Champions
16720.0,26,1,155.24,4,2,1,421,New/Promising
16721.0,262,1,292.47,1,2,2,122,Lost
16722.0,17,13,4730.81,4,5,5,455,Champions
16723.0,91,2,589.15,2,3,3,233,At Risk / Churning
16725.0,302,7,781.02,1,5,3,153,At Risk / Churning
16726.0,26,5,1382.02,4,4,4,444,Champions
16727.0,364,1,272.82,1,2,2,122,Lost
16728.0,46,4,1054.67,3,4,4,344,Loyal Customers
16729.0,38,21,7239.92,3,5,5,355,Loyal Customers
16730.0,52,3,743.11,3,4,3,343,Loyal Customers
16732.0,32,1,603.75,4,2,3,423,New/Promising
16734.0,52,3,650.51,3,4,3,343,Loyal Customers
16735.0,79,5,2300.56,2,4,5,245,At Risk / Churning
16737.0,53,1,417.59999999999997,3,2,2,322,Needs Attention
16738.0,298,1,3.75,1,2,1,121,Lost
16739.0,177,1,323.0,2,2,2,222,Lost
16742.0,47,1,464.9,3,2,2,322,Needs Attention
16743.0,29,7,2238.09,4,5,5,455,Champions
16744.0,11,7,1304.76,5,5,4,554,Champions
16745.0,87,17,7194.3,2,5,5,255,At Risk / Churning
16746.0,5,18,6697.66,5,5,5,555,Champions
16747.0,38,2,836.06,3,3,3,333,Loyal Customers
16748.0,18,5,1515.9,4,4,4,444,Champions
16750.0,45,5,623.93,3,4,3,343,Loyal Customers
16751.0,31,1,1764.72,4,2,4,424,New/Promising
16752.0,373,1,207.5,1,2,1,121,Lost
16753.0,58,1,223.92000000000002,3,2,1,321,Needs Attention
16754.0,372,1,2002.4,1,2,4,124,Lost
16755.0,114,3,1496.83,2,4,4,244,At Risk / Churning
16756.0,215,1,239.4,1,2,1,121,Lost
16757.0,319,1,106.83000000000001,1,2,1,121,Lost
16758.0,65,1,369.34000000000003,3,2,2,322,Needs Attention
16759.0,8,3,789.79,5,4,3,543,Champions
16761.0,97,1,316.62,2,2,2,222,Lost
16762.0,20,3,1501.38,4,4,4,444,Champions
16763.0,199,1,611.85,1,2,3,123,Lost
16764.0,4,13,2799.25,5,5,5,555,Champions
16765.0,294,1,34.0,1,2,1,121,Lost
16766.0,273,2,1145.6,1,3,4,134,At Risk / Churning
16767.0,31,11,5580.6,4,5,5,455,Champions
16768.0,48,3,478.09000000000003,3,4,2,342,Loyal Customers
16769.0,260,1,380.39,1,2,2,122,Lost
16770.0,58,5,770.1,3,4,3,343,Loyal Customers
16771.0,33,5,2246.81,4,4,5,445,Champions
16773.0,57,1,171.59,3,2,1,321,Needs Attention
16774.0,68,4,661.52,3,4,3,343,Loyal Customers
16775.0,10,11,1695.66,5,5,4,554,Champions
16776.0,60,1,388.28,3,2,2,322,Needs Attention
16777.0,80,2,226.35,2,3,1,231,At Risk / Churning
16778.0,74,2,245.94,2,3,1,231,At Risk / Churning
16779.0,2,22,10629.720000000001,5,5,5,555,Champions
16780.0,100,2,425.19,2,3,2,232,At Risk / Churning
16781.0,372,1,311.25,1,2,2,122,Lost
16782.0,10,13,2279.9,5,5,5,555,Champions
16784.0,20,1,107.6,4,2,1,421,New/Promising
16788.0,123,2,597.48,2,3,3,233,At Risk / Churning
16789.0,8,1,80.8,5,2,1,521,New/Promising
16790.0,4,6,1545.6200000000001,5,5,4,554,Champions
16791.0,29,7,1721.78,4,5,4,454,Champions
16792.0,282,2,110.38000000000001,1,3,1,131,At Risk / Churning
16793.0,57,1,243.84,3,2,1,321,Needs Attention
16794.0,1,10,1222.71,5,5,4,554,Champions
16795.0,365,1,414.88,1,2,2,122,Lost
16796.0,89,1,305.62,2,2,2,222,Lost
16800.0,11,1,1201.49,5,2,4,524,New/Promising
16801.0,163,4,1619.73,2,4,4,244,At Risk / Churning
16803.0,65,1,332.3,3,2,2,322,Needs Attention
16804.0,23,3,536.99,4,4,3,443,Champions
16805.0,174,2,460.59,2,3,2,232,At Risk / Churning
16806.0,103,4,801.49,2,4,3,243,At Risk / Churning
16807.0,143,3,1121.59,2,4,4,244,At Risk / Churning
16808.0,99,2,288.42,2,3,2,232,At Risk / Churning
16809.0,23,5,914.69,4,4,3,443,Champions
16810.0,192,1,309.54,1,2,2,122,Lost
16811.0,5,2,547.07,5,3,3,533,Loyal Customers
16812.0,361,1,479.35,1,2,2,122,Lost
16813.0,8,10,1692.98,5,5,4,554,Champions
16814.0,14,21,6509.1,4,5,5,455,Champions
16816.0,103,4,417.06,2,4,2,242,At Risk / Churning
16817.0,3,9,1604.75,5,5,4,554,Champions
16818.0,11,11,3349.57,5,5,5,555,Champions
16820.0,96,1,497.61,2,2,3,223,Lost
16823.0,227,1,358.38,1,2,2,122,Lost
16824.0,16,2,460.64,4,3,2,432,Loyal Customers
16825.0,39,2,775.1800000000001,3,3,3,333,Loyal Customers
16826.0,51,1,341.7,3,2,2,322,Needs Attention
16828.0,93,2,128.5,2,3,1,231,At Risk / Churning
16829.0,157,1,197.22,2,2,1,221,Lost
16830.0,39,1,325.91,3,2,2,322,Needs Attention
16832.0,184,3,199.15,1,4,1,141,At Risk / Churning
16833.0,1,4,1106.53,5,4,4,544,Champions
16834.0,228,1,413.46,1,2,2,122,Lost
16835.0,128,2,180.85,2,3,1,231,At Risk / Churning
16836.0,40,2,251.87,3,3,2,332,Loyal Customers
16837.0,31,11,3170.98,4,5,5,455,Champions
16838.0,197,2,588.85,1,3,3,133,At Risk / Churning
16839.0,9,34,16594.35,5,5,5,555,Champions
16841.0,37,6,1869.82,3,5,4,354,Loyal Customers
16842.0,101,3,1264.19,2,4,4,244,At Risk / Churning
16843.0,43,16,10196.57,3,5,5,355,Loyal Customers
16846.0,50,1,214.32,3,2,1,321,Needs Attention
16847.0,43,1,193.44,3,2,1,321,Needs Attention
16848.0,53,1,281.42,3,2,2,322,Needs Attention
16849.0,187,1,124.57,1,2,1,121,Lost
16850.0,334,1,332.41,1,2,2,122,Lost
16851.0,4,3,342.45,5,4,2,542,Champions
16852.0,10,2,144.91000000000003,5,3,1,531,Loyal Customers
16855.0,24,2,328.4,4,3,2,432,Loyal Customers
16856.0,15,1,35.400000000000006,4,2,1,421,New/Promising
16858.0,369,1,375.69000000000005,1,2,2,122,Lost
16859.0,145,2,747.81,2,3,3,233,At Risk / Churning
16861.0,60,2,173.76,3,3,1,331,Loyal Customers
16863.0,31,2,502.8,4,3,3,433,Loyal Customers
16866.0,141,3,207.73999999999998,2,4,1,241,At Risk / Churning
16869.0,23,4,825.42,4,4,3,443,Champions
16871.0,22,6,2812.34,4,5,5,455,Champions
16872.0,77,3,680.02,2,4,3,243,At Risk / Churning
16873.0,5,6,7123.62,5,5,5,555,Champions
16875.0,67,5,2095.53,3,4,5,345,Loyal Customers
16877.0,12,6,853.72,5,5,3,553,Champions
16878.0,84,1,13.3,2,2,1,221,Lost
16880.0,31,7,1519.08,4,5,4,454,Champions
16881.0,67,1,432.0,3,2,2,322,Needs Attention
16882.0,67,3,705.12,3,4,3,343,Loyal Customers
16883.0,187,2,276.73,1,3,2,132,At Risk / Churning
16884.0,38,2,429.84000000000003,3,3,2,332,Loyal Customers
16885.0,15,3,471.51,4,4,2,442,Champions
16887.0,35,1,194.88,3,2,1,321,Needs Attention
16889.0,195,3,1578.67,1,4,4,144,At Risk / Churning
16891.0,2,5,809.7,5,4,3,543,Champions
16892.0,1,5,525.54,5,4,3,543,Champions
16893.0,367,1,145.93,1,2,1,121,Lost
16895.0,65,1,219.14,3,2,1,321,Needs Attention
16897.0,299,2,289.78,1,3,2,132,At Risk / Churning
16898.0,26,3,508.81,4,4,3,443,Champions
16899.0,8,6,1281.56,5,5,4,554,Champions
16900.0,17,3,887.11,4,4,3,443,Champions
16902.0,116,1,1706.88,2,2,4,224,Lost
16903.0,29,1,373.24,4,2,2,422,New/Promising
16904.0,4,16,3754.27,5,5,5,555,Champions
16905.0,5,7,3102.43,5,5,5,555,Champions
16906.0,82,4,579.77,2,4,3,243,At Risk / Churning
16907.0,29,5,981.65,4,4,4,444,Champions
16909.0,72,1,379.14,3,2,2,322,Needs Attention
16910.0,4,8,1510.06,5,5,4,554,Champions
16912.0,29,11,2575.38,4,5,5,455,Champions
16913.0,290,1,113.44,1,2,1,121,Lost
16914.0,36,1,208.46,3,2,1,321,Needs Attention
16915.0,9,6,621.6800000000001,5,5,3,553,Champions
16916.0,24,2,576.26,4,3,3,433,Loyal Customers
16917.0,277,1,391.52,1,2,2,122,Lost
16918.0,50,6,1068.82,3,5,4,354,Loyal Customers
16919.0,156,11,2596.45,2,5,5,255,At Risk / Churning
16921.0,61,1,169.79,3,2,1,321,Needs Attention
16923.0,12,19,7247.61,5,5,5,555,Champions
16924.0,21,3,846.75,4,4,3,443,Champions
16926.0,371,1,230.25,1,2,1,121,Lost
16927.0,116,3,543.05,2,4,3,243,At Risk / Churning
16928.0,80,17,2847.6,2,5,5,255,At Risk / Churning
16929.0,4,7,1295.39,5,5,4,554,Champions
16930.0,26,3,380.55,4,4,2,442,Champions
16931.0,5,21,4604.22,5,5,5,555,Champions
16932.0,53,1,161.94,3,2,1,321,Needs Attention
16933.0,1,2,563.23,5,3,3,533,Loyal Customers
16934.0,55,2,950.9300000000001,3,3,4,334,Loyal Customers
16936.0,26,1,262.68,4,2,2,422,New/Promising
16938.0,9,4,2736.38,5,4,5,545,Champions
16940.0,52,3,3049.88,3,4,5,345,Loyal Customers
16942.0,13,9,1920.59,5,5,4,554,Champions
16943.0,212,3,816.73,1,4,3,143,At Risk / Churning
16945.0,22,19,4345.5,4,5,5,455,Champions
16947.0,236,1,406.48,1,2,2,122,Lost
16948.0,139,3,435.02,2,4,2,242,At Risk / Churning
16949.0,4,6,1286.27,5,5,4,554,Champions
16950.0,57,3,1178.56,3,4,4,344,Loyal Customers
16951.0,135,3,1277.75,2,4,4,244,At Risk / Churning
16952.0,109,2,167.61,2,3,1,231,At Risk / Churning
16953.0,30,1,20.8,4,2,1,421,New/Promising
16954.0,1,9,2085.08,5,5,5,555,Champions
16955.0,185,4,518.67,1,4,3,143,At Risk / Churning
16956.0,18,1,308.74,4,2,2,422,New/Promising
16957.0,239,2,416.64,1,3,2,132,At Risk / Churning
16959.0,87,1,117.35000000000001,2,2,1,221,Lost
16960.0,39,3,507.05,3,4,3,343,Loyal Customers
16961.0,116,1,234.17,2,2,1,221,Lost
16963.0,187,1,110.55000000000001,1,2,1,121,Lost
16965.0,227,1,201.19,1,2,1,121,Lost
16966.0,8,7,2154.97,5,5,5,555,Champions
16967.0,189,1,319.02,1,2,2,122,Lost
16968.0,4,2,439.43,5,3,2,532,Loyal Customers
16969.0,39,3,650.41,3,4,3,343,Loyal Customers
16971.0,38,1,357.21,3,2,2,322,Needs Attention
16976.0,267,1,251.51999999999998,1,2,2,122,Lost
16978.0,78,1,344.33,2,2,2,222,Lost
16979.0,4,6,1852.0,5,5,4,554,Champions
16980.0,255,2,1078.96,1,3,4,134,At Risk / Churning
16982.0,61,1,384.06,3,2,2,322,Needs Attention
16983.0,13,7,1931.25,5,5,4,554,Champions
16984.0,88,2,4481.35,2,3,5,235,At Risk / Churning
16985.0,17,10,5464.12,4,5,5,455,Champions
16986.0,30,2,1873.2,4,3,4,434,Loyal Customers
16987.0,3,7,1625.05,5,5,4,554,Champions
16988.0,5,1,126.12,5,2,1,521,New/Promising
16989.0,7,6,1133.25,5,5,4,554,Champions
16990.0,219,1,179.0,1,2,1,121,Lost
16992.0,11,5,1614.31,5,4,4,544,Champions
16996.0,30,6,1456.96,4,5,4,454,Champions
16997.0,288,3,702.0,1,4,3,143,At Risk / Churning
16998.0,150,4,295.0,2,4,2,242,At Risk / Churning
16999.0,23,2,484.82,4,3,2,432,Loyal Customers
17001.0,1,11,3989.57,5,5,5,555,Champions
17002.0,86,3,1493.73,2,4,4,244,At Risk / Churning
17004.0,46,2,1412.94,3,3,4,334,Loyal Customers
17006.0,5,4,781.78,5,4,3,543,Champions
17007.0,51,6,889.9300000000001,3,5,3,353,Loyal Customers
17010.0,18,1,195.36,4,2,1,421,New/Promising
17011.0,30,1,270.9,4,2,2,422,New/Promising
17014.0,8,3,586.33,5,4,3,543,Champions
17015.0,29,3,1842.56,4,4,4,444,Champions
17017.0,3,20,8694.26,5,5,5,555,Champions
17018.0,41,2,920.1,3,3,3,333,Loyal Customers
17019.0,11,4,1272.61,5,4,4,544,Champions
17022.0,31,1,71.0,4,2,1,421,New/Promising
17024.0,45,3,95.85,3,4,1,341,Loyal Customers
17025.0,61,3,357.77,3,4,2,342,Loyal Customers
17026.0,185,2,154.82999999999998,1,3,1,131,At Risk / Churning
17027.0,79,6,890.29,2,5,3,253,At Risk / Churning
17029.0,111,2,716.0,2,3,3,233,At Risk / Churning
17030.0,64,1,146.87,3,2,1,321,Needs Attention
17031.0,12,2,380.35,5,3,2,532,Loyal Customers
17033.0,86,3,1030.14,2,4,4,244,At Risk / Churning
17034.0,16,3,745.52,4,4,3,443,Champions
17035.0,246,2,433.53000000000003,1,3,2,132,At Risk / Churning
17037.0,88,1,1267.32,2,2,4,224,Lost
17038.0,30,1,112.4,4,2,1,421,New/Promising
17040.0,138,1,449.73,2,2,2,222,Lost
17041.0,27,3,1081.57,4,4,4,444,Champions
17042.0,3,5,1044.3799999999999,5,4,4,544,Champions
17043.0,32,4,1735.18,4,4,4,444,Champions
17044.0,25,1,948.48,4,2,4,424,New/Promising
17045.0,113,3,339.44,2,4,2,242,At Risk / Churning
17046.0,157,1,642.02,2,2,3,223,Lost
17047.0,85,3,1100.9,2,4,4,244,At Risk / Churning
17048.0,118,3,925.35,2,4,3,243,At Risk / Churning
17049.0,3,9,5659.9800000000005,5,5,5,555,Champions
17050.0,96,6,3228.84,2,5,5,255,At Risk / Churning
17051.0,194,1,247.14000000000001,1,2,1,121,Lost
17052.0,28,1,413.75,4,2,2,422,New/Promising
17053.0,131,1,498.48,2,2,3,223,Lost
17054.0,28,5,1356.33,4,4,4,444,Champions
17058.0,82,3,1179.89,2,4,4,244,At Risk / Churning
17059.0,30,5,3095.04,4,4,5,445,Champions
17060.0,266,1,234.24,1,2,1,121,Lost
17061.0,74,11,5232.2300000000005,2,5,5,255,At Risk / Churning
17062.0,314,4,538.37,1,4,3,143,At Risk / Churning
17063.0,21,7,1461.14,4,5,4,454,Champions
17064.0,59,3,859.35,3,4,3,343,Loyal Customers
17068.0,12,21,4552.14,5,5,5,555,Champions
17069.0,28,9,2709.7000000000003,4,5,5,455,Champions
17070.0,114,1,312.14,2,2,2,222,Lost
17071.0,28,9,2429.03,4,5,5,455,Champions
17073.0,18,4,1446.09,4,4,4,444,Champions
17075.0,18,4,834.12,4,4,3,443,Champions
17076.0,36,3,841.0799999999999,3,4,3,343,Loyal Customers
17078.0,36,2,378.2,3,3,2,332,Loyal Customers
17079.0,78,1,118.80000000000001,2,2,1,221,Lost
17080.0,22,2,287.62,4,3,2,432,Loyal Customers
17081.0,25,2,290.16,4,3,2,432,Loyal Customers
17082.0,33,2,2003.85,4,3,4,434,Loyal Customers
17083.0,109,3,1405.78,2,4,4,244,At Risk / Churning
17084.0,35,2,2949.75,3,3,5,335,Loyal Customers
17085.0,123,5,1566.65,2,4,4,244,At Risk / Churning
17086.0,7,6,2050.08,5,5,4,554,Champions
17088.0,28,4,1991.01,4,4,4,444,Champions
17090.0,4,7,2043.95,5,5,4,554,Champions
17091.0,3,9,3827.76,5,5,5,555,Champions
17092.0,50,4,1777.78,3,4,4,344,Loyal Customers
17094.0,322,1,302.0,1,2,2,122,Lost
17095.0,23,3,1324.16,4,4,4,444,Champions
17096.0,15,4,1022.13,4,4,4,444,Champions
17097.0,2,8,954.42,5,5,4,554,Champions
17100.0,18,2,971.74,4,3,4,434,Loyal Customers
17101.0,10,4,1621.73,5,4,4,544,Champions
17102.0,262,1,25.5,1,2,1,121,Lost
17105.0,159,2,665.78,2,3,3,233,At Risk / Churning
17107.0,33,6,10815.43,4,5,5,455,Champions
17109.0,29,6,885.04,4,5,3,453,Champions
17110.0,165,1,163.29999999999998,2,2,1,221,Lost
17111.0,47,1,248.61,3,2,1,321,Needs Attention
17114.0,6,8,808.62,5,5,3,553,Champions
17115.0,8,3,837.5,5,4,3,543,Champions
17117.0,288,1,116.19999999999999,1,2,1,121,Lost
17118.0,318,1,157.02,1,2,1,121,Lost
17119.0,3,2,606.91,5,3,3,533,Loyal Customers
17120.0,233,1,307.46,1,2,2,122,Lost
17122.0,119,1,138.32,2,2,1,221,Lost
17123.0,162,1,345.29999999999995,2,2,2,222,Lost
17124.0,185,1,298.89,1,2,2,122,Lost
17125.0,50,1,259.35,3,2,2,322,Needs Attention
17126.0,152,5,1004.75,2,4,4,244,At Risk / Churning
17128.0,335,1,157.09,1,2,1,121,Lost
17131.0,5,5,2463.17,5,4,5,545,Champions
17133.0,16,7,4892.240000000001,4,5,5,455,Champions
17134.0,107,2,425.0,2,3,2,232,At Risk / Churning
17135.0,16,7,1139.73,4,5,4,454,Champions
17138.0,276,1,380.5,1,2,2,122,Lost
17139.0,16,12,10668.47,4,5,5,455,Champions
17140.0,247,1,465.32,1,2,2,122,Lost
17142.0,239,1,579.0,1,2,3,123,Lost
17144.0,1,2,984.57,5,3,4,534,Loyal Customers
17146.0,106,3,749.78,2,4,3,243,At Risk / Churning
17147.0,23,4,1714.59,4,4,4,444,Champions
17148.0,52,1,124.88,3,2,1,321,Needs Attention
17152.0,195,3,1689.5,1,4,4,144,At Risk / Churning
17153.0,24,1,213.78,4,2,1,421,New/Promising
17154.0,75,1,329.34,2,2,2,222,Lost
17155.0,18,2,251.70000000000002,4,3,2,432,Loyal Customers
17157.0,8,2,319.0,5,3,2,532,Loyal Customers
17158.0,32,3,1266.97,4,4,4,444,Champions
17159.0,22,3,1538.88,4,4,4,444,Champions
17160.0,31,6,3518.03,4,5,5,455,Champions
17162.0,29,10,1715.46,4,5,4,454,Champions
17163.0,22,2,293.1,4,3,2,432,Loyal Customers
17164.0,33,7,2467.35,4,5,5,455,Champions
17165.0,284,1,158.68,1,2,1,121,Lost
17166.0,39,2,206.34,3,3,1,331,Loyal Customers
17169.0,58,2,835.78,3,3,3,333,Loyal Customers
17171.0,289,1,224.91,1,2,1,121,Lost
17172.0,79,1,317.76,2,2,2,222,Lost
17173.0,5,8,3766.6,5,5,5,555,Champions
17174.0,218,1,59.9,1,2,1,121,Lost
17175.0,44,4,1443.69,3,4,4,344,Loyal Customers
17176.0,202,1,306.13,1,2,2,122,Lost
17179.0,178,3,711.79,2,4,3,243,At Risk / Churning
17180.0,56,4,796.03,3,4,3,343,Loyal Customers
17181.0,57,2,239.92000000000002,3,3,1,331,Loyal Customers
17183.0,8,6,3347.31,5,5,5,555,Champions
17186.0,47,2,144.0,3,3,1,331,Loyal Customers
17187.0,227,1,203.95,1,2,1,121,Lost
17188.0,11,7,2474.23,5,5,5,555,Champions
17189.0,106,2,384.40000000000003,2,3,2,232,At Risk / Churning
17190.0,59,2,444.74,3,3,2,332,Loyal Customers
17191.0,28,7,2095.13,4,5,5,455,Champions
17193.0,36,7,1699.3000000000002,3,5,4,354,Loyal Customers
17194.0,274,2,262.62,1,3,2,132,At Risk / Churning
17197.0,30,1,1013.01,4,2,4,424,New/Promising
17198.0,24,3,692.22,4,4,3,443,Champions
17201.0,54,1,342.63,3,2,2,322,Needs Attention
17203.0,36,6,3563.85,3,5,5,355,Loyal Customers
17204.0,175,4,1564.56,2,4,4,244,At Risk / Churning
17205.0,54,1,384.08,3,2,2,322,Needs Attention
17206.0,53,1,204.24,3,2,1,321,Needs Attention
17211.0,27,8,2317.2200000000003,4,5,5,455,Champions
17212.0,253,1,226.85,1,2,1,121,Lost
17213.0,40,7,2781.23,3,5,5,355,Loyal Customers
17214.0,60,6,1069.1200000000001,3,5,4,354,Loyal Customers
17217.0,234,1,113.5,1,2,1,121,Lost
17218.0,4,10,1960.72,5,5,4,554,Champions
17219.0,32,1,114.23,4,2,1,421,New/Promising
17220.0,24,14,3198.25,4,5,5,455,Champions
17221.0,7,2,335.13,5,3,2,532,Loyal Customers
17222.0,65,1,354.15,3,2,2,322,Needs Attention
17223.0,310,2,426.79,1,3,2,132,At Risk / Churning
17226.0,309,1,393.49,1,2,2,122,Lost
17227.0,19,6,939.32,4,5,3,453,Champions
17228.0,16,8,1906.09,4,5,4,454,Champions
17229.0,96,2,318.76,2,3,2,232,At Risk / Churning
17230.0,264,8,3638.41,1,5,5,155,At Risk / Churning
17231.0,12,10,3174.32,5,5,5,555,Champions
17232.0,3,2,421.52,5,3,2,532,Loyal Customers
17233.0,35,1,190.88,3,2,1,321,Needs Attention
17234.0,183,1,149.89000000000001,1,2,1,121,Lost
17235.0,25,2,550.06,4,3,3,433,Loyal Customers
17236.0,13,6,916.13,5,5,3,553,Champions
17237.0,11,2,314.69,5,3,2,532,Loyal Customers
17238.0,3,17,3744.65,5,5,5,555,Champions
17239.0,313,1,382.5,1,2,2,122,Lost
17242.0,108,2,1135.04,2,3,4,234,At Risk / Churning
17243.0,1,26,8676.85,5,5,5,555,Champions
17244.0,53,1,954.9,3,2,4,324,Needs Attention
17245.0,205,1,171.45,1,2,1,121,Lost
17247.0,15,1,282.19,4,2,2,422,New/Promising
17248.0,120,1,318.65,2,2,2,222,Lost
17250.0,4,2,384.52,5,3,2,532,Loyal Customers
17251.0,363,1,283.28000000000003,1,2,2,122,Lost
17252.0,117,2,353.86,2,3,2,232,At Risk / Churning
17253.0,18,1,178.26,4,2,1,421,New/Promising
17254.0,5,2,272.44,5,3,2,532,Loyal Customers
17255.0,41,2,298.41,3,3,2,332,Loyal Customers
17256.0,107,2,240.0,2,3,1,231,At Risk / Churning
17259.0,148,2,603.37,2,3,3,233,At Risk / Churning
17262.0,52,5,1253.3600000000001,3,4,4,344,Loyal Customers
17263.0,208,1,63.440000000000005,1,2,1,121,Lost
17265.0,139,2,562.9,2,3,3,233,At Risk / Churning
17266.0,2,3,310.64,5,4,2,542,Champions
17267.0,127,2,317.62,2,3,2,232,At Risk / Churning
17268.0,108,4,763.64,2,4,3,243,At Risk / Churning
17272.0,42,4,2148.63,3,4,5,345,Loyal Customers
17274.0,35,1,111.97999999999999,3,2,1,321,Needs Attention
17277.0,228,2,1065.3500000000001,1,3,4,134,At Risk / Churning
17278.0,241,1,246.04,1,2,1,121,Lost
17279.0,58,1,187.82999999999998,3,2,1,321,Needs Attention
17282.0,130,3,1703.41,2,4,4,244,At Risk / Churning
17284.0,60,6,1652.58,3,5,4,354,Loyal Customers
17286.0,22,1,153.92,4,2,1,421,New/Promising
17287.0,26,7,1064.11,4,5,4,454,Champions
17288.0,9,7,1419.73,5,5,4,554,Champions
17289.0,32,3,944.41,4,4,4,444,Champions
17290.0,4,2,525.24,5,3,3,533,Loyal Customers
17291.0,308,1,550.8000000000001,1,2,3,123,Lost
17293.0,8,9,1875.1100000000001,5,5,4,554,Champions
17295.0,29,3,556.95,4,4,3,443,Champions
17297.0,17,1,131.78,4,2,1,421,New/Promising
17298.0,101,2,498.42,2,3,3,233,At Risk / Churning
17299.0,12,4,669.11,5,4,3,543,Champions
17301.0,21,1,197.63,4,2,1,421,New/Promising
17302.0,15,5,1135.63,4,4,4,444,Champions
17303.0,361,1,250.04,1,2,1,121,Lost
17306.0,11,19,8631.31,5,5,5,555,Champions
17309.0,95,1,82.75,2,2,1,221,Lost
17311.0,78,2,1384.85,2,3,4,234,At Risk / Churning
17312.0,139,3,644.3,2,4,3,243,At Risk / Churning
17313.0,31,1,2328.84,4,2,5,425,New/Promising
17314.0,25,8,2527.92,4,5,5,455,Champions
17315.0,2,38,6292.26,5,5,5,555,Champions
17317.0,46,3,2600.34,3,4,5,345,Loyal Customers
17320.0,100,3,1200.6200000000001,2,4,4,244,At Risk / Churning
17321.0,8,2,700.86,5,3,3,533,Loyal Customers
17323.0,15,7,921.07,4,5,3,453,Champions
17324.0,18,4,990.23,4,4,4,444,Champions
17325.0,280,1,96.8,1,2,1,121,Lost
17329.0,14,2,523.11,4,3,3,433,Loyal Customers
17330.0,23,2,363.9,4,3,2,432,Loyal Customers
17331.0,124,1,175.2,2,2,1,221,Lost
17333.0,86,1,494.25,2,2,3,223,Lost
17334.0,302,2,307.02,1,3,2,132,At Risk / Churning
17337.0,151,4,2027.8700000000001,2,4,4,244,At Risk / Churning
17338.0,17,8,6643.93,4,5,5,455,Champions
17339.0,94,2,243.36,2,3,1,231,At Risk / Churning
17340.0,30,11,12353.29,4,5,5,455,Champions
17341.0,157,3,781.36,2,4,3,243,At Risk / Churning
17343.0,355,1,193.64,1,2,1,121,Lost
17344.0,46,1,160.57,3,2,1,321,Needs Attention
17345.0,15,4,537.74,4,4,3,443,Champions
17346.0,4,15,2676.56,5,5,5,555,Champions
17347.0,86,1,228.96,2,2,1,221,Lost
17348.0,15,5,1159.52,4,4,4,444,Champions
17349.0,179,1,110.75,2,2,1,221,Lost
17350.0,8,4,1286.07,5,4,4,544,Champions
17351.0,36,3,587.15,3,4,3,343,Loyal Customers
17353.0,129,2,1740.0,2,3,4,234,At Risk / Churning
17354.0,51,1,1393.06,3,2,4,324,Needs Attention
17356.0,312,1,178.22,1,2,1,121,Lost
17357.0,24,2,388.14,4,3,2,432,Loyal Customers
17358.0,303,2,365.85,1,3,2,132,At Risk / Churning
17359.0,11,1,127.86,5,2,1,521,New/Promising
17360.0,17,3,585.79,4,4,3,443,Champions
17361.0,49,3,488.2,3,4,2,342,Loyal Customers
17362.0,239,2,312.23,1,3,2,132,At Risk / Churning
17364.0,1,11,4481.18,5,5,5,555,Champions
17365.0,13,8,4801.56,5,5,5,555,Champions
17367.0,238,1,168.4,1,2,1,121,Lost
17368.0,23,8,1912.67,4,5,4,454,Champions
17370.0,73,4,446.18,2,4,2,242,At Risk / Churning
17371.0,17,3,423.89,4,4,2,442,Champions
17372.0,41,8,1342.68,3,5,4,354,Loyal Customers
17373.0,40,4,646.92,3,4,3,343,Loyal Customers
17374.0,219,2,495.77,1,3,3,133,At Risk / Churning
17375.0,199,3,400.1,1,4,2,142,At Risk / Churning
17376.0,71,2,203.2,3,3,1,331,Loyal Customers
17377.0,24,20,4100.92,4,5,5,455,Champions
17379.0,11,1,404.66,5,2,2,522,New/Promising
17381.0,9,29,20275.61,5,5,5,555,Champions
17382.0,65,1,65.4,3,2,1,321,Needs Attention
17383.0,4,1,199.29,5,2,1,521,New/Promising
17384.0,19,2,336.4,4,3,2,432,Loyal Customers
17385.0,15,1,261.11,4,2,2,422,New/Promising
17386.0,8,6,2686.42,5,5,5,555,Champions
17387.0,20,2,784.11,4,3,3,433,Loyal Customers
17388.0,78,4,1259.56,2,4,4,244,At Risk / Churning
17389.0,1,34,31833.68,5,5,5,555,Champions
17391.0,164,2,508.8,2,3,3,233,At Risk / Churning
17392.0,307,2,457.91,1,3,2,132,At Risk / Churning
17394.0,219,1,203.86999999999998,1,2,1,121,Lost
17396.0,39,8,7330.8,3,5,5,355,Loyal Customers
17397.0,22,2,696.41,4,3,3,433,Loyal Customers
17398.0,115,3,653.38,2,4,3,243,At Risk / Churning
17400.0,126,5,2129.96,2,4,5,245,At Risk / Churning
17402.0,5,13,2633.85,5,5,5,555,Champions
17403.0,36,1,281.62,3,2,2,322,Needs Attention
17404.0,4,15,31906.82,5,5,5,555,Champions
17405.0,1,3,1031.41,5,4,4,544,Champions
17406.0,333,3,2200.42,1,4,5,145,At Risk / Churning
17408.0,163,1,32.65,2,2,1,221,Lost
17409.0,185,2,771.85,1,3,3,133,At Risk / Churning
17410.0,16,5,1214.72,4,4,4,444,Champions
17411.0,12,3,778.94,5,4,3,543,Champions
17412.0,3,7,1258.06,5,5,4,554,Champions
17414.0,44,2,778.0,3,3,3,333,Loyal Customers
17415.0,80,1,507.84,2,2,3,223,Lost
17416.0,30,7,6893.42,4,5,5,455,Champions
17418.0,42,2,463.46000000000004,3,3,2,332,Loyal Customers
17419.0,11,12,4226.57,5,5,5,555,Champions
17420.0,50,3,598.83,3,4,3,343,Loyal Customers
17422.0,16,6,1979.37,4,5,4,454,Champions
17423.0,46,2,698.41,3,3,3,333,Loyal Customers
17425.0,19,2,759.17,4,3,3,433,Loyal Customers
17426.0,8,6,5037.26,5,5,5,555,Champions
17427.0,72,1,100.8,3,2,1,321,Needs Attention
17428.0,1,28,17256.85,5,5,5,555,Champions
17429.0,128,3,524.9200000000001,2,4,3,243,At Risk / Churning
17430.0,33,2,265.76,4,3,2,432,Loyal Customers
17431.0,313,1,403.3,1,2,2,122,Lost
17432.0,18,2,365.76,4,3,2,432,Loyal Customers
17433.0,88,1,303.15999999999997,2,2,2,222,Lost
17434.0,2,7,2373.82,5,5,5,555,Champions
17436.0,2,2,216.29999999999998,5,3,1,531,Loyal Customers
17438.0,254,1,388.45000000000005,1,2,2,122,Lost
17440.0,157,3,186.42000000000002,2,4,1,241,At Risk / Churning
17442.0,37,6,2248.56,3,5,5,355,Loyal Customers
17443.0,220,1,534.24,1,2,3,123,Lost
17444.0,148,3,2940.04,2,4,5,245,At Risk / Churning
17446.0,177,2,120.9,2,3,1,231,At Risk / Churning
17447.0,40,2,541.53,3,3,3,333,Loyal Customers
17449.0,2,7,2520.86,5,5,5,555,Champions
17450.0,8,46,194550.79,5,5,5,555,Champions
17451.0,1,7,1721.4,5,5,4,554,Champions
17453.0,18,2,486.71999999999997,4,3,2,432,Loyal Customers
17454.0,192,4,517.53,1,4,3,143,At Risk / Churning
17455.0,204,1,131.7,1,2,1,121,Lost
17456.0,365,1,249.86,1,2,1,121,Lost
17457.0,127,5,1737.7,2,4,4,244,At Risk / Churning
17458.0,15,1,316.5,4,2,2,422,New/Promising
17459.0,43,2,657.3,3,3,3,333,Loyal Customers
17460.0,94,6,622.4300000000001,2,5,3,253,At Risk / Churning
17461.0,23,3,757.46,4,4,3,443,Champions
17462.0,60,2,675.69,3,3,3,333,Loyal Customers
17463.0,16,5,1896.41,4,4,4,444,Champions
17464.0,158,1,289.96000000000004,2,2,2,222,Lost
17466.0,10,2,763.28,5,3,3,533,Loyal Customers
17468.0,10,2,137.0,5,3,1,531,Loyal Customers
17469.0,16,5,1870.97,4,4,4,444,Champions
17470.0,45,5,1125.07,3,4,4,344,Loyal Customers
17472.0,191,3,710.29,1,4,3,143,At Risk / Churning
17475.0,79,1,194.37,2,2,1,221,Lost
17480.0,78,1,511.82,2,2,3,223,Lost
17481.0,4,4,1255.59,5,4,4,544,Champions
17483.0,65,3,414.04,3,4,2,342,Loyal Customers
17486.0,261,1,396.87,1,2,2,122,Lost
17489.0,59,2,376.64,3,3,2,332,Loyal Customers
17490.0,1,7,2092.32,5,5,5,555,Champions
17491.0,1,10,3558.87,5,5,5,555,Champions
17492.0,248,1,374.57,1,2,2,122,Lost
17495.0,8,2,497.56,5,3,3,533,Loyal Customers
17496.0,359,1,271.05,1,2,2,122,Lost
17498.0,76,1,272.22,2,2,2,222,Lost
17499.0,290,1,622.88,1,2,3,123,Lost
17500.0,17,3,1138.0,4,4,4,444,Champions
17501.0,221,2,288.6,1,3,2,132,At Risk / Churning
17502.0,9,4,689.1,5,4,3,543,Champions
17503.0,3,2,558.96,5,3,3,533,Loyal Customers
17504.0,206,9,2997.0299999999997,1,5,5,155,At Risk / Churning
17505.0,162,2,1145.84,2,3,4,234,At Risk / Churning
17506.0,76,1,302.2,2,2,2,222,Lost
17507.0,262,2,605.58,1,3,3,133,At Risk / Churning
17508.0,281,1,387.31,1,2,2,122,Lost
17509.0,58,8,6115.14,3,5,5,355,Loyal Customers
17510.0,25,1,308.48,4,2,2,422,New/Promising
17511.0,3,31,91062.38,5,5,5,555,Champions
17512.0,29,10,2924.9900000000002,4,5,5,455,Champions
17513.0,72,1,513.2,3,2,3,323,Needs Attention
17514.0,128,1,208.65,2,2,1,221,Lost
17515.0,31,4,639.02,4,4,3,443,Champions
17516.0,15,5,768.08,4,4,3,443,Champions
17517.0,309,1,153.94,1,2,1,121,Lost
17519.0,17,6,1844.02,4,5,4,454,Champions
17520.0,54,1,546.81,3,2,3,323,Needs Attention
17521.0,30,3,723.2099999999999,4,4,3,443,Champions
17522.0,2,5,1070.71,5,4,4,544,Champions
17523.0,11,4,652.74,5,4,3,543,Champions
17524.0,361,1,145.0,1,2,1,121,Lost
17525.0,360,1,422.70000000000005,1,2,2,122,Lost
17526.0,5,4,1195.8999999999999,5,4,4,544,Champions
17527.0,54,4,939.37,3,4,3,343,Loyal Customers
17528.0,1,8,3628.5,5,5,5,555,Champions
17530.0,1,10,2385.0,5,5,5,555,Champions
17531.0,190,1,296.7,1,2,2,122,Lost
17534.0,54,1,223.36,3,2,1,321,Needs Attention
17535.0,280,1,164.4,1,2,1,121,Lost
17536.0,177,1,76.5,2,2,1,221,Lost
17537.0,30,2,897.62,4,3,3,433,Loyal Customers
17538.0,26,1,98.42,4,2,1,421,New/Promising
17540.0,25,2,578.9,4,3,3,433,Loyal Customers
17542.0,270,1,170.75,1,2,1,121,Lost
17545.0,43,3,645.96,3,4,3,343,Loyal Customers
17548.0,234,1,103.3,1,2,1,121,Lost
17549.0,24,2,148.86,4,3,1,431,Loyal Customers
17550.0,197,3,267.16,1,4,2,142,At Risk / Churning
17551.0,359,1,306.84,1,2,2,122,Lost
17552.0,60,4,930.41,3,4,3,343,Loyal Customers
17553.0,130,1,1487.6,2,2,4,224,Lost
17554.0,1,5,1952.45,5,4,4,544,Champions
17555.0,20,2,483.26,4,3,2,432,Loyal Customers
17556.0,206,1,157.9,1,2,1,121,Lost
17557.0,14,3,541.46,4,4,3,443,Champions
17560.0,95,5,854.95,2,4,3,243,At Risk / Churning
17561.0,19,1,167.62,4,2,1,421,New/Promising
17562.0,14,7,1122.38,4,5,4,454,Champions
17564.0,24,3,454.01,4,4,2,442,Champions
17566.0,8,2,901.21,5,3,3,533,Loyal Customers
17567.0,7,8,4331.48,5,5,5,555,Champions
17569.0,332,1,344.14,1,2,2,122,Lost
17571.0,50,4,1498.51,3,4,4,344,Loyal Customers
17572.0,71,4,226.75000000000003,3,4,1,341,Loyal Customers
17573.0,29,3,380.6,4,4,2,442,Champions
17574.0,243,1,185.65,1,2,1,121,Lost
17576.0,8,19,3622.68,5,5,5,555,Champions
17578.0,218,1,143.45999999999998,1,2,1,121,Lost
17579.0,5,3,448.90000000000003,5,4,2,542,Champions
17580.0,253,3,215.72,1,4,1,141,At Risk / Churning
17581.0,1,25,11045.04,5,5,5,555,Champions
17582.0,236,1,175.27,1,2,1,121,Lost
17584.0,7,2,1242.3,5,3,4,534,Loyal Customers
17585.0,109,4,1133.07,2,4,4,244,At Risk / Churning
17588.0,100,3,1240.2,2,4,4,244,At Risk / Churning
17589.0,60,4,2404.17,3,4,5,345,Loyal Customers
17590.0,2,3,1479.22,5,4,4,544,Champions
17591.0,73,7,2225.9700000000003,2,5,5,255,At Risk / Churning
17593.0,4,5,3927.34,5,4,5,545,Champions
17594.0,85,2,993.18,2,3,4,234,At Risk / Churning
17595.0,12,2,388.79,5,3,2,532,Loyal Customers
17596.0,23,7,2827.93,4,5,5,455,Champions
17597.0,214,1,2044.3700000000001,1,2,4,124,Lost
17600.0,18,1,161.67000000000002,4,2,1,421,New/Promising
17601.0,239,1,116.00999999999999,1,2,1,121,Lost
17602.0,2,6,5102.97,5,5,5,555,Champions
17603.0,78,1,394.72,2,2,2,222,Lost
17604.0,217,2,309.36,1,3,2,132,At Risk / Churning
17608.0,33,2,193.42,4,3,1,431,Loyal Customers
17609.0,41,5,1112.22,3,4,4,344,Loyal Customers
17611.0,7,15,3984.22,5,5,5,555,Champions
17612.0,53,6,2048.45,3,5,4,354,Loyal Customers
17613.0,23,14,4559.150000000001,4,5,5,455,Champions
17614.0,57,1,390.07,3,2,2,322,Needs Attention
17615.0,130,3,329.6,2,4,2,242,At Risk / Churning
17616.0,174,3,571.1999999999999,2,4,3,243,At Risk / Churning
17618.0,6,3,971.58,5,4,4,544,Champions
17619.0,312,1,218.52,1,2,1,121,Lost
17620.0,60,1,81.44,3,2,1,321,Needs Attention
17621.0,21,3,1379.9,4,4,4,444,Champions
17623.0,33,1,527.0500000000001,4,2,3,423,New/Promising
17624.0,15,2,843.48,4,3,3,433,Loyal Customers
17625.0,18,4,2047.0,4,4,4,444,Champions
17628.0,81,1,75.75,2,2,1,221,Lost
17629.0,6,8,1814.12,5,5,4,554,Champions
17630.0,170,2,503.59999999999997,2,3,3,233,At Risk / Churning
17631.0,2,3,528.33,5,4,3,543,Champions
17633.0,31,4,1324.84,4,4,4,444,Champions
17634.0,36,9,2361.9700000000003,3,5,5,355,Loyal Customers
17636.0,19,1,285.56,4,2,2,422,New/Promising
17637.0,31,2,547.0600000000001,4,3,3,433,Loyal Customers
17639.0,276,1,108.5,1,2,1,121,Lost
17640.0,87,1,621.66,2,2,3,223,Lost
17642.0,120,2,712.29,2,3,3,233,At Risk / Churning
17643.0,373,1,101.55,1,2,1,121,Lost
17644.0,1,11,2895.64,5,5,5,555,Champions
17646.0,219,3,1008.39,1,4,4,144,At Risk / Churning
17647.0,65,1,133.06,3,2,1,321,Needs Attention
17648.0,61,4,1797.5,3,4,4,344,Loyal Customers
17649.0,138,1,868.49,2,2,3,223,Lost
17650.0,21,1,166.08,4,2,1,421,New/Promising
17651.0,12,10,3945.0,5,5,5,555,Champions
17652.0,25,12,4867.72,4,5,5,455,Champions
17653.0,37,4,1207.56,3,4,4,344,Loyal Customers
17654.0,277,1,117.55,1,2,1,121,Lost
17655.0,11,7,2638.94,5,5,5,555,Champions
17656.0,73,5,1674.69,2,4,4,244,At Risk / Churning
17658.0,26,2,595.42,4,3,3,433,Loyal Customers
17659.0,17,12,2999.46,4,5,5,455,Champions
17660.0,141,1,196.0,2,2,1,221,Lost
17663.0,26,7,1802.91,4,5,4,454,Champions
17664.0,19,2,604.64,4,3,3,433,Loyal Customers
17666.0,4,2,728.16,5,3,3,533,Loyal Customers
17667.0,66,5,2055.51,3,4,4,344,Loyal Customers
17668.0,1,2,347.75,5,3,2,532,Loyal Customers
17669.0,43,7,3406.7200000000003,3,5,5,355,Loyal Customers
17670.0,228,1,205.7,1,2,1,121,Lost
17671.0,16,4,1572.71,4,4,4,444,Champions
17672.0,50,2,3178.17,3,3,5,335,Loyal Customers
17673.0,2,6,1629.12,5,5,4,554,Champions
17674.0,74,2,551.04,2,3,3,233,At Risk / Churning
17675.0,1,31,20374.28,5,5,5,555,Champions
17676.0,4,6,1387.68,5,5,4,554,Champions
17677.0,2,30,16363.23,5,5,5,555,Champions
17678.0,264,1,298.11,1,2,2,122,Lost
17679.0,53,2,1992.1100000000001,3,3,4,334,Loyal Customers
17680.0,24,1,184.4,4,2,1,421,New/Promising
17682.0,10,6,2474.33,5,5,5,555,Champions
17684.0,44,1,239.41,3,2,1,321,Needs Attention
17685.0,17,7,3191.53,4,5,5,455,Champions
17686.0,7,7,5739.46,5,5,5,555,Champions
17690.0,30,15,4757.95,4,5,5,455,Champions
17691.0,358,2,290.40000000000003,1,3,2,132,At Risk / Churning
17692.0,127,4,740.9399999999999,2,4,3,243,At Risk / Churning
17693.0,137,1,200.47,2,2,1,221,Lost
17694.0,142,1,283.12,2,2,2,222,Lost
17695.0,132,2,765.34,2,3,3,233,At Risk / Churning
17696.0,38,8,2285.71,3,5,5,355,Loyal Customers
17697.0,236,1,338.95,1,2,2,122,Lost
17698.0,261,1,154.95,1,2,1,121,Lost
17700.0,17,4,2534.64,4,4,5,445,Champions
17701.0,253,1,417.95,1,2,2,122,Lost
17702.0,30,4,1824.37,4,4,4,444,Champions
17703.0,35,3,798.74,3,4,3,343,Loyal Customers
17704.0,169,2,885.19,2,3,3,233,At Risk / Churning
17705.0,3,9,1823.52,5,5,4,554,Champions
17706.0,4,17,10504.49,5,5,5,555,Champions
17707.0,185,2,152.4,1,3,1,131,At Risk / Churning
17708.0,188,2,267.08,1,3,2,132,At Risk / Churning
17709.0,170,1,137.45,2,2,1,221,Lost
17711.0,11,2,385.1,5,3,2,532,Loyal Customers
17712.0,45,1,522.91,3,2,3,323,Needs Attention
17714.0,321,1,153.0,1,2,1,121,Lost
17715.0,201,1,326.4,1,2,2,122,Lost
17716.0,23,11,5655.99,4,5,5,455,Champions
17718.0,232,1,139.35,1,2,1,121,Lost
17719.0,38,15,5396.04,3,5,5,355,Loyal Customers
17720.0,26,4,1195.94,4,4,4,444,Champions
17722.0,96,4,2424.04,2,4,5,245,At Risk / Churning
17723.0,127,6,3276.4000000000005,2,5,5,255,At Risk / Churning
17724.0,71,3,1033.0,3,4,4,344,Loyal Customers
17725.0,16,11,3439.08,4,5,5,455,Champions
17727.0,15,1,1060.25,4,2,4,424,New/Promising
17728.0,4,3,2876.01,5,4,5,545,Champions
17730.0,3,13,5298.4800000000005,5,5,5,555,Champions
17731.0,79,4,1240.11,2,4,4,244,At Risk / Churning
17732.0,373,1,303.97,1,2,2,122,Lost
17733.0,39,2,692.19,3,3,3,333,Loyal Customers
17734.0,54,3,700.63,3,4,3,343,Loyal Customers
17735.0,2,19,13110.02,5,5,5,555,Champions
17736.0,9,3,377.44,5,4,2,542,Champions
17737.0,9,2,168.24,5,3,1,531,Loyal Customers
17738.0,19,4,1879.05,4,4,4,444,Champions
17739.0,12,7,2791.35,5,5,5,555,Champions
17742.0,113,2,355.11,2,3,2,232,At Risk / Churning
17744.0,4,6,2322.4,5,5,5,555,Champions
17746.0,240,1,110.25,1,2,1,121,Lost
17747.0,113,1,71.4,2,2,1,221,Lost
17749.0,178,2,674.52,2,3,3,233,At Risk / Churning
17750.0,5,9,1797.57,5,5,4,554,Champions
17752.0,359,1,80.64,1,2,1,121,Lost
17754.0,1,5,1772.26,5,4,4,544,Champions
17757.0,1,30,5605.29,5,5,5,555,Champions
17758.0,19,8,3456.7000000000003,4,5,5,455,Champions
17759.0,17,3,834.99,4,4,3,443,Champions
17760.0,22,2,287.59,4,3,2,432,Loyal Customers
17761.0,33,1,712.78,4,2,3,423,New/Promising
17763.0,263,1,15.0,1,2,1,121,Lost
17764.0,51,2,818.8199999999999,3,3,3,333,Loyal Customers
17765.0,159,3,371.88,2,4,2,242,At Risk / Churning
17767.0,15,1,271.2,4,2,2,422,New/Promising
17768.0,8,3,2273.1800000000003,5,4,5,545,Champions
17769.0,13,10,3997.98,5,5,5,555,Champions
17770.0,199,5,1143.27,1,4,4,144,At Risk / Churning
17771.0,57,2,245.81,3,3,1,331,Loyal Customers
17772.0,11,2,182.77,5,3,1,531,Loyal Customers
17774.0,97,4,1225.41,2,4,4,244,At Risk / Churning
17775.0,255,1,56.4,1,2,1,121,Lost
17777.0,25,3,665.86,4,4,3,443,Champions
17779.0,21,3,658.57,4,4,3,443,Champions
17781.0,159,2,188.02,2,3,1,231,At Risk / Churning
17783.0,72,2,283.47,3,3,2,332,Loyal Customers
17785.0,53,1,131.94,3,2,1,321,Needs Attention
17786.0,85,2,278.74,2,3,2,232,At Risk / Churning
17787.0,153,4,1865.19,2,4,4,244,At Risk / Churning
17788.0,74,2,1117.9,2,3,4,234,At Risk / Churning
17789.0,281,1,225.9,1,2,1,121,Lost
17790.0,27,14,1965.55,4,5,4,454,Champions
17791.0,30,1,106.1,4,2,1,421,New/Promising
17793.0,25,1,323.04,4,2,2,422,New/Promising
17795.0,180,2,350.39,1,3,2,132,At Risk / Churning
17796.0,40,4,697.9,3,4,3,343,Loyal Customers
17797.0,22,3,780.43,4,4,3,443,Champions
17799.0,22,10,3055.93,4,5,5,455,Champions
17800.0,37,9,1199.01,3,5,4,354,Loyal Customers
17802.0,82,3,1285.04,2,4,4,244,At Risk / Churning
17805.0,74,1,512.31,2,2,3,223,Lost
17806.0,11,1,546.04,5,2,3,523,New/Promising
17809.0,16,12,5411.91,4,5,5,455,Champions
17811.0,4,39,7837.7300000000005,5,5,5,555,Champions
17812.0,13,4,732.16,5,4,3,543,Champions
17813.0,14,5,1770.8799999999999,4,4,4,444,Champions
17816.0,37,4,36.56,3,4,1,341,Loyal Customers
17817.0,4,3,387.68,5,4,2,542,Champions
17819.0,72,7,3704.87,3,5,5,355,Loyal Customers
17824.0,51,1,298.4,3,2,2,322,Needs Attention
17827.0,5,5,1995.46,5,4,4,544,Champions
17828.0,23,4,1820.09,4,4,4,444,Champions
17829.0,299,1,889.24,1,2,3,123,Lost
17830.0,2,3,398.7,5,4,2,542,Champions
17831.0,33,1,35.400000000000006,4,2,1,421,New/Promising
17832.0,50,1,155.37,3,2,1,321,Needs Attention
17835.0,3,3,350.64,5,4,2,542,Champions
17836.0,47,1,110.21000000000001,3,2,1,321,Needs Attention
17837.0,42,8,1593.38,3,5,4,354,Loyal Customers
17838.0,27,5,2779.3,4,4,5,445,Champions
17839.0,42,1,338.8,3,2,2,322,Needs Attention
17841.0,2,124,40991.57,5,5,5,555,Champions
17843.0,303,1,205.48,1,2,1,121,Lost
17844.0,107,1,51.559999999999995,2,2,1,221,Lost
17846.0,85,1,2033.1,2,2,4,224,Lost
17848.0,81,9,901.1999999999999,2,5,3,253,At Risk / Churning
17849.0,218,4,605.8000000000001,1,4,3,143,At Risk / Churning
17850.0,372,34,5391.21,1,5,5,155,At Risk / Churning
17852.0,12,2,114.34,5,3,1,531,Loyal Customers
17854.0,185,2,311.26,1,3,2,132,At Risk / Churning
17855.0,373,1,208.97,1,2,1,121,Lost
17856.0,2,4,1418.03,5,4,4,544,Champions
17857.0,4,23,26879.04,5,5,5,555,Champions
17858.0,6,12,5155.66,5,5,5,555,Champions
17859.0,305,1,148.21,1,2,1,121,Lost
17860.0,369,1,252.8,1,2,2,122,Lost
17861.0,3,8,2100.8,5,5,5,555,Champions
17862.0,324,1,330.9,1,2,2,122,Lost
17863.0,59,6,3160.0,3,5,5,355,Loyal Customers
17864.0,13,3,597.5,5,4,3,543,Champions
17865.0,31,20,10526.32,4,5,5,455,Champions
17866.0,143,1,329.65,2,2,2,222,Lost
17867.0,30,6,1197.1000000000001,4,5,4,454,Champions
17869.0,107,5,428.18,2,4,2,242,At Risk / Churning
17870.0,2,12,1894.35,5,5,4,554,Champions
17871.0,205,1,155.9,1,2,1,121,Lost
17873.0,80,5,1859.16,2,4,4,244,At Risk / Churning
17874.0,185,6,683.46,1,5,3,153,At Risk / Churning
17877.0,170,1,237.61,2,2,1,221,Lost
17878.0,44,1,379.45,3,2,2,322,Needs Attention
17879.0,174,1,178.51999999999998,2,2,1,221,Lost
17880.0,365,1,458.92,1,2,2,122,Lost
17881.0,304,1,133.35000000000002,1,2,1,121,Lost
17883.0,3,4,671.77,5,4,3,543,Champions
17884.0,4,4,717.45,5,4,3,543,Champions
17885.0,12,1,190.19,5,2,1,521,New/Promising
17886.0,32,3,899.61,4,4,3,443,Champions
17887.0,129,1,111.35,2,2,1,221,Lost
17888.0,21,8,726.05,4,5,3,453,Champions
17889.0,212,2,203.87,1,3,1,131,At Risk / Churning
17890.0,323,2,602.09,1,3,3,133,At Risk / Churning
17891.0,162,1,203.85999999999999,2,2,1,221,Lost
17892.0,56,3,244.1,3,4,1,341,Loyal Customers
17893.0,225,1,112.25,1,2,1,121,Lost
17894.0,72,8,1119.81,3,5,4,354,Loyal Customers
17895.0,44,1,98.0,3,2,1,321,Needs Attention
17896.0,23,1,256.32,4,2,2,422,New/Promising
17897.0,173,3,566.6,2,4,3,243,At Risk / Churning
17898.0,85,2,152.06,2,3,1,231,At Risk / Churning
17899.0,159,1,155.8,2,2,1,221,Lost
17900.0,190,2,112.19999999999999,1,3,1,131,At Risk / Churning
17901.0,29,1,110.38,4,2,1,421,New/Promising
17904.0,21,1,191.67,4,2,1,421,New/Promising
17905.0,71,4,800.24,3,4,3,343,Loyal Customers
17906.0,247,1,72.9,1,2,1,121,Lost
17908.0,374,1,243.28,1,2,1,121,Lost
17911.0,9,1,366.23,5,2,2,522,New/Promising
17912.0,310,5,311.01,1,4,2,142,At Risk / Churning
17913.0,59,2,411.6,3,3,2,332,Loyal Customers
17914.0,4,1,336.43,5,2,2,522,New/Promising
17917.0,45,3,341.28,3,4,2,342,Loyal Customers
17919.0,88,1,1304.04,2,2,4,224,Lost
17920.0,4,17,4204.1,5,5,5,555,Champions
17921.0,64,4,826.52,3,4,3,343,Loyal Customers
17923.0,282,1,207.50000000000003,1,2,1,121,Lost
17924.0,12,7,2962.5,5,5,5,555,Champions
17925.0,373,1,244.08,1,2,1,121,Lost
17926.0,133,2,397.29,2,3,2,232,At Risk / Churning
17928.0,45,2,212.54,3,3,1,331,Loyal Customers
17929.0,11,4,843.0,5,4,3,543,Champions
17930.0,36,5,1740.48,3,4,4,344,Loyal Customers
17931.0,134,2,408.36,2,3,2,232,At Risk / Churning
17932.0,29,3,1331.57,4,4,4,444,Champions
17934.0,52,2,704.25,3,3,3,333,Loyal Customers
17935.0,138,2,145.79,2,3,1,231,At Risk / Churning
17936.0,5,1,389.84,5,2,2,522,New/Promising
17937.0,9,7,4301.22,5,5,5,555,Champions
17939.0,160,1,99.14,2,2,1,221,Lost
17940.0,49,10,4106.4400000000005,3,5,5,355,Loyal Customers
17941.0,131,1,304.56,2,2,2,222,Lost
17942.0,8,1,77.50000000000001,5,2,1,521,New/Promising
17946.0,233,2,149.57999999999998,1,3,1,131,At Risk / Churning
17947.0,37,1,176.68,3,2,1,321,Needs Attention
17948.0,147,1,358.56000000000006,2,2,2,222,Lost
17949.0,1,45,58510.48,5,5,5,555,Champions
17950.0,72,3,482.2,3,4,2,342,Loyal Customers
17951.0,40,3,1008.5400000000001,3,4,4,344,Loyal Customers
17954.0,5,12,2332.72,5,5,5,555,Champions
17955.0,199,4,557.3,1,4,3,143,At Risk / Churning
17956.0,249,1,12.75,1,2,1,121,Lost
17957.0,66,1,111.68,3,2,1,321,Needs Attention
17958.0,117,1,508.4599999999999,2,2,3,223,Lost
17960.0,171,1,73.78,2,2,1,221,Lost
17961.0,21,39,1296.44,4,5,4,454,Champions
17962.0,142,1,102.83,2,2,1,221,Lost
17964.0,32,2,471.7,4,3,2,432,Loyal Customers
17965.0,38,14,2622.57,3,5,5,355,Loyal Customers
17966.0,38,5,1098.43,3,4,4,344,Loyal Customers
17967.0,372,1,123.07,1,2,1,121,Lost
17968.0,374,1,277.35,1,2,2,122,Lost
17969.0,166,2,228.2,2,3,1,231,At Risk / Churning
17970.0,211,1,582.59,1,2,3,123,Lost
17972.0,242,1,136.04,1,2,1,121,Lost
17973.0,52,1,337.04,3,2,2,322,Needs Attention
17974.0,25,3,740.79,4,4,3,443,Champions
17975.0,15,13,4488.81,4,5,5,455,Champions
17976.0,372,1,353.19,1,2,2,122,Lost
17977.0,29,1,288.14,4,2,2,422,New/Promising
17978.0,365,1,300.91999999999996,1,2,2,122,Lost
17979.0,36,4,757.71,3,4,3,343,Loyal Customers
17980.0,166,3,811.45,2,4,3,243,At Risk / Churning
17984.0,145,1,152.68,2,2,1,221,Lost
17985.0,22,1,634.95,4,2,3,423,New/Promising
17986.0,56,1,20.8,3,2,1,321,Needs Attention
17987.0,185,1,198.57,1,2,1,121,Lost
17988.0,12,7,201.12,5,5,1,551,Champions
17990.0,237,3,630.84,1,4,3,143,At Risk / Churning
17991.0,225,2,93.35,1,3,1,131,At Risk / Churning
17994.0,122,4,678.49,2,4,3,243,At Risk / Churning
17995.0,282,1,76.1,1,2,1,121,Lost
17997.0,74,8,1970.6699999999998,2,5,4,254,At Risk / Churning
17999.0,37,2,382.06,3,3,2,332,Loyal Customers
18001.0,12,2,417.23,5,3,2,532,Loyal Customers
18004.0,362,1,169.47,1,2,1,121,Lost
18005.0,4,2,249.72,5,3,1,531,Loyal Customers
18006.0,23,1,444.68,4,2,2,422,New/Promising
18008.0,70,9,2116.19,3,5,5,355,Loyal Customers
18009.0,235,1,257.34,1,2,2,122,Lost
18010.0,257,1,174.8,1,2,1,121,Lost
18011.0,373,1,102.78999999999999,1,2,1,121,Lost
18013.0,155,2,187.29,2,3,1,231,At Risk / Churning
18014.0,28,1,166.42,4,2,1,421,New/Promising
18015.0,4,1,120.03,5,2,1,521,New/Promising
18016.0,32,5,1483.56,4,4,4,444,Champions
18017.0,81,3,523.0,2,4,3,243,At Risk / Churning
18018.0,108,2,122.14,2,3,1,231,At Risk / Churning
18019.0,52,1,38.45,3,2,1,321,Needs Attention
18022.0,36,1,668.11,3,2,3,323,Needs Attention
18024.0,153,2,389.78,2,3,2,232,At Risk / Churning
18027.0,99,1,115.31,2,2,1,221,Lost
18030.0,4,2,230.64999999999998,5,3,1,531,Loyal Customers
18032.0,334,1,73.5,1,2,1,121,Lost
18033.0,65,1,97.97,3,2,1,321,Needs Attention
18034.0,22,2,422.88,4,3,2,432,Loyal Customers
18035.0,36,3,730.4,3,4,3,343,Loyal Customers
18036.0,32,3,405.62,4,4,2,442,Champions
18037.0,154,6,70.02,2,5,1,251,At Risk / Churning
18040.0,19,2,357.20000000000005,4,3,2,432,Loyal Customers
18041.0,12,21,4183.39,5,5,5,555,Champions
18042.0,54,1,165.04999999999998,3,2,1,321,Needs Attention
18043.0,25,3,559.51,4,4,3,443,Champions
18044.0,4,10,2088.6,5,5,5,555,Champions
18045.0,45,1,189.4,3,2,1,321,Needs Attention
18048.0,203,2,172.29000000000002,1,3,1,131,At Risk / Churning
18050.0,359,1,74.4,1,2,1,121,Lost
18053.0,71,1,300.02,3,2,2,322,Needs Attention
18055.0,7,10,6784.1900000000005,5,5,5,555,Champions
18056.0,288,1,363.65,1,2,2,122,Lost
18058.0,10,1,170.16,5,2,1,521,New/Promising
18059.0,23,3,306.46,4,4,2,442,Champions
18061.0,22,10,2119.41,4,5,5,455,Champions
18062.0,173,3,720.52,2,4,3,243,At Risk / Churning
18064.0,133,2,814.0,2,3,3,233,At Risk / Churning
18065.0,6,14,2392.83,5,5,5,555,Champions
18066.0,75,1,318.0,2,2,2,222,Lost
18067.0,40,1,396.33,3,2,2,322,Needs Attention
18068.0,289,1,101.69999999999999,1,2,1,121,Lost
18069.0,26,5,2036.67,4,4,4,444,Champions
18071.0,258,2,453.0,1,3,2,132,At Risk / Churning
18072.0,186,1,247.44,1,2,1,121,Lost
18073.0,114,12,3877.5200000000004,2,5,5,255,At Risk / Churning
18074.0,374,1,489.6,1,2,2,122,Lost
18075.0,23,10,2611.75,4,5,5,455,Champions
18077.0,8,11,2633.0099999999998,5,5,5,555,Champions
18078.0,217,2,336.13,1,3,2,132,At Risk / Churning
18079.0,45,4,3651.97,3,4,5,345,Loyal Customers
18080.0,19,2,1231.5,4,3,4,434,Loyal Customers
18081.0,36,3,343.45,3,4,2,342,Loyal Customers
18082.0,26,1,703.37,4,2,3,423,New/Promising
18084.0,16,1,90.47999999999999,4,2,1,421,New/Promising
18085.0,330,2,689.95,1,3,3,133,At Risk / Churning
18086.0,274,1,101.34,1,2,1,121,Lost
18087.0,98,2,4055.7199999999993,2,3,5,235,At Risk / Churning
18088.0,61,1,167.67000000000002,3,2,1,321,Needs Attention
18092.0,2,11,9068.26,5,5,5,555,Champions
18093.0,93,4,2106.52,2,4,5,245,At Risk / Churning
18094.0,82,7,3017.3,2,5,5,255,At Risk / Churning
18095.0,313,2,580.0500000000001,1,3,3,133,At Risk / Churning
18096.0,12,3,911.15,5,4,3,543,Champions
18097.0,8,6,2697.8,5,5,5,555,Champions
18099.0,127,1,168.31,2,2,1,221,Lost
18101.0,11,2,223.65,5,3,1,531,Loyal Customers
18102.0,1,60,259657.3,5,5,5,555,Champions
18104.0,37,1,754.64,3,2,3,323,Needs Attention
18105.0,38,1,113.48000000000002,3,2,1,321,Needs Attention
18106.0,330,1,430.7,1,2,2,122,Lost
18108.0,254,1,271.0,1,2,2,122,Lost
18109.0,2,26,8052.97,5,5,5,555,Champions
18110.0,20,1,236.3,4,2,1,421,New/Promising
18112.0,12,2,352.69,5,3,2,532,Loyal Customers
18113.0,369,1,76.32000000000001,1,2,1,121,Lost
18114.0,290,1,220.1,1,2,1,121,Lost
18116.0,68,8,1418.03,3,5,4,354,Loyal Customers
18117.0,26,1,320.72,4,2,2,422,New/Promising
18118.0,11,26,5653.82,5,5,5,555,Champions
18119.0,368,1,181.12,1,2,1,121,Lost
18120.0,214,1,111.15,1,2,1,121,Lost
18121.0,149,2,673.1,2,3,3,233,At Risk / Churning
18122.0,8,6,1826.21,5,5,4,554,Champions
18123.0,24,2,589.4399999999999,4,3,3,433,Loyal Customers
18125.0,30,4,1142.99,4,4,4,444,Champions
18126.0,61,1,206.82999999999998,3,2,1,321,Needs Attention
18127.0,19,3,348.73,4,4,2,442,Champions
18129.0,243,1,112.55000000000001,1,2,1,121,Lost
18130.0,15,3,1059.39,4,4,4,444,Champions
18133.0,212,1,931.4999999999999,1,2,3,123,Lost
18135.0,29,5,681.9100000000001,4,4,3,443,Champions
18136.0,63,3,784.33,3,4,3,343,Loyal Customers
18138.0,295,1,152.65,1,2,1,121,Lost
18139.0,18,6,8438.34,4,5,5,455,Champions
18142.0,157,2,1019.52,2,3,4,234,At Risk / Churning
18143.0,117,2,1000.16,2,3,4,234,At Risk / Churning
18144.0,8,12,2888.75,5,5,5,555,Champions
18145.0,13,4,2861.55,5,4,5,545,Champions
18146.0,141,2,160.35000000000002,2,3,1,231,At Risk / Churning
18147.0,46,2,179.33999999999997,3,3,1,331,Loyal Customers
18149.0,51,3,612.0799999999999,3,4,3,343,Loyal Customers
18150.0,32,3,566.58,4,4,3,443,Champions
18151.0,135,2,653.35,2,3,3,233,At Risk / Churning
18154.0,3,2,399.19,5,3,2,532,Loyal Customers
18155.0,75,3,371.62,2,4,2,242,At Risk / Churning
18156.0,13,2,734.94,5,3,3,533,Loyal Customers
18158.0,9,2,453.4,5,3,2,532,Loyal Customers
18159.0,301,1,530.15,1,2,3,123,Lost
18160.0,57,2,638.0600000000001,3,3,3,333,Loyal Customers
18161.0,15,5,1618.69,4,4,4,444,Champions
18164.0,37,1,399.65000000000003,3,2,2,322,Needs Attention
18165.0,177,1,302.46000000000004,2,2,2,222,Lost
18167.0,23,3,1384.8600000000001,4,4,4,444,Champions
18168.0,176,6,1169.94,2,5,4,254,At Risk / Churning
18169.0,61,1,202.65,3,2,1,321,Needs Attention
18170.0,33,3,980.31,4,4,4,444,Champions
18171.0,59,5,1231.31,3,4,4,344,Loyal Customers
18172.0,15,20,7561.68,4,5,5,455,Champions
18173.0,87,4,2106.84,2,4,5,245,At Risk / Churning
18174.0,7,1,104.0,5,2,1,521,New/Promising
18176.0,358,1,476.35,1,2,2,122,Lost
18177.0,31,6,1341.42,4,5,4,454,Champions
18178.0,129,4,1590.81,2,4,4,244,At Risk / Churning
18179.0,9,6,1793.17,5,5,4,554,Champions
18180.0,5,6,1843.75,5,5,4,554,Champions
18181.0,24,1,382.8,4,2,2,422,New/Promising
18183.0,227,2,632.07,1,3,3,133,At Risk / Churning
18184.0,15,1,49.8,4,2,1,421,New/Promising
18185.0,249,1,304.25,1,2,2,122,Lost
18188.0,15,3,2001.04,4,4,4,444,Champions
18189.0,78,2,1090.24,2,3,4,234,At Risk / Churning
18190.0,192,2,284.46000000000004,1,3,2,132,At Risk / Churning
18191.0,262,1,207.79999999999998,1,2,1,121,Lost
18192.0,72,1,957.97,3,2,4,324,Needs Attention
18193.0,165,1,243.76,2,2,1,221,Lost
18194.0,82,1,973.8399999999999,2,2,4,224,Lost
18196.0,95,2,689.13,2,3,3,233,At Risk / Churning
18198.0,4,17,5425.56,5,5,5,555,Champions
18200.0,106,1,163.8,2,2,1,221,Lost
18202.0,200,3,1396.99,1,4,4,144,At Risk / Churning
18203.0,157,1,160.42000000000002,2,2,1,221,Lost
18204.0,71,3,1993.7,3,4,4,344,Loyal Customers
18205.0,36,2,517.36,3,3,3,333,Loyal Customers
18209.0,29,1,139.10000000000002,4,2,1,421,New/Promising
18210.0,2,6,2621.38,5,5,5,555,Champions
18211.0,26,5,600.07,4,4,3,443,Champions
18212.0,326,1,248.42,1,2,1,121,Lost
18213.0,237,1,232.48000000000002,1,2,1,121,Lost
18215.0,89,1,299.34000000000003,2,2,2,222,Lost
18216.0,31,1,481.75,4,2,2,422,New/Promising
18217.0,29,2,621.75,4,3,3,433,Loyal Customers
18218.0,211,2,662.08,1,3,3,133,At Risk / Churning
18219.0,3,10,2069.77,5,5,5,555,Champions
18220.0,227,1,305.28000000000003,1,2,2,122,Lost
18221.0,22,5,1041.61,4,4,4,444,Champions
18222.0,93,1,443.0,2,2,2,222,Lost
18223.0,5,14,6484.54,5,5,5,555,Champions
18224.0,264,1,158.95000000000002,1,2,1,121,Lost
18225.0,3,12,5509.12,5,5,5,555,Champions
18226.0,44,11,5228.05,3,5,5,355,Loyal Customers
18227.0,218,1,93.75,1,2,1,121,Lost
18228.0,57,2,779.9,3,3,3,333,Loyal Customers
18229.0,12,20,7276.900000000001,5,5,5,555,Champions
18230.0,9,7,2810.2000000000003,5,5,5,555,Champions
18231.0,192,5,2083.27,1,4,5,145,At Risk / Churning
18232.0,82,4,592.97,2,4,3,243,At Risk / Churning
18233.0,326,1,440.0,1,2,2,122,Lost
18235.0,72,3,1796.48,3,4,4,344,Loyal Customers
18236.0,30,6,882.24,4,5,3,453,Champions
18237.0,3,5,987.1,5,4,4,544,Champions
18239.0,219,5,1561.6100000000001,1,4,4,144,At Risk / Churning
18240.0,46,1,422.58,3,2,2,322,Needs Attention
18241.0,10,17,2073.09,5,5,5,555,Champions
18242.0,72,4,2232.4900000000002,3,4,5,345,Loyal Customers
18245.0,7,7,2567.06,5,5,5,555,Champions
18246.0,24,2,596.1,4,3,3,433,Loyal Customers
18248.0,123,2,804.02,2,3,3,233,At Risk / Churning
18249.0,17,1,95.34,4,2,1,421,New/Promising
18250.0,310,1,349.27,1,2,2,122,Lost
18251.0,87,1,4314.72,2,2,5,225,Lost
18252.0,51,2,526.67,3,3,3,333,Loyal Customers
18255.0,89,1,103.3,2,2,1,221,Lost
18257.0,39,8,2337.63,3,5,5,355,Loyal Customers
18259.0,25,3,2338.6000000000004,4,4,5,445,Champions
18260.0,173,6,2643.2000000000003,2,5,5,255,At Risk / Churning
18261.0,43,2,324.24,3,3,2,332,Loyal Customers
18262.0,140,1,149.48,2,2,1,221,Lost
18263.0,26,3,1213.1599999999999,4,4,4,444,Champions
18265.0,72,2,801.51,3,3,3,333,Loyal Customers
18268.0,134,1,25.5,2,2,1,221,Lost
18269.0,366,1,168.6,1,2,1,121,Lost
18270.0,38,2,283.15,3,3,2,332,Loyal Customers
18272.0,3,6,3078.58,5,5,5,555,Champions
18273.0,2,3,204.0,5,4,1,541,Champions
18274.0,30,1,175.92,4,2,1,421,New/Promising
18276.0,44,1,335.86,3,2,2,322,Needs Attention
18277.0,58,1,110.38,3,2,1,321,Needs Attention
18278.0,74,1,173.9,2,2,1,221,Lost
18280.0,278,1,180.60000000000002,1,2,1,121,Lost
18281.0,181,1,80.82,1,2,1,121,Lost
18282.0,8,2,178.05,5,3,1,531,Loyal Customers
18283.0,4,16,2094.88,5,5,5,555,Champions
18287.0,43,3,1837.28,3,4,4,344,Loyal Customers
